/*
 Navicat Premium Data Transfer

 Source Server         : mysql
 Source Server Type    : MySQL
 Source Server Version : 80021
 Source Host           : localhost:3306
 Source Schema         : db_warehouse

 Target Server Type    : MySQL
 Target Server Version : 80021
 File Encoding         : 65001

 Date: 14/11/2023 09:59:29
*/

SET NAMES utf8mb4;
SET FOREIGN_KEY_CHECKS = 0;

-- ----------------------------
-- Table structure for act_evt_log
-- ----------------------------
DROP TABLE IF EXISTS `act_evt_log`;
CREATE TABLE `act_evt_log`  (
  `LOG_NR_` bigint NOT NULL AUTO_INCREMENT,
  `TYPE_` varchar(64) CHARACTER SET utf8 COLLATE utf8_bin NULL DEFAULT NULL,
  `PROC_DEF_ID_` varchar(64) CHARACTER SET utf8 COLLATE utf8_bin NULL DEFAULT NULL,
  `PROC_INST_ID_` varchar(64) CHARACTER SET utf8 COLLATE utf8_bin NULL DEFAULT NULL,
  `EXECUTION_ID_` varchar(64) CHARACTER SET utf8 COLLATE utf8_bin NULL DEFAULT NULL,
  `TASK_ID_` varchar(64) CHARACTER SET utf8 COLLATE utf8_bin NULL DEFAULT NULL,
  `TIME_STAMP_` timestamp(3) NOT NULL,
  `USER_ID_` varchar(255) CHARACTER SET utf8 COLLATE utf8_bin NULL DEFAULT NULL,
  `DATA_` longblob NULL,
  `LOCK_OWNER_` varchar(255) CHARACTER SET utf8 COLLATE utf8_bin NULL DEFAULT NULL,
  `LOCK_TIME_` timestamp(3) NULL DEFAULT NULL,
  `IS_PROCESSED_` tinyint NULL DEFAULT 0,
  PRIMARY KEY (`LOG_NR_`) USING BTREE
) ENGINE = InnoDB CHARACTER SET = utf8 COLLATE = utf8_bin ROW_FORMAT = Dynamic;

-- ----------------------------
-- Records of act_evt_log
-- ----------------------------

-- ----------------------------
-- Table structure for act_ge_bytearray
-- ----------------------------
DROP TABLE IF EXISTS `act_ge_bytearray`;
CREATE TABLE `act_ge_bytearray`  (
  `ID_` varchar(64) CHARACTER SET utf8 COLLATE utf8_bin NOT NULL,
  `REV_` int NULL DEFAULT NULL,
  `NAME_` varchar(255) CHARACTER SET utf8 COLLATE utf8_bin NULL DEFAULT NULL,
  `DEPLOYMENT_ID_` varchar(64) CHARACTER SET utf8 COLLATE utf8_bin NULL DEFAULT NULL,
  `BYTES_` longblob NULL,
  `GENERATED_` tinyint NULL DEFAULT NULL,
  PRIMARY KEY (`ID_`) USING BTREE,
  INDEX `ACT_FK_BYTEARR_DEPL`(`DEPLOYMENT_ID_` ASC) USING BTREE,
  CONSTRAINT `ACT_FK_BYTEARR_DEPL` FOREIGN KEY (`DEPLOYMENT_ID_`) REFERENCES `act_re_deployment` (`ID_`) ON DELETE RESTRICT ON UPDATE RESTRICT
) ENGINE = InnoDB CHARACTER SET = utf8 COLLATE = utf8_bin ROW_FORMAT = Dynamic;

-- ----------------------------
-- Records of act_ge_bytearray
-- ----------------------------
INSERT INTO `act_ge_bytearray` VALUES ('9a804b53-828e-11ee-9548-48a47209a1e7', 1, 'D:\\project\\warehouse\\warehouse-backend\\target\\classes\\processes\\flowv1.bpmn20.xml', '9a804b52-828e-11ee-9548-48a47209a1e7', 0x3C3F786D6C2076657273696F6E3D22312E302220656E636F64696E673D225554462D38223F3E0D0A3C646566696E6974696F6E7320786D6C6E733D22687474703A2F2F7777772E6F6D672E6F72672F737065632F42504D4E2F32303130303532342F4D4F44454C2220786D6C6E733A7873693D22687474703A2F2F7777772E77332E6F72672F323030312F584D4C536368656D612D696E7374616E63652220786D6C6E733A7873643D22687474703A2F2F7777772E77332E6F72672F323030312F584D4C536368656D612220786D6C6E733A61637469766974693D22687474703A2F2F61637469766974692E6F72672F62706D6E2220786D6C6E733A62706D6E64693D22687474703A2F2F7777772E6F6D672E6F72672F737065632F42504D4E2F32303130303532342F44492220786D6C6E733A6F6D6764633D22687474703A2F2F7777772E6F6D672E6F72672F737065632F44442F32303130303532342F44432220786D6C6E733A6F6D6764693D22687474703A2F2F7777772E6F6D672E6F72672F737065632F44442F32303130303532342F44492220747970654C616E67756167653D22687474703A2F2F7777772E77332E6F72672F323030312F584D4C536368656D61222065787072657373696F6E4C616E67756167653D22687474703A2F2F7777772E77332E6F72672F313939392F585061746822207461726765744E616D6573706163653D22687474703A2F2F7777772E61637469766974692E6F72672F70726F63657373646566223E0D0A20203C70726F636573732069643D22666C6F77763122206E616D653D22666C6F7776312220697345786563757461626C653D2274727565223E0D0A202020203C73746172744576656E742069643D227369642D37653138333930392D333636622D343661312D623733312D633335306361353238343761222F3E0D0A202020203C757365725461736B2069643D227369642D303122206E616D653D22E5889BE5BBBAE59088E5908C222061637469766974693A61737369676E65653D2273746174696F6E5F6D6173746572222F3E0D0A202020203C73657175656E6365466C6F772069643D227369642D33313265643231322D336563642D343139312D383632352D6265616634646536643331372220736F757263655265663D227369642D37653138333930392D333636622D343661312D623733312D63333530636135323834376122207461726765745265663D227369642D3031222F3E0D0A202020203C757365725461736B2069643D227369642D303222206E616D653D22E59088E5908CE7A1AEE8AEA4222061637469766974693A61737369676E65653D227375707065725F6D616E616765222F3E0D0A202020203C757365725461736B2069643D227369642D303322206E616D653D22E98787E8B4ADE5889BE5BBBA222061637469766974693A61737369676E65653D2270757263686173655F6D616E222F3E0D0A202020203C757365725461736B2069643D227369642D303422206E616D653D22E98787E8B4ADE5AEA1E689B9222061637469766974693A61737369676E65653D227375707065725F6D616E616765222F3E0D0A202020203C757365725461736B2069643D227369642D303522206E616D653D22E98787E8B4ADE5AE8CE68890222061637469766974693A61737369676E65653D2270757263686173655F6D616E222F3E0D0A202020203C757365725461736B2069643D227369642D303622206E616D653D22E585A5E5BA93E7A1AEE8AEA4222061637469766974693A61737369676E65653D22696E5F73746F7265222F3E0D0A202020203C757365725461736B2069643D227369642D303722206E616D653D22E7949FE4BAA7E5AE8CE68890222061637469766974693A61737369676E65653D227375707065725F6D616E616765222F3E0D0A202020203C757365725461736B2069643D227369642D303922206E616D653D22E587BAE5BA93E7A1AEE8AEA4222061637469766974693A61737369676E65653D226F75745F73746F7265222F3E0D0A202020203C757365725461736B2069643D227369642D313022206E616D653D22E7BB93E7AE97E7A1AEE8AEA4222061637469766974693A61737369676E65653D227375707065725F6D616E616765222F3E0D0A202020203C656E644576656E742069643D227369642D32623163633966372D636431352D343330632D613936652D316466316635323838383336222F3E0D0A202020203C73657175656E6365466C6F772069643D227369642D34333432626430652D613030332D346539302D383032332D6561356139643732333230332220736F757263655265663D227369642D303122207461726765745265663D227369642D3032222F3E0D0A202020203C6578636C7573697665476174657761792069643D227369642D32376639333532342D626564342D346339612D616230322D316435323363623439383037222F3E0D0A202020203C73657175656E6365466C6F772069643D227369642D63653339393533622D336565332D343137332D613735642D3832666165386335333930332220736F757263655265663D227369642D303222207461726765745265663D227369642D32376639333532342D626564342D346339612D616230322D316435323363623439383037222F3E0D0A202020203C73657175656E6365466C6F772069643D227369642D39356131336465332D613463322D346635662D626431312D6239343637613837356164632220736F757263655265663D227369642D32376639333532342D626564342D346339612D616230322D31643532336362343938303722207461726765745265663D227369642D303322206E616D653D22E78AB6E68081E4B8BA31EFBC8CE99C80E8A681E98787E8B4AD223E0D0A2020202020203C636F6E646974696F6E45787072657373696F6E207873693A747970653D2274466F726D616C45787072657373696F6E223E247B7374617475732667743B307D3C2F636F6E646974696F6E45787072657373696F6E3E0D0A202020203C2F73657175656E6365466C6F773E0D0A202020203C73657175656E6365466C6F772069643D227369642D63643965316238612D623934652D343932382D616130302D3832383564613934643031302220736F757263655265663D227369642D32376639333532342D626564342D346339612D616230322D31643532336362343938303722207461726765745265663D227369642D303722206E616D653D22E78AB6E68081E4B8BA30EFBC8CE697A0E99C80E98787E8B4AD223E0D0A2020202020203C636F6E646974696F6E45787072657373696F6E207873693A747970653D2274466F726D616C45787072657373696F6E223E247B737461747573266C743B317D3C2F636F6E646974696F6E45787072657373696F6E3E0D0A202020203C2F73657175656E6365466C6F773E0D0A202020203C73657175656E6365466C6F772069643D227369642D39393863613537612D643637662D343336612D383634382D3433386237333631393266632220736F757263655265663D227369642D303722207461726765745265663D227369642D3039222F3E0D0A202020203C73657175656E6365466C6F772069643D227369642D63626261613866382D653036652D343665632D396364302D3938363231386464623834352220736F757263655265663D227369642D303922207461726765745265663D227369642D3130222F3E0D0A202020203C73657175656E6365466C6F772069643D227369642D61313064616562642D633136392D343934302D393036322D3035653232306465663639362220736F757263655265663D227369642D313022207461726765745265663D227369642D32623163633966372D636431352D343330632D613936652D316466316635323838383336222F3E0D0A202020203C73657175656E6365466C6F772069643D227369642D32336332366164622D666138612D346631372D613663352D3462303135383363333138382220736F757263655265663D227369642D303622207461726765745265663D227369642D3037222F3E0D0A202020203C73657175656E6365466C6F772069643D227369642D36373666373464352D366437312D343139612D383832392D6437343963646162633331392220736F757263655265663D227369642D303322207461726765745265663D227369642D3034222F3E0D0A202020203C73657175656E6365466C6F772069643D227369642D30333765313333652D366138362D343966622D383166302D6530643338663934626261392220736F757263655265663D227369642D303422207461726765745265663D227369642D3035222F3E0D0A202020203C73657175656E6365466C6F772069643D227369642D32626336336362302D633861382D343331352D616534322D3465373530313566393039322220736F757263655265663D227369642D303522207461726765745265663D227369642D3036222F3E0D0A20203C2F70726F636573733E0D0A20203C62706D6E64693A42504D4E4469616772616D2069643D2242504D4E4469616772616D5F666C6F777631223E0D0A202020203C62706D6E64693A42504D4E506C616E652062706D6E456C656D656E743D22666C6F777631222069643D2242504D4E506C616E655F666C6F777631223E0D0A2020202020203C62706D6E64693A42504D4E53686170652069643D2273686170652D64323830633438392D356632632D346366382D626339362D326337363265613661333837222062706D6E456C656D656E743D227369642D37653138333930392D333636622D343661312D623733312D633335306361353238343761223E0D0A20202020202020203C6F6D6764633A426F756E647320783D2238352E302220793D222D38302E30222077696474683D2233302E3022206865696768743D2233302E30222F3E0D0A2020202020203C2F62706D6E64693A42504D4E53686170653E0D0A2020202020203C62706D6E64693A42504D4E53686170652069643D2273686170652D36643432343839312D353031312D343439642D386165362D636664393138376632633365222062706D6E456C656D656E743D227369642D3031223E0D0A20202020202020203C6F6D6764633A426F756E647320783D2235302E302220793D222D392E393939393938222077696474683D223130302E3022206865696768743D2238302E30222F3E0D0A2020202020203C2F62706D6E64693A42504D4E53686170653E0D0A2020202020203C62706D6E64693A42504D4E456467652069643D22656467652D30653235376334662D623732662D346235662D613263362D393531383861336336383261222062706D6E456C656D656E743D227369642D33313265643231322D336563642D343139312D383632352D626561663464653664333137223E0D0A20202020202020203C6F6D6764693A776179706F696E7420783D223130302E302220793D222D35302E30222F3E0D0A20202020202020203C6F6D6764693A776179706F696E7420783D223130302E302220793D222D392E393939393938222F3E0D0A2020202020203C2F62706D6E64693A42504D4E456467653E0D0A2020202020203C62706D6E64693A42504D4E53686170652069643D2273686170652D66373664633639652D373134312D343239652D383762652D343164323830396535363331222062706D6E456C656D656E743D227369642D3032223E0D0A20202020202020203C6F6D6764633A426F756E647320783D2235302E3030303030382220793D223130302E30222077696474683D223130302E3022206865696768743D2238302E30222F3E0D0A2020202020203C2F62706D6E64693A42504D4E53686170653E0D0A2020202020203C62706D6E64693A42504D4E53686170652069643D2273686170652D38613262623962652D636364382D343238342D393939622D646138383464336263373436222062706D6E456C656D656E743D227369642D3033223E0D0A20202020202020203C6F6D6764633A426F756E647320783D223233302E302220793D223238352E30222077696474683D223130302E3022206865696768743D2238302E30222F3E0D0A2020202020203C2F62706D6E64693A42504D4E53686170653E0D0A2020202020203C62706D6E64693A42504D4E53686170652069643D2273686170652D36623362393236622D356362382D343335342D393462362D393531393730363261636265222062706D6E456C656D656E743D227369642D3034223E0D0A20202020202020203C6F6D6764633A426F756E647320783D223233302E302220793D223430302E30222077696474683D223130302E3022206865696768743D2238302E30222F3E0D0A2020202020203C2F62706D6E64693A42504D4E53686170653E0D0A2020202020203C62706D6E64693A42504D4E53686170652069643D2273686170652D33316365353732342D316133662D343366362D626430392D356137363830386462646137222062706D6E456C656D656E743D227369642D3035223E0D0A20202020202020203C6F6D6764633A426F756E647320783D223233302E302220793D223533352E30222077696474683D223130302E3022206865696768743D2238302E30222F3E0D0A2020202020203C2F62706D6E64693A42504D4E53686170653E0D0A2020202020203C62706D6E64693A42504D4E53686170652069643D2273686170652D63663965323861352D373132622D343332302D616238372D643937653237666363396633222062706D6E456C656D656E743D227369642D3036223E0D0A20202020202020203C6F6D6764633A426F756E647320783D223233302E302220793D223637302E30222077696474683D223130302E3022206865696768743D2238302E30222F3E0D0A2020202020203C2F62706D6E64693A42504D4E53686170653E0D0A2020202020203C62706D6E64693A42504D4E53686170652069643D2273686170652D64633436363330642D633962632D343362642D383636352D343038613734623465623937222062706D6E456C656D656E743D227369642D3037223E0D0A20202020202020203C6F6D6764633A426F756E647320783D2235302E302220793D223634352E30222077696474683D223130302E3022206865696768743D2238302E30222F3E0D0A2020202020203C2F62706D6E64693A42504D4E53686170653E0D0A2020202020203C62706D6E64693A42504D4E53686170652069643D2273686170652D37663237613337332D313338362D343839382D383761652D666662323130656237376537222062706D6E456C656D656E743D227369642D3039223E0D0A20202020202020203C6F6D6764633A426F756E647320783D2235302E302220793D223737352E30222077696474683D223130302E3022206865696768743D2238302E30222F3E0D0A2020202020203C2F62706D6E64693A42504D4E53686170653E0D0A2020202020203C62706D6E64693A42504D4E53686170652069643D227369642D33376233343365352D633438382D343132622D393862302D323565323963353266383931222062706D6E456C656D656E743D227369642D3130223E0D0A20202020202020203C6F6D6764633A426F756E647320783D2235302E3030303030382220793D223930382E30363439222077696474683D223130302E3022206865696768743D2238302E30222F3E0D0A2020202020203C2F62706D6E64693A42504D4E53686170653E0D0A2020202020203C62706D6E64693A42504D4E53686170652069643D2273686170652D33356634366666642D376165342D343934332D383337302D333533363736343961666139222062706D6E456C656D656E743D227369642D32623163633966372D636431352D343330632D613936652D316466316635323838383336223E0D0A20202020202020203C6F6D6764633A426F756E647320783D2238352E302220793D22313033302E30222077696474683D2233302E3022206865696768743D2233302E30222F3E0D0A2020202020203C2F62706D6E64693A42504D4E53686170653E0D0A2020202020203C62706D6E64693A42504D4E456467652069643D22656467652D66626562326338352D386162302D346639332D386336392D316161376262316437383730222062706D6E456C656D656E743D227369642D34333432626430652D613030332D346539302D383032332D656135613964373233323033223E0D0A20202020202020203C6F6D6764693A776179706F696E7420783D223130302E302220793D2237302E30222F3E0D0A20202020202020203C6F6D6764693A776179706F696E7420783D223130302E30303030312220793D223130302E30222F3E0D0A2020202020203C2F62706D6E64693A42504D4E456467653E0D0A2020202020203C62706D6E64693A42504D4E53686170652069643D2273686170652D66366432633831352D343832332D343333352D616434392D323533353931306334646130222062706D6E456C656D656E743D227369642D32376639333532342D626564342D346339612D616230322D316435323363623439383037223E0D0A20202020202020203C6F6D6764633A426F756E647320783D2238302E30303030312220793D223233302E30222077696474683D2234302E3022206865696768743D2234302E30222F3E0D0A2020202020203C2F62706D6E64693A42504D4E53686170653E0D0A2020202020203C62706D6E64693A42504D4E456467652069643D22656467652D36633264373739342D376262662D343237652D396132352D346235323064303634613966222062706D6E456C656D656E743D227369642D63653339393533622D336565332D343137332D613735642D383266616538633533393033223E0D0A20202020202020203C6F6D6764693A776179706F696E7420783D223130302E30303030312220793D223138302E30222F3E0D0A20202020202020203C6F6D6764693A776179706F696E7420783D223130302E30303030312220793D223233302E30222F3E0D0A2020202020203C2F62706D6E64693A42504D4E456467653E0D0A2020202020203C62706D6E64693A42504D4E456467652069643D22656467652D35646230326437332D393132642D343261312D393761362D373939336666636139633637222062706D6E456C656D656E743D227369642D39356131336465332D613463322D346635662D626431312D623934363761383735616463223E0D0A20202020202020203C6F6D6764693A776179706F696E7420783D223132302E30303030312220793D223235302E30222F3E0D0A20202020202020203C6F6D6764693A776179706F696E7420783D223233302E302220793D223330352E30222F3E0D0A2020202020203C2F62706D6E64693A42504D4E456467653E0D0A2020202020203C62706D6E64693A42504D4E456467652069643D22656467652D39336438353637302D316132382D343030322D623838342D303539396232313466663337222062706D6E456C656D656E743D227369642D63643965316238612D623934652D343932382D616130302D383238356461393464303130223E0D0A20202020202020203C6F6D6764693A776179706F696E7420783D223130302E30303030312220793D223237302E30222F3E0D0A20202020202020203C6F6D6764693A776179706F696E7420783D223130302E302220793D223634352E30222F3E0D0A2020202020203C2F62706D6E64693A42504D4E456467653E0D0A2020202020203C62706D6E64693A42504D4E456467652069643D22656467652D33616663306438632D326438372D346661302D383636362D353730346633313134643162222062706D6E456C656D656E743D227369642D39393863613537612D643637662D343336612D383634382D343338623733363139326663223E0D0A20202020202020203C6F6D6764693A776179706F696E7420783D223130302E302220793D223732352E30222F3E0D0A20202020202020203C6F6D6764693A776179706F696E7420783D223130302E302220793D223737352E30222F3E0D0A2020202020203C2F62706D6E64693A42504D4E456467653E0D0A2020202020203C62706D6E64693A42504D4E456467652069643D22656467652D37343738623563372D633663322D346136652D383561342D316434363731393339326566222062706D6E456C656D656E743D227369642D63626261613866382D653036652D343665632D396364302D393836323138646462383435223E0D0A20202020202020203C6F6D6764693A776179706F696E7420783D223130302E302220793D223835352E30222F3E0D0A20202020202020203C6F6D6764693A776179706F696E7420783D223130302E30303030312220793D223930382E30363439222F3E0D0A2020202020203C2F62706D6E64693A42504D4E456467653E0D0A2020202020203C62706D6E64693A42504D4E456467652069643D22656467652D34306666323438652D313532372D343363322D623862352D303539306166636666376131222062706D6E456C656D656E743D227369642D61313064616562642D633136392D343934302D393036322D303565323230646566363936223E0D0A20202020202020203C6F6D6764693A776179706F696E7420783D223130302E30303030312220793D223938382E30363439222F3E0D0A20202020202020203C6F6D6764693A776179706F696E7420783D223130302E302220793D22313033302E30222F3E0D0A2020202020203C2F62706D6E64693A42504D4E456467653E0D0A2020202020203C62706D6E64693A42504D4E456467652069643D22656467652D30363832656564342D323832302D346565322D393931382D333633373630633962663238222062706D6E456C656D656E743D227369642D32336332366164622D666138612D346631372D613663352D346230313538336333313838223E0D0A20202020202020203C6F6D6764693A776179706F696E7420783D223233302E302220793D223731302E30222F3E0D0A20202020202020203C6F6D6764693A776179706F696E7420783D223135302E302220793D223730352E30222F3E0D0A2020202020203C2F62706D6E64693A42504D4E456467653E0D0A2020202020203C62706D6E64693A42504D4E456467652069643D22656467652D62316137616465322D663138352D346434332D623033622D303932666230306330663533222062706D6E456C656D656E743D227369642D36373666373464352D366437312D343139612D383832392D643734396364616263333139223E0D0A20202020202020203C6F6D6764693A776179706F696E7420783D223238302E302220793D223336352E30222F3E0D0A20202020202020203C6F6D6764693A776179706F696E7420783D223238302E302220793D223430302E30222F3E0D0A2020202020203C2F62706D6E64693A42504D4E456467653E0D0A2020202020203C62706D6E64693A42504D4E456467652069643D22656467652D33373436613763632D343361322D346364362D386336342D343662326364613233643863222062706D6E456C656D656E743D227369642D30333765313333652D366138362D343966622D383166302D653064333866393462626139223E0D0A20202020202020203C6F6D6764693A776179706F696E7420783D223238302E302220793D223438302E30222F3E0D0A20202020202020203C6F6D6764693A776179706F696E7420783D223238302E302220793D223533352E30222F3E0D0A2020202020203C2F62706D6E64693A42504D4E456467653E0D0A2020202020203C62706D6E64693A42504D4E456467652069643D22656467652D32333638383062382D636463392D343664622D623565612D353831326535316561343130222062706D6E456C656D656E743D227369642D32626336336362302D633861382D343331352D616534322D346537353031356639303932223E0D0A20202020202020203C6F6D6764693A776179706F696E7420783D223238302E302220793D223631352E30222F3E0D0A20202020202020203C6F6D6764693A776179706F696E7420783D223238302E302220793D223637302E30222F3E0D0A2020202020203C2F62706D6E64693A42504D4E456467653E0D0A202020203C2F62706D6E64693A42504D4E506C616E653E0D0A20203C2F62706D6E64693A42504D4E4469616772616D3E0D0A3C2F646566696E6974696F6E733E0D0A, 0);
INSERT INTO `act_ge_bytearray` VALUES ('9a807264-828e-11ee-9548-48a47209a1e7', 1, 'D:\\project\\warehouse\\warehouse-backend\\target\\classes\\processes\\flowv2.bpmn20.xml', '9a804b52-828e-11ee-9548-48a47209a1e7', 0x3C3F786D6C2076657273696F6E3D22312E302220656E636F64696E673D225554462D38223F3E0D0A3C646566696E6974696F6E7320786D6C6E733D22687474703A2F2F7777772E6F6D672E6F72672F737065632F42504D4E2F32303130303532342F4D4F44454C2220786D6C6E733A7873693D22687474703A2F2F7777772E77332E6F72672F323030312F584D4C536368656D612D696E7374616E63652220786D6C6E733A7873643D22687474703A2F2F7777772E77332E6F72672F323030312F584D4C536368656D612220786D6C6E733A61637469766974693D22687474703A2F2F61637469766974692E6F72672F62706D6E2220786D6C6E733A62706D6E64693D22687474703A2F2F7777772E6F6D672E6F72672F737065632F42504D4E2F32303130303532342F44492220786D6C6E733A6F6D6764633D22687474703A2F2F7777772E6F6D672E6F72672F737065632F44442F32303130303532342F44432220786D6C6E733A6F6D6764693D22687474703A2F2F7777772E6F6D672E6F72672F737065632F44442F32303130303532342F44492220747970654C616E67756167653D22687474703A2F2F7777772E77332E6F72672F323030312F584D4C536368656D61222065787072657373696F6E4C616E67756167653D22687474703A2F2F7777772E77332E6F72672F313939392F585061746822207461726765744E616D6573706163653D22687474703A2F2F7777772E61637469766974692E6F72672F70726F63657373646566223E0D0A20203C70726F636573732069643D22666C6F77763222206E616D653D22666C6F7776322220697345786563757461626C653D2274727565223E0D0A202020203C73746172744576656E742069643D227369642D37653138333930392D333636622D343661312D623733312D633335306361353238343761222F3E0D0A202020203C757365725461736B2069643D227369642D303122206E616D653D22E5889BE5BBBAE59088E5908C222061637469766974693A61737369676E65653D2273746174696F6E5F6D6173746572222F3E0D0A202020203C73657175656E6365466C6F772069643D227369642D33313265643231322D336563642D343139312D383632352D6265616634646536643331372220736F757263655265663D227369642D37653138333930392D333636622D343661312D623733312D63333530636135323834376122207461726765745265663D227369642D3031222F3E0D0A202020203C757365725461736B2069643D227369642D303222206E616D653D22E59088E5908CE7A1AEE8AEA4222061637469766974693A61737369676E65653D227375707065725F6D616E616765222F3E0D0A202020203C757365725461736B2069643D227369642D303322206E616D653D22E98787E8B4ADE5889BE5BBBA222061637469766974693A61737369676E65653D2270757263686173655F6D616E222F3E0D0A202020203C757365725461736B2069643D227369642D303422206E616D653D22E98787E8B4ADE5AEA1E689B9222061637469766974693A61737369676E65653D227375707065725F6D616E616765222F3E0D0A202020203C757365725461736B2069643D227369642D303522206E616D653D22E98787E8B4ADE6A380E69FA5222061637469766974693A61737369676E65653D2270757263686173655F6D616E222F3E0D0A202020203C757365725461736B2069643D227369642D303622206E616D653D22E585A5E5BA93E7A1AEE8AEA4222061637469766974693A61737369676E65653D22696E5F73746F7265222F3E0D0A202020203C757365725461736B2069643D227369642D303722206E616D653D22E7949FE4BAA7E5AE8CE68890222061637469766974693A61737369676E65653D227375707065725F6D616E616765222F3E0D0A202020203C757365725461736B2069643D227369642D303922206E616D653D22E587BAE5BA93E7A1AEE8AEA4222061637469766974693A61737369676E65653D226F75745F73746F7265222F3E0D0A202020203C757365725461736B2069643D227369642D313022206E616D653D22E7BB93E7AE97E7A1AEE8AEA4222061637469766974693A61737369676E65653D227375707065725F6D616E616765222F3E0D0A202020203C656E644576656E742069643D227369642D32623163633966372D636431352D343330632D613936652D316466316635323838383336222F3E0D0A202020203C73657175656E6365466C6F772069643D227369642D34333432626430652D613030332D346539302D383032332D6561356139643732333230332220736F757263655265663D227369642D303122207461726765745265663D227369642D3032222F3E0D0A202020203C6578636C7573697665476174657761792069643D227369642D32376639333532342D626564342D346339612D616230322D316435323363623439383037222F3E0D0A202020203C73657175656E6365466C6F772069643D227369642D63653339393533622D336565332D343137332D613735642D3832666165386335333930332220736F757263655265663D227369642D303222207461726765745265663D227369642D32376639333532342D626564342D346339612D616230322D316435323363623439383037222F3E0D0A202020203C73657175656E6365466C6F772069643D227369642D39356131336465332D613463322D346635662D626431312D6239343637613837356164632220736F757263655265663D227369642D32376639333532342D626564342D346339612D616230322D31643532336362343938303722207461726765745265663D227369642D303322206E616D653D22E78AB6E68081E4B8BA31EFBC8CE99C80E8A681E98787E8B4AD223E0D0A2020202020203C636F6E646974696F6E45787072657373696F6E207873693A747970653D2274466F726D616C45787072657373696F6E223E247B7374617475732667743B307D3C2F636F6E646974696F6E45787072657373696F6E3E0D0A202020203C2F73657175656E6365466C6F773E0D0A202020203C73657175656E6365466C6F772069643D227369642D63643965316238612D623934652D343932382D616130302D3832383564613934643031302220736F757263655265663D227369642D32376639333532342D626564342D346339612D616230322D31643532336362343938303722207461726765745265663D227369642D303722206E616D653D22E78AB6E68081E4B8BA30EFBC8CE697A0E99C80E98787E8B4AD223E0D0A2020202020203C636F6E646974696F6E45787072657373696F6E207873693A747970653D2274466F726D616C45787072657373696F6E223E247B737461747573266C743B317D3C2F636F6E646974696F6E45787072657373696F6E3E0D0A202020203C2F73657175656E6365466C6F773E0D0A202020203C73657175656E6365466C6F772069643D227369642D39393863613537612D643637662D343336612D383634382D3433386237333631393266632220736F757263655265663D227369642D303722207461726765745265663D227369642D3039222F3E0D0A202020203C73657175656E6365466C6F772069643D227369642D63626261613866382D653036652D343665632D396364302D3938363231386464623834352220736F757263655265663D227369642D303922207461726765745265663D227369642D3130222F3E0D0A202020203C73657175656E6365466C6F772069643D227369642D61313064616562642D633136392D343934302D393036322D3035653232306465663639362220736F757263655265663D227369642D313022207461726765745265663D227369642D32623163633966372D636431352D343330632D613936652D316466316635323838383336222F3E0D0A202020203C73657175656E6365466C6F772069643D227369642D32336332366164622D666138612D346631372D613663352D3462303135383363333138382220736F757263655265663D227369642D303622207461726765745265663D227369642D3037222F3E0D0A202020203C73657175656E6365466C6F772069643D227369642D36373666373464352D366437312D343139612D383832392D6437343963646162633331392220736F757263655265663D227369642D303322207461726765745265663D227369642D3034222F3E0D0A202020203C73657175656E6365466C6F772069643D227369642D30333765313333652D366138362D343966622D383166302D6530643338663934626261392220736F757263655265663D227369642D303422207461726765745265663D227369642D3035222F3E0D0A202020203C73657175656E6365466C6F772069643D227369642D32626336336362302D633861382D343331352D616534322D3465373530313566393039322220736F757263655265663D227369642D303522207461726765745265663D227369642D3036222F3E0D0A20203C2F70726F636573733E0D0A20203C62706D6E64693A42504D4E4469616772616D2069643D2242504D4E4469616772616D5F666C6F777631223E0D0A202020203C62706D6E64693A42504D4E506C616E652062706D6E456C656D656E743D22666C6F777631222069643D2242504D4E506C616E655F666C6F777631223E0D0A2020202020203C62706D6E64693A42504D4E53686170652069643D2273686170652D64323830633438392D356632632D346366382D626339362D326337363265613661333837222062706D6E456C656D656E743D227369642D37653138333930392D333636622D343661312D623733312D633335306361353238343761223E0D0A20202020202020203C6F6D6764633A426F756E647320783D2238352E302220793D222D38302E30222077696474683D2233302E3022206865696768743D2233302E30222F3E0D0A2020202020203C2F62706D6E64693A42504D4E53686170653E0D0A2020202020203C62706D6E64693A42504D4E53686170652069643D2273686170652D36643432343839312D353031312D343439642D386165362D636664393138376632633365222062706D6E456C656D656E743D227369642D3031223E0D0A20202020202020203C6F6D6764633A426F756E647320783D2235302E302220793D222D392E393939393938222077696474683D223130302E3022206865696768743D2238302E30222F3E0D0A2020202020203C2F62706D6E64693A42504D4E53686170653E0D0A2020202020203C62706D6E64693A42504D4E456467652069643D22656467652D30653235376334662D623732662D346235662D613263362D393531383861336336383261222062706D6E456C656D656E743D227369642D33313265643231322D336563642D343139312D383632352D626561663464653664333137223E0D0A20202020202020203C6F6D6764693A776179706F696E7420783D223130302E302220793D222D35302E30222F3E0D0A20202020202020203C6F6D6764693A776179706F696E7420783D223130302E302220793D222D392E393939393938222F3E0D0A2020202020203C2F62706D6E64693A42504D4E456467653E0D0A2020202020203C62706D6E64693A42504D4E53686170652069643D2273686170652D66373664633639652D373134312D343239652D383762652D343164323830396535363331222062706D6E456C656D656E743D227369642D3032223E0D0A20202020202020203C6F6D6764633A426F756E647320783D2235302E3030303030382220793D223130302E30222077696474683D223130302E3022206865696768743D2238302E30222F3E0D0A2020202020203C2F62706D6E64693A42504D4E53686170653E0D0A2020202020203C62706D6E64693A42504D4E53686170652069643D2273686170652D38613262623962652D636364382D343238342D393939622D646138383464336263373436222062706D6E456C656D656E743D227369642D3033223E0D0A20202020202020203C6F6D6764633A426F756E647320783D223233302E302220793D223238352E30222077696474683D223130302E3022206865696768743D2238302E30222F3E0D0A2020202020203C2F62706D6E64693A42504D4E53686170653E0D0A2020202020203C62706D6E64693A42504D4E53686170652069643D2273686170652D36623362393236622D356362382D343335342D393462362D393531393730363261636265222062706D6E456C656D656E743D227369642D3034223E0D0A20202020202020203C6F6D6764633A426F756E647320783D223233302E302220793D223430302E30222077696474683D223130302E3022206865696768743D2238302E30222F3E0D0A2020202020203C2F62706D6E64693A42504D4E53686170653E0D0A2020202020203C62706D6E64693A42504D4E53686170652069643D2273686170652D33316365353732342D316133662D343366362D626430392D356137363830386462646137222062706D6E456C656D656E743D227369642D3035223E0D0A20202020202020203C6F6D6764633A426F756E647320783D223233302E302220793D223533352E30222077696474683D223130302E3022206865696768743D2238302E30222F3E0D0A2020202020203C2F62706D6E64693A42504D4E53686170653E0D0A2020202020203C62706D6E64693A42504D4E53686170652069643D2273686170652D63663965323861352D373132622D343332302D616238372D643937653237666363396633222062706D6E456C656D656E743D227369642D3036223E0D0A20202020202020203C6F6D6764633A426F756E647320783D223233302E302220793D223637302E30222077696474683D223130302E3022206865696768743D2238302E30222F3E0D0A2020202020203C2F62706D6E64693A42504D4E53686170653E0D0A2020202020203C62706D6E64693A42504D4E53686170652069643D2273686170652D64633436363330642D633962632D343362642D383636352D343038613734623465623937222062706D6E456C656D656E743D227369642D3037223E0D0A20202020202020203C6F6D6764633A426F756E647320783D2235302E302220793D223634352E30222077696474683D223130302E3022206865696768743D2238302E30222F3E0D0A2020202020203C2F62706D6E64693A42504D4E53686170653E0D0A2020202020203C62706D6E64693A42504D4E53686170652069643D2273686170652D37663237613337332D313338362D343839382D383761652D666662323130656237376537222062706D6E456C656D656E743D227369642D3039223E0D0A20202020202020203C6F6D6764633A426F756E647320783D2235302E302220793D223737352E30222077696474683D223130302E3022206865696768743D2238302E30222F3E0D0A2020202020203C2F62706D6E64693A42504D4E53686170653E0D0A2020202020203C62706D6E64693A42504D4E53686170652069643D227369642D33376233343365352D633438382D343132622D393862302D323565323963353266383931222062706D6E456C656D656E743D227369642D3130223E0D0A20202020202020203C6F6D6764633A426F756E647320783D2235302E3030303030382220793D223930382E30363439222077696474683D223130302E3022206865696768743D2238302E30222F3E0D0A2020202020203C2F62706D6E64693A42504D4E53686170653E0D0A2020202020203C62706D6E64693A42504D4E53686170652069643D2273686170652D33356634366666642D376165342D343934332D383337302D333533363736343961666139222062706D6E456C656D656E743D227369642D32623163633966372D636431352D343330632D613936652D316466316635323838383336223E0D0A20202020202020203C6F6D6764633A426F756E647320783D2238352E302220793D22313033302E30222077696474683D2233302E3022206865696768743D2233302E30222F3E0D0A2020202020203C2F62706D6E64693A42504D4E53686170653E0D0A2020202020203C62706D6E64693A42504D4E456467652069643D22656467652D66626562326338352D386162302D346639332D386336392D316161376262316437383730222062706D6E456C656D656E743D227369642D34333432626430652D613030332D346539302D383032332D656135613964373233323033223E0D0A20202020202020203C6F6D6764693A776179706F696E7420783D223130302E302220793D2237302E30222F3E0D0A20202020202020203C6F6D6764693A776179706F696E7420783D223130302E30303030312220793D223130302E30222F3E0D0A2020202020203C2F62706D6E64693A42504D4E456467653E0D0A2020202020203C62706D6E64693A42504D4E53686170652069643D2273686170652D66366432633831352D343832332D343333352D616434392D323533353931306334646130222062706D6E456C656D656E743D227369642D32376639333532342D626564342D346339612D616230322D316435323363623439383037223E0D0A20202020202020203C6F6D6764633A426F756E647320783D2238302E30303030312220793D223233302E30222077696474683D2234302E3022206865696768743D2234302E30222F3E0D0A2020202020203C2F62706D6E64693A42504D4E53686170653E0D0A2020202020203C62706D6E64693A42504D4E456467652069643D22656467652D36633264373739342D376262662D343237652D396132352D346235323064303634613966222062706D6E456C656D656E743D227369642D63653339393533622D336565332D343137332D613735642D383266616538633533393033223E0D0A20202020202020203C6F6D6764693A776179706F696E7420783D223130302E30303030312220793D223138302E30222F3E0D0A20202020202020203C6F6D6764693A776179706F696E7420783D223130302E30303030312220793D223233302E30222F3E0D0A2020202020203C2F62706D6E64693A42504D4E456467653E0D0A2020202020203C62706D6E64693A42504D4E456467652069643D22656467652D35646230326437332D393132642D343261312D393761362D373939336666636139633637222062706D6E456C656D656E743D227369642D39356131336465332D613463322D346635662D626431312D623934363761383735616463223E0D0A20202020202020203C6F6D6764693A776179706F696E7420783D223132302E30303030312220793D223235302E30222F3E0D0A20202020202020203C6F6D6764693A776179706F696E7420783D223233302E302220793D223330352E30222F3E0D0A2020202020203C2F62706D6E64693A42504D4E456467653E0D0A2020202020203C62706D6E64693A42504D4E456467652069643D22656467652D39336438353637302D316132382D343030322D623838342D303539396232313466663337222062706D6E456C656D656E743D227369642D63643965316238612D623934652D343932382D616130302D383238356461393464303130223E0D0A20202020202020203C6F6D6764693A776179706F696E7420783D223130302E30303030312220793D223237302E30222F3E0D0A20202020202020203C6F6D6764693A776179706F696E7420783D223130302E302220793D223634352E30222F3E0D0A2020202020203C2F62706D6E64693A42504D4E456467653E0D0A2020202020203C62706D6E64693A42504D4E456467652069643D22656467652D33616663306438632D326438372D346661302D383636362D353730346633313134643162222062706D6E456C656D656E743D227369642D39393863613537612D643637662D343336612D383634382D343338623733363139326663223E0D0A20202020202020203C6F6D6764693A776179706F696E7420783D223130302E302220793D223732352E30222F3E0D0A20202020202020203C6F6D6764693A776179706F696E7420783D223130302E302220793D223737352E30222F3E0D0A2020202020203C2F62706D6E64693A42504D4E456467653E0D0A2020202020203C62706D6E64693A42504D4E456467652069643D22656467652D37343738623563372D633663322D346136652D383561342D316434363731393339326566222062706D6E456C656D656E743D227369642D63626261613866382D653036652D343665632D396364302D393836323138646462383435223E0D0A20202020202020203C6F6D6764693A776179706F696E7420783D223130302E302220793D223835352E30222F3E0D0A20202020202020203C6F6D6764693A776179706F696E7420783D223130302E30303030312220793D223930382E30363439222F3E0D0A2020202020203C2F62706D6E64693A42504D4E456467653E0D0A2020202020203C62706D6E64693A42504D4E456467652069643D22656467652D34306666323438652D313532372D343363322D623862352D303539306166636666376131222062706D6E456C656D656E743D227369642D61313064616562642D633136392D343934302D393036322D303565323230646566363936223E0D0A20202020202020203C6F6D6764693A776179706F696E7420783D223130302E30303030312220793D223938382E30363439222F3E0D0A20202020202020203C6F6D6764693A776179706F696E7420783D223130302E302220793D22313033302E30222F3E0D0A2020202020203C2F62706D6E64693A42504D4E456467653E0D0A2020202020203C62706D6E64693A42504D4E456467652069643D22656467652D30363832656564342D323832302D346565322D393931382D333633373630633962663238222062706D6E456C656D656E743D227369642D32336332366164622D666138612D346631372D613663352D346230313538336333313838223E0D0A20202020202020203C6F6D6764693A776179706F696E7420783D223233302E302220793D223731302E30222F3E0D0A20202020202020203C6F6D6764693A776179706F696E7420783D223135302E302220793D223730352E30222F3E0D0A2020202020203C2F62706D6E64693A42504D4E456467653E0D0A2020202020203C62706D6E64693A42504D4E456467652069643D22656467652D62316137616465322D663138352D346434332D623033622D303932666230306330663533222062706D6E456C656D656E743D227369642D36373666373464352D366437312D343139612D383832392D643734396364616263333139223E0D0A20202020202020203C6F6D6764693A776179706F696E7420783D223238302E302220793D223336352E30222F3E0D0A20202020202020203C6F6D6764693A776179706F696E7420783D223238302E302220793D223430302E30222F3E0D0A2020202020203C2F62706D6E64693A42504D4E456467653E0D0A2020202020203C62706D6E64693A42504D4E456467652069643D22656467652D33373436613763632D343361322D346364362D386336342D343662326364613233643863222062706D6E456C656D656E743D227369642D30333765313333652D366138362D343966622D383166302D653064333866393462626139223E0D0A20202020202020203C6F6D6764693A776179706F696E7420783D223238302E302220793D223438302E30222F3E0D0A20202020202020203C6F6D6764693A776179706F696E7420783D223238302E302220793D223533352E30222F3E0D0A2020202020203C2F62706D6E64693A42504D4E456467653E0D0A2020202020203C62706D6E64693A42504D4E456467652069643D22656467652D32333638383062382D636463392D343664622D623565612D353831326535316561343130222062706D6E456C656D656E743D227369642D32626336336362302D633861382D343331352D616534322D346537353031356639303932223E0D0A20202020202020203C6F6D6764693A776179706F696E7420783D223238302E302220793D223631352E30222F3E0D0A20202020202020203C6F6D6764693A776179706F696E7420783D223238302E302220793D223637302E30222F3E0D0A2020202020203C2F62706D6E64693A42504D4E456467653E0D0A202020203C2F62706D6E64693A42504D4E506C616E653E0D0A20203C2F62706D6E64693A42504D4E4469616772616D3E0D0A3C2F646566696E6974696F6E733E0D0A, 0);
INSERT INTO `act_ge_bytearray` VALUES ('9a807265-828e-11ee-9548-48a47209a1e7', 1, 'D:\\project\\warehouse\\warehouse-backend\\target\\classes\\processes\\test2.bpmn20.xml', '9a804b52-828e-11ee-9548-48a47209a1e7', 0x3C3F786D6C2076657273696F6E3D22312E302220656E636F64696E673D225554462D38223F3E0D0A3C646566696E6974696F6E7320786D6C6E733D22687474703A2F2F7777772E6F6D672E6F72672F737065632F42504D4E2F32303130303532342F4D4F44454C2220786D6C6E733A7873693D22687474703A2F2F7777772E77332E6F72672F323030312F584D4C536368656D612D696E7374616E63652220786D6C6E733A7873643D22687474703A2F2F7777772E77332E6F72672F323030312F584D4C536368656D612220786D6C6E733A61637469766974693D22687474703A2F2F61637469766974692E6F72672F62706D6E2220786D6C6E733A62706D6E64693D22687474703A2F2F7777772E6F6D672E6F72672F737065632F42504D4E2F32303130303532342F44492220786D6C6E733A6F6D6764633D22687474703A2F2F7777772E6F6D672E6F72672F737065632F44442F32303130303532342F44432220786D6C6E733A6F6D6764693D22687474703A2F2F7777772E6F6D672E6F72672F737065632F44442F32303130303532342F44492220747970654C616E67756167653D22687474703A2F2F7777772E77332E6F72672F323030312F584D4C536368656D61222065787072657373696F6E4C616E67756167653D22687474703A2F2F7777772E77332E6F72672F313939392F585061746822207461726765744E616D6573706163653D22687474703A2F2F7777772E61637469766974692E6F72672F70726F63657373646566223E0D0A20203C70726F636573732069643D22746573743222206E616D653D2274657374322220697345786563757461626C653D2274727565223E0D0A202020203C73746172744576656E742069643D227369642D31653039633038642D336632622D346665312D396530382D616338393238613234303739222F3E0D0A202020203C757365725461736B2069643D227369642D30303122206E616D653D22E59088E5908CE7A1AEE8AEA4222061637469766974693A61737369676E65653D227375707065725F6D616E616765222F3E0D0A202020203C73657175656E6365466C6F772069643D227369642D66323236366362662D313833322D343434632D383535372D3863326336336362396534632220736F757263655265663D227369642D31653039633038642D336632622D346665312D396530382D61633839323861323430373922207461726765745265663D227369642D303031222F3E0D0A202020203C6578636C7573697665476174657761792069643D227369642D33386361393533622D323335382D343438642D613335352D613466353939343236396438222F3E0D0A202020203C73657175656E6365466C6F772069643D227369642D38356130363862652D373035302D343935612D616466382D6136643332373463353062352220736F757263655265663D227369642D30303122207461726765745265663D227369642D33386361393533622D323335382D343438642D613335352D613466353939343236396438222F3E0D0A202020203C73657175656E6365466C6F772069643D227369642D30376564313032652D356330372D346233642D386561372D6137663530383431333165642220736F757263655265663D227369642D33386361393533622D323335382D343438642D613335352D61346635393934323639643822207461726765745265663D227369642D63346462383230312D323763642D346339342D623565302D61346333326265303637383422206E616D653D22E78AB6E68081E4B8BA30EFBC8CE4B88DE99C80E8A681E98787E8B4AD223E0D0A2020202020203C636F6E646974696F6E45787072657373696F6E207873693A747970653D2274466F726D616C45787072657373696F6E223E247B737461747573266C743B317D3C2F636F6E646974696F6E45787072657373696F6E3E0D0A202020203C2F73657175656E6365466C6F773E0D0A202020203C757365725461736B2069643D227369642D303322206E616D653D22E98787E8B4ADE7A1AEE8AEA4222061637469766974693A61737369676E65653D2270757263686173655F6D616E222F3E0D0A202020203C73657175656E6365466C6F772069643D227369642D33333336633434662D656664312D343664362D383933362D3538393865646139383466632220736F757263655265663D227369642D33386361393533622D323335382D343438642D613335352D61346635393934323639643822207461726765745265663D227369642D303322206E616D653D22E78AB6E68081E4B8BA31EFBC8CE99C80E8A681E98787E8B4AD223E0D0A2020202020203C636F6E646974696F6E45787072657373696F6E207873693A747970653D2274466F726D616C45787072657373696F6E223E247B7374617475732667743B307D3C2F636F6E646974696F6E45787072657373696F6E3E0D0A202020203C2F73657175656E6365466C6F773E0D0A202020203C757365725461736B2069643D227369642D303422206E616D653D22E585A5E5BA93E7A1AEE8AEA4222061637469766974693A61737369676E65653D22696E5F73746F7265222F3E0D0A202020203C757365725461736B2069643D227369642D63346462383230312D323763642D346339342D623565302D61346333326265303637383422206E616D653D22E587BAE5BA93E7A1AEE8AEA4222061637469766974693A61737369676E65653D226F75745F73746F7265222F3E0D0A202020203C73657175656E6365466C6F772069643D227369642D66383133346638322D356336652D346531642D393564622D3637313132353861623134362220736F757263655265663D227369642D303322207461726765745265663D227369642D3034222F3E0D0A202020203C73657175656E6365466C6F772069643D227369642D61316566383233392D316335632D346663332D383963302D3539663163653439333561342220736F757263655265663D227369642D303422207461726765745265663D227369642D63346462383230312D323763642D346339342D623565302D613463333262653036373834222F3E0D0A202020203C757365725461736B2069643D227369642D38343434366162372D316361382D343463652D393735382D34313131366163366339336422206E616D653D22E7949FE4BAA7E7A1AEE8AEA4222061637469766974693A61737369676E65653D227375707065725F6D616E616765222F3E0D0A202020203C73657175656E6365466C6F772069643D227369642D61313965346230312D633063392D343831632D613061372D3333623031396231656163632220736F757263655265663D227369642D63346462383230312D323763642D346339342D623565302D61346333326265303637383422207461726765745265663D227369642D38343434366162372D316361382D343463652D393735382D343131313661633663393364222F3E0D0A202020203C656E644576656E742069643D227369642D36323635326633382D346135372D346465342D383134642D303233386537366539363834222F3E0D0A202020203C73657175656E6365466C6F772069643D227369642D64343531623962362D663934312D343066352D386439642D6662306538323834646136662220736F757263655265663D227369642D38343434366162372D316361382D343463652D393735382D34313131366163366339336422207461726765745265663D227369642D30636639383263392D313432392D343963332D626431332D626166383262313363343431222F3E0D0A202020203C757365725461736B2069643D227369642D30636639383263392D313432392D343963332D626431332D62616638326231336334343122206E616D653D22E7BB93E7AE97E7A1AEE8AEA4222061637469766974693A61737369676E65653D227375707065725F6D616E616765222F3E0D0A202020203C73657175656E6365466C6F772069643D227369642D33363939306264632D396236382D343232342D626665312D3533623332643231636362652220736F757263655265663D227369642D30636639383263392D313432392D343963332D626431332D62616638326231336334343122207461726765745265663D227369642D36323635326633382D346135372D346465342D383134642D303233386537366539363834222F3E0D0A20203C2F70726F636573733E0D0A20203C62706D6E64693A42504D4E4469616772616D2069643D2242504D4E4469616772616D5F7465737432223E0D0A202020203C62706D6E64693A42504D4E506C616E652062706D6E456C656D656E743D227465737432222069643D2242504D4E506C616E655F7465737432223E0D0A2020202020203C62706D6E64693A42504D4E53686170652069643D2273686170652D65623931336666312D356234352D343633372D623961632D303565653838323933373035222062706D6E456C656D656E743D227369642D31653039633038642D336632622D346665312D396530382D616338393238613234303739223E0D0A20202020202020203C6F6D6764633A426F756E647320783D22302E302220793D222D37352E30222077696474683D2233302E3022206865696768743D2233302E30222F3E0D0A2020202020203C2F62706D6E64693A42504D4E53686170653E0D0A2020202020203C62706D6E64693A42504D4E53686170652069643D2273686170652D65383835363634662D653531372D343036312D383030302D396639396263636135363631222062706D6E456C656D656E743D227369642D303031223E0D0A20202020202020203C6F6D6764633A426F756E647320783D222D33352E302220793D222D31352E30222077696474683D223130302E3022206865696768743D2238302E30222F3E0D0A2020202020203C2F62706D6E64693A42504D4E53686170653E0D0A2020202020203C62706D6E64693A42504D4E456467652069643D22656467652D34373464383538392D376365612D343161392D396339632D393162346262313737343039222062706D6E456C656D656E743D227369642D66323236366362662D313833322D343434632D383535372D386332633633636239653463223E0D0A20202020202020203C6F6D6764693A776179706F696E7420783D2231352E302220793D222D34352E30222F3E0D0A20202020202020203C6F6D6764693A776179706F696E7420783D2231352E302220793D222D31352E30222F3E0D0A2020202020203C2F62706D6E64693A42504D4E456467653E0D0A2020202020203C62706D6E64693A42504D4E53686170652069643D2273686170652D61393865626466332D383964372D346465342D383964372D313132363838353335646132222062706D6E456C656D656E743D227369642D33386361393533622D323335382D343438642D613335352D613466353939343236396438223E0D0A20202020202020203C6F6D6764633A426F756E647320783D222D352E302220793D223131302E30222077696474683D2234302E3022206865696768743D2234302E30222F3E0D0A2020202020203C2F62706D6E64693A42504D4E53686170653E0D0A2020202020203C62706D6E64693A42504D4E456467652069643D22656467652D34343934613963332D613036342D346237652D393433612D666232386262353961366464222062706D6E456C656D656E743D227369642D38356130363862652D373035302D343935612D616466382D613664333237346335306235223E0D0A20202020202020203C6F6D6764693A776179706F696E7420783D2231352E302220793D2236352E30222F3E0D0A20202020202020203C6F6D6764693A776179706F696E7420783D2231352E302220793D223131302E30222F3E0D0A2020202020203C2F62706D6E64693A42504D4E456467653E0D0A2020202020203C62706D6E64693A42504D4E53686170652069643D2273686170652D65323732323634312D303333372D343631642D623837642D386462386236353662343966222062706D6E456C656D656E743D227369642D63346462383230312D323763642D346339342D623565302D613463333262653036373834223E0D0A20202020202020203C6F6D6764633A426F756E647320783D222D33352E302220793D223433302E30222077696474683D223130302E3022206865696768743D2238302E30222F3E0D0A2020202020203C2F62706D6E64693A42504D4E53686170653E0D0A2020202020203C62706D6E64693A42504D4E456467652069643D22656467652D62333234366136652D323335312D346464642D393732302D626134303930633663636662222062706D6E456C656D656E743D227369642D30376564313032652D356330372D346233642D386561372D613766353038343133316564223E0D0A20202020202020203C6F6D6764693A776179706F696E7420783D2231352E302220793D223135302E30222F3E0D0A20202020202020203C6F6D6764693A776179706F696E7420783D2231352E302220793D223433302E30222F3E0D0A2020202020203C2F62706D6E64693A42504D4E456467653E0D0A2020202020203C62706D6E64693A42504D4E53686170652069643D2273686170652D34396661353639632D323464342D343464392D393863352D616538383738613435613833222062706D6E456C656D656E743D227369642D3033223E0D0A20202020202020203C6F6D6764633A426F756E647320783D223135352E302220793D223230352E30222077696474683D223130302E3022206865696768743D2238302E30222F3E0D0A2020202020203C2F62706D6E64693A42504D4E53686170653E0D0A2020202020203C62706D6E64693A42504D4E456467652069643D22656467652D66343838653738382D396532632D346539622D613431362D343561356231343536313133222062706D6E456C656D656E743D227369642D33333336633434662D656664312D343664362D383933362D353839386564613938346663223E0D0A20202020202020203C6F6D6764693A776179706F696E7420783D2233352E302220793D223133302E30222F3E0D0A20202020202020203C6F6D6764693A776179706F696E7420783D223135352E302220793D223232352E30222F3E0D0A2020202020203C2F62706D6E64693A42504D4E456467653E0D0A2020202020203C62706D6E64693A42504D4E53686170652069643D2273686170652D36356333373633382D346331392D343735382D623632332D636133613235623065333464222062706D6E456C656D656E743D227369642D3034223E0D0A20202020202020203C6F6D6764633A426F756E647320783D223135352E302220793D223339302E30222077696474683D223130302E3022206865696768743D2238302E30222F3E0D0A2020202020203C2F62706D6E64693A42504D4E53686170653E0D0A2020202020203C62706D6E64693A42504D4E456467652069643D22656467652D38626235623737352D363761322D346265652D396461662D346533313566336535326130222062706D6E456C656D656E743D227369642D66383133346638322D356336652D346531642D393564622D363731313235386162313436223E0D0A20202020202020203C6F6D6764693A776179706F696E7420783D223230352E302220793D223238352E30222F3E0D0A20202020202020203C6F6D6764693A776179706F696E7420783D223230352E302220793D223339302E30222F3E0D0A2020202020203C2F62706D6E64693A42504D4E456467653E0D0A2020202020203C62706D6E64693A42504D4E456467652069643D22656467652D38383833353437652D393064662D346362652D613566362D613931313565373533626437222062706D6E456C656D656E743D227369642D61316566383233392D316335632D346663332D383963302D353966316365343933356134223E0D0A20202020202020203C6F6D6764693A776179706F696E7420783D223135352E302220793D223435302E30222F3E0D0A20202020202020203C6F6D6764693A776179706F696E7420783D2236352E302220793D223435302E30222F3E0D0A2020202020203C2F62706D6E64693A42504D4E456467653E0D0A2020202020203C62706D6E64693A42504D4E53686170652069643D2273686170652D32393432386665302D623164662D346332352D623135362D623261326138663863386536222062706D6E456C656D656E743D227369642D38343434366162372D316361382D343463652D393735382D343131313661633663393364223E0D0A20202020202020203C6F6D6764633A426F756E647320783D222D33352E302220793D223538352E30222077696474683D223130302E3022206865696768743D2238302E30222F3E0D0A2020202020203C2F62706D6E64693A42504D4E53686170653E0D0A2020202020203C62706D6E64693A42504D4E456467652069643D22656467652D39636539643835632D313035312D346330652D623836382D306166376332656263343932222062706D6E456C656D656E743D227369642D61313965346230312D633063392D343831632D613061372D333362303139623165616363223E0D0A20202020202020203C6F6D6764693A776179706F696E7420783D2231352E302220793D223531302E30222F3E0D0A20202020202020203C6F6D6764693A776179706F696E7420783D2231352E302220793D223538352E30222F3E0D0A2020202020203C2F62706D6E64693A42504D4E456467653E0D0A2020202020203C62706D6E64693A42504D4E53686170652069643D2273686170652D31363064653266372D616163342D346337362D383839662D356530313663343361303038222062706D6E456C656D656E743D227369642D36323635326633382D346135372D346465342D383134642D303233386537366539363834223E0D0A20202020202020203C6F6D6764633A426F756E647320783D22302E302220793D223838352E30222077696474683D2233302E3022206865696768743D2233302E30222F3E0D0A2020202020203C2F62706D6E64693A42504D4E53686170653E0D0A2020202020203C62706D6E64693A42504D4E456467652069643D22656467652D39363764626531372D313435382D343934632D396239662D316233663864363231366365222062706D6E456C656D656E743D227369642D64343531623962362D663934312D343066352D386439642D666230653832383464613666223E0D0A20202020202020203C6F6D6764693A776179706F696E7420783D2231352E302220793D223636352E30222F3E0D0A20202020202020203C6F6D6764693A776179706F696E7420783D2231342E3939393938352220793D223732352E30222F3E0D0A2020202020203C2F62706D6E64693A42504D4E456467653E0D0A2020202020203C62706D6E64693A42504D4E53686170652069643D2273686170652D63383736623631312D383331622D343431392D613235312D366536356436343333326131222062706D6E456C656D656E743D227369642D30636639383263392D313432392D343963332D626431332D626166383262313363343431223E0D0A20202020202020203C6F6D6764633A426F756E647320783D222D33352E302220793D223733352E30222077696474683D223130302E3022206865696768743D2238302E30222F3E0D0A2020202020203C2F62706D6E64693A42504D4E53686170653E0D0A2020202020203C62706D6E64693A42504D4E456467652069643D22656467652D33343465343630392D393934392D346238632D383663632D333733313334376633353466222062706D6E456C656D656E743D227369642D33363939306264632D396236382D343232342D626665312D353362333264323163636265223E0D0A20202020202020203C6F6D6764693A776179706F696E7420783D2231352E302220793D223831352E30222F3E0D0A20202020202020203C6F6D6764693A776179706F696E7420783D2231352E302220793D223838352E30222F3E0D0A2020202020203C2F62706D6E64693A42504D4E456467653E0D0A202020203C2F62706D6E64693A42504D4E506C616E653E0D0A20203C2F62706D6E64693A42504D4E4469616772616D3E0D0A3C2F646566696E6974696F6E733E0D0A, 0);
INSERT INTO `act_ge_bytearray` VALUES ('9a807266-828e-11ee-9548-48a47209a1e7', 1, 'D:\\project\\warehouse\\warehouse-backend\\target\\classes\\processes\\demo2.bpmn20.xml', '9a804b52-828e-11ee-9548-48a47209a1e7', 0x3C3F786D6C2076657273696F6E3D22312E302220656E636F64696E673D225554462D38223F3E0D0A3C646566696E6974696F6E7320786D6C6E733D22687474703A2F2F7777772E6F6D672E6F72672F737065632F42504D4E2F32303130303532342F4D4F44454C2220786D6C6E733A7873693D22687474703A2F2F7777772E77332E6F72672F323030312F584D4C536368656D612D696E7374616E63652220786D6C6E733A7873643D22687474703A2F2F7777772E77332E6F72672F323030312F584D4C536368656D612220786D6C6E733A61637469766974693D22687474703A2F2F61637469766974692E6F72672F62706D6E2220786D6C6E733A62706D6E64693D22687474703A2F2F7777772E6F6D672E6F72672F737065632F42504D4E2F32303130303532342F44492220786D6C6E733A6F6D6764633D22687474703A2F2F7777772E6F6D672E6F72672F737065632F44442F32303130303532342F44432220786D6C6E733A6F6D6764693D22687474703A2F2F7777772E6F6D672E6F72672F737065632F44442F32303130303532342F44492220747970654C616E67756167653D22687474703A2F2F7777772E77332E6F72672F323030312F584D4C536368656D61222065787072657373696F6E4C616E67756167653D22687474703A2F2F7777772E77332E6F72672F313939392F585061746822207461726765744E616D6573706163653D22687474703A2F2F7777772E61637469766974692E6F72672F70726F63657373646566223E0D0A20203C70726F636573732069643D2264656D6F3222206E616D653D2264656D6F322220697345786563757461626C653D2274727565223E0D0A202020203C73746172744576656E742069643D227369642D34376337353334622D653436652D343130322D616231312D663133663139616436613531222F3E0D0A202020203C757365725461736B2069643D227369642D63613536303365622D373939612D343730612D626238372D346536393966313731653361222061637469766974693A61737369676E65653D227375707065725F6D616E61676522206E616D653D22E6B58BE8AF95E794B3E8AFB7222F3E0D0A202020203C757365725461736B2069643D227369642D37303532303764612D383661642D343531622D613334392D336238653635386133656633222061637469766974693A63616E64696461746555736572733D227375707065725F6D616E6167652C70757263686173655F6D616E22206E616D653D22E6B58BE8AF95E5AEA1E6A0B8222F3E0D0A202020203C73657175656E6365466C6F772069643D227369642D64343032656433322D363935322D343461622D616564642D3362393862313564373963362220736F757263655265663D227369642D63613536303365622D373939612D343730612D626238372D34653639396631373165336122207461726765745265663D227369642D37303532303764612D383661642D343531622D613334392D336238653635386133656633222F3E0D0A202020203C656E644576656E742069643D227369642D61316662616363332D653866372D346631642D626562652D353037393538613539363662222F3E0D0A202020203C73657175656E6365466C6F772069643D227369642D32343864353835322D313962372D343430622D613161652D3561316664613633303865612220736F757263655265663D227369642D37303532303764612D383661642D343531622D613334392D33623865363538613365663322207461726765745265663D227369642D61316662616363332D653866372D346631642D626562652D353037393538613539363662222F3E0D0A202020203C73657175656E6365466C6F772069643D227369642D61343132613933322D393333312D343561332D626134622D6462343233373865383964362220736F757263655265663D227369642D34376337353334622D653436652D343130322D616231312D66313366313961643661353122207461726765745265663D227369642D63613536303365622D373939612D343730612D626238372D346536393966313731653361222F3E0D0A20203C2F70726F636573733E0D0A20203C62706D6E64693A42504D4E4469616772616D2069643D2242504D4E4469616772616D5F64656D6F32223E0D0A202020203C62706D6E64693A42504D4E506C616E652062706D6E456C656D656E743D2264656D6F32222069643D2242504D4E506C616E655F64656D6F32223E0D0A2020202020203C62706D6E64693A42504D4E53686170652069643D2273686170652D38613736303638332D623363382D346539612D626638382D626439316536313165666665222062706D6E456C656D656E743D227369642D34376337353334622D653436652D343130322D616231312D663133663139616436613531223E0D0A20202020202020203C6F6D6764633A426F756E647320783D222D36302E302220793D222D3233352E30222077696474683D2233302E3022206865696768743D2233302E30222F3E0D0A2020202020203C2F62706D6E64693A42504D4E53686170653E0D0A2020202020203C62706D6E64693A42504D4E53686170652069643D2273686170652D36656234663936652D333862372D346539322D386164342D353532346238393931396437222062706D6E456C656D656E743D227369642D63613536303365622D373939612D343730612D626238372D346536393966313731653361223E0D0A20202020202020203C6F6D6764633A426F756E647320783D222D39352E302220793D222D3137302E30222077696474683D223130302E3022206865696768743D2238302E30222F3E0D0A2020202020203C2F62706D6E64693A42504D4E53686170653E0D0A2020202020203C62706D6E64693A42504D4E53686170652069643D2273686170652D66393362383639632D303930302D343832392D623461662D623838623761366638363535222062706D6E456C656D656E743D227369642D37303532303764612D383661642D343531622D613334392D336238653635386133656633223E0D0A20202020202020203C6F6D6764633A426F756E647320783D222D39352E302220793D222D36302E30222077696474683D223130302E3022206865696768743D2238302E30222F3E0D0A2020202020203C2F62706D6E64693A42504D4E53686170653E0D0A2020202020203C62706D6E64693A42504D4E456467652069643D22656467652D61383736623934652D386431382D343732312D623132362D326665373634346236323433222062706D6E456C656D656E743D227369642D64343032656433322D363935322D343461622D616564642D336239386231356437396336223E0D0A20202020202020203C6F6D6764693A776179706F696E7420783D222D34352E302220793D222D39302E30222F3E0D0A20202020202020203C6F6D6764693A776179706F696E7420783D222D34352E302220793D222D36302E30222F3E0D0A2020202020203C2F62706D6E64693A42504D4E456467653E0D0A2020202020203C62706D6E64693A42504D4E53686170652069643D2273686170652D61646230303761302D326135302D343730372D613335642D626364343937323965616665222062706D6E456C656D656E743D227369642D61316662616363332D653866372D346631642D626562652D353037393538613539363662223E0D0A20202020202020203C6F6D6764633A426F756E647320783D222D36302E302220793D2234352E30222077696474683D2233302E3022206865696768743D2233302E30222F3E0D0A2020202020203C2F62706D6E64693A42504D4E53686170653E0D0A2020202020203C62706D6E64693A42504D4E456467652069643D22656467652D32393536663361302D633439652D343663382D613635362D633037303237643431303961222062706D6E456C656D656E743D227369642D32343864353835322D313962372D343430622D613161652D356131666461363330386561223E0D0A20202020202020203C6F6D6764693A776179706F696E7420783D222D34352E302220793D2232302E30222F3E0D0A20202020202020203C6F6D6764693A776179706F696E7420783D222D34352E302220793D2234352E30222F3E0D0A2020202020203C2F62706D6E64693A42504D4E456467653E0D0A2020202020203C62706D6E64693A42504D4E456467652069643D22656467652D65623964313739642D353130352D346162342D623037612D653432343537353661633665222062706D6E456C656D656E743D227369642D61343132613933322D393333312D343561332D626134622D646234323337386538396436223E0D0A20202020202020203C6F6D6764693A776179706F696E7420783D222D34352E302220793D222D3230352E30222F3E0D0A20202020202020203C6F6D6764693A776179706F696E7420783D222D34352E302220793D222D3137302E30222F3E0D0A2020202020203C2F62706D6E64693A42504D4E456467653E0D0A202020203C2F62706D6E64693A42504D4E506C616E653E0D0A20203C2F62706D6E64693A42504D4E4469616772616D3E0D0A3C2F646566696E6974696F6E733E0D0A, 0);
INSERT INTO `act_ge_bytearray` VALUES ('9d860c27-7b97-11ee-918e-48a47209a1e7', 1, 'D:\\project\\warehouse\\warehouse-backend\\target\\classes\\processes\\flowv1.bpmn20.xml', '9d860c26-7b97-11ee-918e-48a47209a1e7', 0x3C3F786D6C2076657273696F6E3D22312E302220656E636F64696E673D225554462D38223F3E0D0A3C646566696E6974696F6E7320786D6C6E733D22687474703A2F2F7777772E6F6D672E6F72672F737065632F42504D4E2F32303130303532342F4D4F44454C2220786D6C6E733A7873693D22687474703A2F2F7777772E77332E6F72672F323030312F584D4C536368656D612D696E7374616E63652220786D6C6E733A7873643D22687474703A2F2F7777772E77332E6F72672F323030312F584D4C536368656D612220786D6C6E733A61637469766974693D22687474703A2F2F61637469766974692E6F72672F62706D6E2220786D6C6E733A62706D6E64693D22687474703A2F2F7777772E6F6D672E6F72672F737065632F42504D4E2F32303130303532342F44492220786D6C6E733A6F6D6764633D22687474703A2F2F7777772E6F6D672E6F72672F737065632F44442F32303130303532342F44432220786D6C6E733A6F6D6764693D22687474703A2F2F7777772E6F6D672E6F72672F737065632F44442F32303130303532342F44492220747970654C616E67756167653D22687474703A2F2F7777772E77332E6F72672F323030312F584D4C536368656D61222065787072657373696F6E4C616E67756167653D22687474703A2F2F7777772E77332E6F72672F313939392F585061746822207461726765744E616D6573706163653D22687474703A2F2F7777772E61637469766974692E6F72672F70726F63657373646566223E0D0A20203C70726F636573732069643D22666C6F77763122206E616D653D22666C6F7776312220697345786563757461626C653D2274727565223E0D0A202020203C73746172744576656E742069643D227369642D37653138333930392D333636622D343661312D623733312D633335306361353238343761222F3E0D0A202020203C757365725461736B2069643D227369642D303122206E616D653D22E5889BE5BBBAE59088E5908C222061637469766974693A61737369676E65653D2273746174696F6E5F6D6173746572222F3E0D0A202020203C73657175656E6365466C6F772069643D227369642D33313265643231322D336563642D343139312D383632352D6265616634646536643331372220736F757263655265663D227369642D37653138333930392D333636622D343661312D623733312D63333530636135323834376122207461726765745265663D227369642D3031222F3E0D0A202020203C757365725461736B2069643D227369642D303222206E616D653D22E59088E5908CE7A1AEE8AEA4222061637469766974693A61737369676E65653D227375707065725F6D616E616765222F3E0D0A202020203C757365725461736B2069643D227369642D303322206E616D653D22E98787E8B4ADE5889BE5BBBA222061637469766974693A61737369676E65653D2270757263686173655F6D616E222F3E0D0A202020203C757365725461736B2069643D227369642D303422206E616D653D22E98787E8B4ADE5AEA1E689B9222061637469766974693A61737369676E65653D227375707065725F6D616E616765222F3E0D0A202020203C757365725461736B2069643D227369642D303522206E616D653D22E98787E8B4ADE5AE8CE68890222061637469766974693A61737369676E65653D2270757263686173655F6D616E222F3E0D0A202020203C757365725461736B2069643D227369642D303622206E616D653D22E585A5E5BA93E7A1AEE8AEA4222061637469766974693A61737369676E65653D22696E5F73746F7265222F3E0D0A202020203C757365725461736B2069643D227369642D303722206E616D653D22E7949FE4BAA7E5AE8CE68890222061637469766974693A61737369676E65653D227375707065725F6D616E616765222F3E0D0A202020203C757365725461736B2069643D227369642D303922206E616D653D22E587BAE5BA93E7A1AEE8AEA4222061637469766974693A61737369676E65653D226F75745F73746F7265222F3E0D0A202020203C757365725461736B2069643D227369642D313022206E616D653D22E7BB93E7AE97E7A1AEE8AEA4222061637469766974693A61737369676E65653D227375707065725F6D616E616765222F3E0D0A202020203C656E644576656E742069643D227369642D32623163633966372D636431352D343330632D613936652D316466316635323838383336222F3E0D0A202020203C73657175656E6365466C6F772069643D227369642D34333432626430652D613030332D346539302D383032332D6561356139643732333230332220736F757263655265663D227369642D303122207461726765745265663D227369642D3032222F3E0D0A202020203C6578636C7573697665476174657761792069643D227369642D32376639333532342D626564342D346339612D616230322D316435323363623439383037222F3E0D0A202020203C73657175656E6365466C6F772069643D227369642D63653339393533622D336565332D343137332D613735642D3832666165386335333930332220736F757263655265663D227369642D303222207461726765745265663D227369642D32376639333532342D626564342D346339612D616230322D316435323363623439383037222F3E0D0A202020203C73657175656E6365466C6F772069643D227369642D39356131336465332D613463322D346635662D626431312D6239343637613837356164632220736F757263655265663D227369642D32376639333532342D626564342D346339612D616230322D31643532336362343938303722207461726765745265663D227369642D303322206E616D653D22E78AB6E68081E4B8BA31EFBC8CE99C80E8A681E98787E8B4AD223E0D0A2020202020203C636F6E646974696F6E45787072657373696F6E207873693A747970653D2274466F726D616C45787072657373696F6E223E247B7374617475732667743B307D3C2F636F6E646974696F6E45787072657373696F6E3E0D0A202020203C2F73657175656E6365466C6F773E0D0A202020203C73657175656E6365466C6F772069643D227369642D63643965316238612D623934652D343932382D616130302D3832383564613934643031302220736F757263655265663D227369642D32376639333532342D626564342D346339612D616230322D31643532336362343938303722207461726765745265663D227369642D303722206E616D653D22E78AB6E68081E4B8BA30EFBC8CE697A0E99C80E98787E8B4AD223E0D0A2020202020203C636F6E646974696F6E45787072657373696F6E207873693A747970653D2274466F726D616C45787072657373696F6E223E247B737461747573266C743B317D3C2F636F6E646974696F6E45787072657373696F6E3E0D0A202020203C2F73657175656E6365466C6F773E0D0A202020203C73657175656E6365466C6F772069643D227369642D39393863613537612D643637662D343336612D383634382D3433386237333631393266632220736F757263655265663D227369642D303722207461726765745265663D227369642D3039222F3E0D0A202020203C73657175656E6365466C6F772069643D227369642D63626261613866382D653036652D343665632D396364302D3938363231386464623834352220736F757263655265663D227369642D303922207461726765745265663D227369642D3130222F3E0D0A202020203C73657175656E6365466C6F772069643D227369642D61313064616562642D633136392D343934302D393036322D3035653232306465663639362220736F757263655265663D227369642D313022207461726765745265663D227369642D32623163633966372D636431352D343330632D613936652D316466316635323838383336222F3E0D0A202020203C73657175656E6365466C6F772069643D227369642D32336332366164622D666138612D346631372D613663352D3462303135383363333138382220736F757263655265663D227369642D303622207461726765745265663D227369642D3037222F3E0D0A202020203C73657175656E6365466C6F772069643D227369642D36373666373464352D366437312D343139612D383832392D6437343963646162633331392220736F757263655265663D227369642D303322207461726765745265663D227369642D3034222F3E0D0A202020203C73657175656E6365466C6F772069643D227369642D30333765313333652D366138362D343966622D383166302D6530643338663934626261392220736F757263655265663D227369642D303422207461726765745265663D227369642D3035222F3E0D0A202020203C73657175656E6365466C6F772069643D227369642D32626336336362302D633861382D343331352D616534322D3465373530313566393039322220736F757263655265663D227369642D303522207461726765745265663D227369642D3036222F3E0D0A20203C2F70726F636573733E0D0A20203C62706D6E64693A42504D4E4469616772616D2069643D2242504D4E4469616772616D5F666C6F777631223E0D0A202020203C62706D6E64693A42504D4E506C616E652062706D6E456C656D656E743D22666C6F777631222069643D2242504D4E506C616E655F666C6F777631223E0D0A2020202020203C62706D6E64693A42504D4E53686170652069643D2273686170652D64323830633438392D356632632D346366382D626339362D326337363265613661333837222062706D6E456C656D656E743D227369642D37653138333930392D333636622D343661312D623733312D633335306361353238343761223E0D0A20202020202020203C6F6D6764633A426F756E647320783D2238352E302220793D222D38302E30222077696474683D2233302E3022206865696768743D2233302E30222F3E0D0A2020202020203C2F62706D6E64693A42504D4E53686170653E0D0A2020202020203C62706D6E64693A42504D4E53686170652069643D2273686170652D36643432343839312D353031312D343439642D386165362D636664393138376632633365222062706D6E456C656D656E743D227369642D3031223E0D0A20202020202020203C6F6D6764633A426F756E647320783D2235302E302220793D222D392E393939393938222077696474683D223130302E3022206865696768743D2238302E30222F3E0D0A2020202020203C2F62706D6E64693A42504D4E53686170653E0D0A2020202020203C62706D6E64693A42504D4E456467652069643D22656467652D30653235376334662D623732662D346235662D613263362D393531383861336336383261222062706D6E456C656D656E743D227369642D33313265643231322D336563642D343139312D383632352D626561663464653664333137223E0D0A20202020202020203C6F6D6764693A776179706F696E7420783D223130302E302220793D222D35302E30222F3E0D0A20202020202020203C6F6D6764693A776179706F696E7420783D223130302E302220793D222D392E393939393938222F3E0D0A2020202020203C2F62706D6E64693A42504D4E456467653E0D0A2020202020203C62706D6E64693A42504D4E53686170652069643D2273686170652D66373664633639652D373134312D343239652D383762652D343164323830396535363331222062706D6E456C656D656E743D227369642D3032223E0D0A20202020202020203C6F6D6764633A426F756E647320783D2235302E3030303030382220793D223130302E30222077696474683D223130302E3022206865696768743D2238302E30222F3E0D0A2020202020203C2F62706D6E64693A42504D4E53686170653E0D0A2020202020203C62706D6E64693A42504D4E53686170652069643D2273686170652D38613262623962652D636364382D343238342D393939622D646138383464336263373436222062706D6E456C656D656E743D227369642D3033223E0D0A20202020202020203C6F6D6764633A426F756E647320783D223233302E302220793D223238352E30222077696474683D223130302E3022206865696768743D2238302E30222F3E0D0A2020202020203C2F62706D6E64693A42504D4E53686170653E0D0A2020202020203C62706D6E64693A42504D4E53686170652069643D2273686170652D36623362393236622D356362382D343335342D393462362D393531393730363261636265222062706D6E456C656D656E743D227369642D3034223E0D0A20202020202020203C6F6D6764633A426F756E647320783D223233302E302220793D223430302E30222077696474683D223130302E3022206865696768743D2238302E30222F3E0D0A2020202020203C2F62706D6E64693A42504D4E53686170653E0D0A2020202020203C62706D6E64693A42504D4E53686170652069643D2273686170652D33316365353732342D316133662D343366362D626430392D356137363830386462646137222062706D6E456C656D656E743D227369642D3035223E0D0A20202020202020203C6F6D6764633A426F756E647320783D223233302E302220793D223533352E30222077696474683D223130302E3022206865696768743D2238302E30222F3E0D0A2020202020203C2F62706D6E64693A42504D4E53686170653E0D0A2020202020203C62706D6E64693A42504D4E53686170652069643D2273686170652D63663965323861352D373132622D343332302D616238372D643937653237666363396633222062706D6E456C656D656E743D227369642D3036223E0D0A20202020202020203C6F6D6764633A426F756E647320783D223233302E302220793D223637302E30222077696474683D223130302E3022206865696768743D2238302E30222F3E0D0A2020202020203C2F62706D6E64693A42504D4E53686170653E0D0A2020202020203C62706D6E64693A42504D4E53686170652069643D2273686170652D64633436363330642D633962632D343362642D383636352D343038613734623465623937222062706D6E456C656D656E743D227369642D3037223E0D0A20202020202020203C6F6D6764633A426F756E647320783D2235302E302220793D223634352E30222077696474683D223130302E3022206865696768743D2238302E30222F3E0D0A2020202020203C2F62706D6E64693A42504D4E53686170653E0D0A2020202020203C62706D6E64693A42504D4E53686170652069643D2273686170652D37663237613337332D313338362D343839382D383761652D666662323130656237376537222062706D6E456C656D656E743D227369642D3039223E0D0A20202020202020203C6F6D6764633A426F756E647320783D2235302E302220793D223737352E30222077696474683D223130302E3022206865696768743D2238302E30222F3E0D0A2020202020203C2F62706D6E64693A42504D4E53686170653E0D0A2020202020203C62706D6E64693A42504D4E53686170652069643D227369642D33376233343365352D633438382D343132622D393862302D323565323963353266383931222062706D6E456C656D656E743D227369642D3130223E0D0A20202020202020203C6F6D6764633A426F756E647320783D2235302E3030303030382220793D223930382E30363439222077696474683D223130302E3022206865696768743D2238302E30222F3E0D0A2020202020203C2F62706D6E64693A42504D4E53686170653E0D0A2020202020203C62706D6E64693A42504D4E53686170652069643D2273686170652D33356634366666642D376165342D343934332D383337302D333533363736343961666139222062706D6E456C656D656E743D227369642D32623163633966372D636431352D343330632D613936652D316466316635323838383336223E0D0A20202020202020203C6F6D6764633A426F756E647320783D2238352E302220793D22313033302E30222077696474683D2233302E3022206865696768743D2233302E30222F3E0D0A2020202020203C2F62706D6E64693A42504D4E53686170653E0D0A2020202020203C62706D6E64693A42504D4E456467652069643D22656467652D66626562326338352D386162302D346639332D386336392D316161376262316437383730222062706D6E456C656D656E743D227369642D34333432626430652D613030332D346539302D383032332D656135613964373233323033223E0D0A20202020202020203C6F6D6764693A776179706F696E7420783D223130302E302220793D2237302E30222F3E0D0A20202020202020203C6F6D6764693A776179706F696E7420783D223130302E30303030312220793D223130302E30222F3E0D0A2020202020203C2F62706D6E64693A42504D4E456467653E0D0A2020202020203C62706D6E64693A42504D4E53686170652069643D2273686170652D66366432633831352D343832332D343333352D616434392D323533353931306334646130222062706D6E456C656D656E743D227369642D32376639333532342D626564342D346339612D616230322D316435323363623439383037223E0D0A20202020202020203C6F6D6764633A426F756E647320783D2238302E30303030312220793D223233302E30222077696474683D2234302E3022206865696768743D2234302E30222F3E0D0A2020202020203C2F62706D6E64693A42504D4E53686170653E0D0A2020202020203C62706D6E64693A42504D4E456467652069643D22656467652D36633264373739342D376262662D343237652D396132352D346235323064303634613966222062706D6E456C656D656E743D227369642D63653339393533622D336565332D343137332D613735642D383266616538633533393033223E0D0A20202020202020203C6F6D6764693A776179706F696E7420783D223130302E30303030312220793D223138302E30222F3E0D0A20202020202020203C6F6D6764693A776179706F696E7420783D223130302E30303030312220793D223233302E30222F3E0D0A2020202020203C2F62706D6E64693A42504D4E456467653E0D0A2020202020203C62706D6E64693A42504D4E456467652069643D22656467652D35646230326437332D393132642D343261312D393761362D373939336666636139633637222062706D6E456C656D656E743D227369642D39356131336465332D613463322D346635662D626431312D623934363761383735616463223E0D0A20202020202020203C6F6D6764693A776179706F696E7420783D223132302E30303030312220793D223235302E30222F3E0D0A20202020202020203C6F6D6764693A776179706F696E7420783D223233302E302220793D223330352E30222F3E0D0A2020202020203C2F62706D6E64693A42504D4E456467653E0D0A2020202020203C62706D6E64693A42504D4E456467652069643D22656467652D39336438353637302D316132382D343030322D623838342D303539396232313466663337222062706D6E456C656D656E743D227369642D63643965316238612D623934652D343932382D616130302D383238356461393464303130223E0D0A20202020202020203C6F6D6764693A776179706F696E7420783D223130302E30303030312220793D223237302E30222F3E0D0A20202020202020203C6F6D6764693A776179706F696E7420783D223130302E302220793D223634352E30222F3E0D0A2020202020203C2F62706D6E64693A42504D4E456467653E0D0A2020202020203C62706D6E64693A42504D4E456467652069643D22656467652D33616663306438632D326438372D346661302D383636362D353730346633313134643162222062706D6E456C656D656E743D227369642D39393863613537612D643637662D343336612D383634382D343338623733363139326663223E0D0A20202020202020203C6F6D6764693A776179706F696E7420783D223130302E302220793D223732352E30222F3E0D0A20202020202020203C6F6D6764693A776179706F696E7420783D223130302E302220793D223737352E30222F3E0D0A2020202020203C2F62706D6E64693A42504D4E456467653E0D0A2020202020203C62706D6E64693A42504D4E456467652069643D22656467652D37343738623563372D633663322D346136652D383561342D316434363731393339326566222062706D6E456C656D656E743D227369642D63626261613866382D653036652D343665632D396364302D393836323138646462383435223E0D0A20202020202020203C6F6D6764693A776179706F696E7420783D223130302E302220793D223835352E30222F3E0D0A20202020202020203C6F6D6764693A776179706F696E7420783D223130302E30303030312220793D223930382E30363439222F3E0D0A2020202020203C2F62706D6E64693A42504D4E456467653E0D0A2020202020203C62706D6E64693A42504D4E456467652069643D22656467652D34306666323438652D313532372D343363322D623862352D303539306166636666376131222062706D6E456C656D656E743D227369642D61313064616562642D633136392D343934302D393036322D303565323230646566363936223E0D0A20202020202020203C6F6D6764693A776179706F696E7420783D223130302E30303030312220793D223938382E30363439222F3E0D0A20202020202020203C6F6D6764693A776179706F696E7420783D223130302E302220793D22313033302E30222F3E0D0A2020202020203C2F62706D6E64693A42504D4E456467653E0D0A2020202020203C62706D6E64693A42504D4E456467652069643D22656467652D30363832656564342D323832302D346565322D393931382D333633373630633962663238222062706D6E456C656D656E743D227369642D32336332366164622D666138612D346631372D613663352D346230313538336333313838223E0D0A20202020202020203C6F6D6764693A776179706F696E7420783D223233302E302220793D223731302E30222F3E0D0A20202020202020203C6F6D6764693A776179706F696E7420783D223135302E302220793D223730352E30222F3E0D0A2020202020203C2F62706D6E64693A42504D4E456467653E0D0A2020202020203C62706D6E64693A42504D4E456467652069643D22656467652D62316137616465322D663138352D346434332D623033622D303932666230306330663533222062706D6E456C656D656E743D227369642D36373666373464352D366437312D343139612D383832392D643734396364616263333139223E0D0A20202020202020203C6F6D6764693A776179706F696E7420783D223238302E302220793D223336352E30222F3E0D0A20202020202020203C6F6D6764693A776179706F696E7420783D223238302E302220793D223430302E30222F3E0D0A2020202020203C2F62706D6E64693A42504D4E456467653E0D0A2020202020203C62706D6E64693A42504D4E456467652069643D22656467652D33373436613763632D343361322D346364362D386336342D343662326364613233643863222062706D6E456C656D656E743D227369642D30333765313333652D366138362D343966622D383166302D653064333866393462626139223E0D0A20202020202020203C6F6D6764693A776179706F696E7420783D223238302E302220793D223438302E30222F3E0D0A20202020202020203C6F6D6764693A776179706F696E7420783D223238302E302220793D223533352E30222F3E0D0A2020202020203C2F62706D6E64693A42504D4E456467653E0D0A2020202020203C62706D6E64693A42504D4E456467652069643D22656467652D32333638383062382D636463392D343664622D623565612D353831326535316561343130222062706D6E456C656D656E743D227369642D32626336336362302D633861382D343331352D616534322D346537353031356639303932223E0D0A20202020202020203C6F6D6764693A776179706F696E7420783D223238302E302220793D223631352E30222F3E0D0A20202020202020203C6F6D6764693A776179706F696E7420783D223238302E302220793D223637302E30222F3E0D0A2020202020203C2F62706D6E64693A42504D4E456467653E0D0A202020203C2F62706D6E64693A42504D4E506C616E653E0D0A20203C2F62706D6E64693A42504D4E4469616772616D3E0D0A3C2F646566696E6974696F6E733E0D0A, 0);
INSERT INTO `act_ge_bytearray` VALUES ('9d860c28-7b97-11ee-918e-48a47209a1e7', 1, 'D:\\project\\warehouse\\warehouse-backend\\target\\classes\\processes\\test2.bpmn20.xml', '9d860c26-7b97-11ee-918e-48a47209a1e7', 0x3C3F786D6C2076657273696F6E3D22312E302220656E636F64696E673D225554462D38223F3E0D0A3C646566696E6974696F6E7320786D6C6E733D22687474703A2F2F7777772E6F6D672E6F72672F737065632F42504D4E2F32303130303532342F4D4F44454C2220786D6C6E733A7873693D22687474703A2F2F7777772E77332E6F72672F323030312F584D4C536368656D612D696E7374616E63652220786D6C6E733A7873643D22687474703A2F2F7777772E77332E6F72672F323030312F584D4C536368656D612220786D6C6E733A61637469766974693D22687474703A2F2F61637469766974692E6F72672F62706D6E2220786D6C6E733A62706D6E64693D22687474703A2F2F7777772E6F6D672E6F72672F737065632F42504D4E2F32303130303532342F44492220786D6C6E733A6F6D6764633D22687474703A2F2F7777772E6F6D672E6F72672F737065632F44442F32303130303532342F44432220786D6C6E733A6F6D6764693D22687474703A2F2F7777772E6F6D672E6F72672F737065632F44442F32303130303532342F44492220747970654C616E67756167653D22687474703A2F2F7777772E77332E6F72672F323030312F584D4C536368656D61222065787072657373696F6E4C616E67756167653D22687474703A2F2F7777772E77332E6F72672F313939392F585061746822207461726765744E616D6573706163653D22687474703A2F2F7777772E61637469766974692E6F72672F70726F63657373646566223E0D0A20203C70726F636573732069643D22746573743222206E616D653D2274657374322220697345786563757461626C653D2274727565223E0D0A202020203C73746172744576656E742069643D227369642D31653039633038642D336632622D346665312D396530382D616338393238613234303739222F3E0D0A202020203C757365725461736B2069643D227369642D30303122206E616D653D22E59088E5908CE7A1AEE8AEA4222061637469766974693A61737369676E65653D227375707065725F6D616E616765222F3E0D0A202020203C73657175656E6365466C6F772069643D227369642D66323236366362662D313833322D343434632D383535372D3863326336336362396534632220736F757263655265663D227369642D31653039633038642D336632622D346665312D396530382D61633839323861323430373922207461726765745265663D227369642D303031222F3E0D0A202020203C6578636C7573697665476174657761792069643D227369642D33386361393533622D323335382D343438642D613335352D613466353939343236396438222F3E0D0A202020203C73657175656E6365466C6F772069643D227369642D38356130363862652D373035302D343935612D616466382D6136643332373463353062352220736F757263655265663D227369642D30303122207461726765745265663D227369642D33386361393533622D323335382D343438642D613335352D613466353939343236396438222F3E0D0A202020203C73657175656E6365466C6F772069643D227369642D30376564313032652D356330372D346233642D386561372D6137663530383431333165642220736F757263655265663D227369642D33386361393533622D323335382D343438642D613335352D61346635393934323639643822207461726765745265663D227369642D63346462383230312D323763642D346339342D623565302D61346333326265303637383422206E616D653D22E78AB6E68081E4B8BA30EFBC8CE4B88DE99C80E8A681E98787E8B4AD223E0D0A2020202020203C636F6E646974696F6E45787072657373696F6E207873693A747970653D2274466F726D616C45787072657373696F6E223E247B737461747573266C743B317D3C2F636F6E646974696F6E45787072657373696F6E3E0D0A202020203C2F73657175656E6365466C6F773E0D0A202020203C757365725461736B2069643D227369642D303322206E616D653D22E98787E8B4ADE7A1AEE8AEA4222061637469766974693A61737369676E65653D2270757263686173655F6D616E222F3E0D0A202020203C73657175656E6365466C6F772069643D227369642D33333336633434662D656664312D343664362D383933362D3538393865646139383466632220736F757263655265663D227369642D33386361393533622D323335382D343438642D613335352D61346635393934323639643822207461726765745265663D227369642D303322206E616D653D22E78AB6E68081E4B8BA31EFBC8CE99C80E8A681E98787E8B4AD223E0D0A2020202020203C636F6E646974696F6E45787072657373696F6E207873693A747970653D2274466F726D616C45787072657373696F6E223E247B7374617475732667743B307D3C2F636F6E646974696F6E45787072657373696F6E3E0D0A202020203C2F73657175656E6365466C6F773E0D0A202020203C757365725461736B2069643D227369642D303422206E616D653D22E585A5E5BA93E7A1AEE8AEA4222061637469766974693A61737369676E65653D22696E5F73746F7265222F3E0D0A202020203C757365725461736B2069643D227369642D63346462383230312D323763642D346339342D623565302D61346333326265303637383422206E616D653D22E587BAE5BA93E7A1AEE8AEA4222061637469766974693A61737369676E65653D226F75745F73746F7265222F3E0D0A202020203C73657175656E6365466C6F772069643D227369642D66383133346638322D356336652D346531642D393564622D3637313132353861623134362220736F757263655265663D227369642D303322207461726765745265663D227369642D3034222F3E0D0A202020203C73657175656E6365466C6F772069643D227369642D61316566383233392D316335632D346663332D383963302D3539663163653439333561342220736F757263655265663D227369642D303422207461726765745265663D227369642D63346462383230312D323763642D346339342D623565302D613463333262653036373834222F3E0D0A202020203C757365725461736B2069643D227369642D38343434366162372D316361382D343463652D393735382D34313131366163366339336422206E616D653D22E7949FE4BAA7E7A1AEE8AEA4222061637469766974693A61737369676E65653D227375707065725F6D616E616765222F3E0D0A202020203C73657175656E6365466C6F772069643D227369642D61313965346230312D633063392D343831632D613061372D3333623031396231656163632220736F757263655265663D227369642D63346462383230312D323763642D346339342D623565302D61346333326265303637383422207461726765745265663D227369642D38343434366162372D316361382D343463652D393735382D343131313661633663393364222F3E0D0A202020203C656E644576656E742069643D227369642D36323635326633382D346135372D346465342D383134642D303233386537366539363834222F3E0D0A202020203C73657175656E6365466C6F772069643D227369642D64343531623962362D663934312D343066352D386439642D6662306538323834646136662220736F757263655265663D227369642D38343434366162372D316361382D343463652D393735382D34313131366163366339336422207461726765745265663D227369642D30636639383263392D313432392D343963332D626431332D626166383262313363343431222F3E0D0A202020203C757365725461736B2069643D227369642D30636639383263392D313432392D343963332D626431332D62616638326231336334343122206E616D653D22E7BB93E7AE97E7A1AEE8AEA4222061637469766974693A61737369676E65653D227375707065725F6D616E616765222F3E0D0A202020203C73657175656E6365466C6F772069643D227369642D33363939306264632D396236382D343232342D626665312D3533623332643231636362652220736F757263655265663D227369642D30636639383263392D313432392D343963332D626431332D62616638326231336334343122207461726765745265663D227369642D36323635326633382D346135372D346465342D383134642D303233386537366539363834222F3E0D0A20203C2F70726F636573733E0D0A20203C62706D6E64693A42504D4E4469616772616D2069643D2242504D4E4469616772616D5F7465737432223E0D0A202020203C62706D6E64693A42504D4E506C616E652062706D6E456C656D656E743D227465737432222069643D2242504D4E506C616E655F7465737432223E0D0A2020202020203C62706D6E64693A42504D4E53686170652069643D2273686170652D65623931336666312D356234352D343633372D623961632D303565653838323933373035222062706D6E456C656D656E743D227369642D31653039633038642D336632622D346665312D396530382D616338393238613234303739223E0D0A20202020202020203C6F6D6764633A426F756E647320783D22302E302220793D222D37352E30222077696474683D2233302E3022206865696768743D2233302E30222F3E0D0A2020202020203C2F62706D6E64693A42504D4E53686170653E0D0A2020202020203C62706D6E64693A42504D4E53686170652069643D2273686170652D65383835363634662D653531372D343036312D383030302D396639396263636135363631222062706D6E456C656D656E743D227369642D303031223E0D0A20202020202020203C6F6D6764633A426F756E647320783D222D33352E302220793D222D31352E30222077696474683D223130302E3022206865696768743D2238302E30222F3E0D0A2020202020203C2F62706D6E64693A42504D4E53686170653E0D0A2020202020203C62706D6E64693A42504D4E456467652069643D22656467652D34373464383538392D376365612D343161392D396339632D393162346262313737343039222062706D6E456C656D656E743D227369642D66323236366362662D313833322D343434632D383535372D386332633633636239653463223E0D0A20202020202020203C6F6D6764693A776179706F696E7420783D2231352E302220793D222D34352E30222F3E0D0A20202020202020203C6F6D6764693A776179706F696E7420783D2231352E302220793D222D31352E30222F3E0D0A2020202020203C2F62706D6E64693A42504D4E456467653E0D0A2020202020203C62706D6E64693A42504D4E53686170652069643D2273686170652D61393865626466332D383964372D346465342D383964372D313132363838353335646132222062706D6E456C656D656E743D227369642D33386361393533622D323335382D343438642D613335352D613466353939343236396438223E0D0A20202020202020203C6F6D6764633A426F756E647320783D222D352E302220793D223131302E30222077696474683D2234302E3022206865696768743D2234302E30222F3E0D0A2020202020203C2F62706D6E64693A42504D4E53686170653E0D0A2020202020203C62706D6E64693A42504D4E456467652069643D22656467652D34343934613963332D613036342D346237652D393433612D666232386262353961366464222062706D6E456C656D656E743D227369642D38356130363862652D373035302D343935612D616466382D613664333237346335306235223E0D0A20202020202020203C6F6D6764693A776179706F696E7420783D2231352E302220793D2236352E30222F3E0D0A20202020202020203C6F6D6764693A776179706F696E7420783D2231352E302220793D223131302E30222F3E0D0A2020202020203C2F62706D6E64693A42504D4E456467653E0D0A2020202020203C62706D6E64693A42504D4E53686170652069643D2273686170652D65323732323634312D303333372D343631642D623837642D386462386236353662343966222062706D6E456C656D656E743D227369642D63346462383230312D323763642D346339342D623565302D613463333262653036373834223E0D0A20202020202020203C6F6D6764633A426F756E647320783D222D33352E302220793D223433302E30222077696474683D223130302E3022206865696768743D2238302E30222F3E0D0A2020202020203C2F62706D6E64693A42504D4E53686170653E0D0A2020202020203C62706D6E64693A42504D4E456467652069643D22656467652D62333234366136652D323335312D346464642D393732302D626134303930633663636662222062706D6E456C656D656E743D227369642D30376564313032652D356330372D346233642D386561372D613766353038343133316564223E0D0A20202020202020203C6F6D6764693A776179706F696E7420783D2231352E302220793D223135302E30222F3E0D0A20202020202020203C6F6D6764693A776179706F696E7420783D2231352E302220793D223433302E30222F3E0D0A2020202020203C2F62706D6E64693A42504D4E456467653E0D0A2020202020203C62706D6E64693A42504D4E53686170652069643D2273686170652D34396661353639632D323464342D343464392D393863352D616538383738613435613833222062706D6E456C656D656E743D227369642D3033223E0D0A20202020202020203C6F6D6764633A426F756E647320783D223135352E302220793D223230352E30222077696474683D223130302E3022206865696768743D2238302E30222F3E0D0A2020202020203C2F62706D6E64693A42504D4E53686170653E0D0A2020202020203C62706D6E64693A42504D4E456467652069643D22656467652D66343838653738382D396532632D346539622D613431362D343561356231343536313133222062706D6E456C656D656E743D227369642D33333336633434662D656664312D343664362D383933362D353839386564613938346663223E0D0A20202020202020203C6F6D6764693A776179706F696E7420783D2233352E302220793D223133302E30222F3E0D0A20202020202020203C6F6D6764693A776179706F696E7420783D223135352E302220793D223232352E30222F3E0D0A2020202020203C2F62706D6E64693A42504D4E456467653E0D0A2020202020203C62706D6E64693A42504D4E53686170652069643D2273686170652D36356333373633382D346331392D343735382D623632332D636133613235623065333464222062706D6E456C656D656E743D227369642D3034223E0D0A20202020202020203C6F6D6764633A426F756E647320783D223135352E302220793D223339302E30222077696474683D223130302E3022206865696768743D2238302E30222F3E0D0A2020202020203C2F62706D6E64693A42504D4E53686170653E0D0A2020202020203C62706D6E64693A42504D4E456467652069643D22656467652D38626235623737352D363761322D346265652D396461662D346533313566336535326130222062706D6E456C656D656E743D227369642D66383133346638322D356336652D346531642D393564622D363731313235386162313436223E0D0A20202020202020203C6F6D6764693A776179706F696E7420783D223230352E302220793D223238352E30222F3E0D0A20202020202020203C6F6D6764693A776179706F696E7420783D223230352E302220793D223339302E30222F3E0D0A2020202020203C2F62706D6E64693A42504D4E456467653E0D0A2020202020203C62706D6E64693A42504D4E456467652069643D22656467652D38383833353437652D393064662D346362652D613566362D613931313565373533626437222062706D6E456C656D656E743D227369642D61316566383233392D316335632D346663332D383963302D353966316365343933356134223E0D0A20202020202020203C6F6D6764693A776179706F696E7420783D223135352E302220793D223435302E30222F3E0D0A20202020202020203C6F6D6764693A776179706F696E7420783D2236352E302220793D223435302E30222F3E0D0A2020202020203C2F62706D6E64693A42504D4E456467653E0D0A2020202020203C62706D6E64693A42504D4E53686170652069643D2273686170652D32393432386665302D623164662D346332352D623135362D623261326138663863386536222062706D6E456C656D656E743D227369642D38343434366162372D316361382D343463652D393735382D343131313661633663393364223E0D0A20202020202020203C6F6D6764633A426F756E647320783D222D33352E302220793D223538352E30222077696474683D223130302E3022206865696768743D2238302E30222F3E0D0A2020202020203C2F62706D6E64693A42504D4E53686170653E0D0A2020202020203C62706D6E64693A42504D4E456467652069643D22656467652D39636539643835632D313035312D346330652D623836382D306166376332656263343932222062706D6E456C656D656E743D227369642D61313965346230312D633063392D343831632D613061372D333362303139623165616363223E0D0A20202020202020203C6F6D6764693A776179706F696E7420783D2231352E302220793D223531302E30222F3E0D0A20202020202020203C6F6D6764693A776179706F696E7420783D2231352E302220793D223538352E30222F3E0D0A2020202020203C2F62706D6E64693A42504D4E456467653E0D0A2020202020203C62706D6E64693A42504D4E53686170652069643D2273686170652D31363064653266372D616163342D346337362D383839662D356530313663343361303038222062706D6E456C656D656E743D227369642D36323635326633382D346135372D346465342D383134642D303233386537366539363834223E0D0A20202020202020203C6F6D6764633A426F756E647320783D22302E302220793D223838352E30222077696474683D2233302E3022206865696768743D2233302E30222F3E0D0A2020202020203C2F62706D6E64693A42504D4E53686170653E0D0A2020202020203C62706D6E64693A42504D4E456467652069643D22656467652D39363764626531372D313435382D343934632D396239662D316233663864363231366365222062706D6E456C656D656E743D227369642D64343531623962362D663934312D343066352D386439642D666230653832383464613666223E0D0A20202020202020203C6F6D6764693A776179706F696E7420783D2231352E302220793D223636352E30222F3E0D0A20202020202020203C6F6D6764693A776179706F696E7420783D2231342E3939393938352220793D223732352E30222F3E0D0A2020202020203C2F62706D6E64693A42504D4E456467653E0D0A2020202020203C62706D6E64693A42504D4E53686170652069643D2273686170652D63383736623631312D383331622D343431392D613235312D366536356436343333326131222062706D6E456C656D656E743D227369642D30636639383263392D313432392D343963332D626431332D626166383262313363343431223E0D0A20202020202020203C6F6D6764633A426F756E647320783D222D33352E302220793D223733352E30222077696474683D223130302E3022206865696768743D2238302E30222F3E0D0A2020202020203C2F62706D6E64693A42504D4E53686170653E0D0A2020202020203C62706D6E64693A42504D4E456467652069643D22656467652D33343465343630392D393934392D346238632D383663632D333733313334376633353466222062706D6E456C656D656E743D227369642D33363939306264632D396236382D343232342D626665312D353362333264323163636265223E0D0A20202020202020203C6F6D6764693A776179706F696E7420783D2231352E302220793D223831352E30222F3E0D0A20202020202020203C6F6D6764693A776179706F696E7420783D2231352E302220793D223838352E30222F3E0D0A2020202020203C2F62706D6E64693A42504D4E456467653E0D0A202020203C2F62706D6E64693A42504D4E506C616E653E0D0A20203C2F62706D6E64693A42504D4E4469616772616D3E0D0A3C2F646566696E6974696F6E733E0D0A, 0);
INSERT INTO `act_ge_bytearray` VALUES ('9d860c29-7b97-11ee-918e-48a47209a1e7', 1, 'D:\\project\\warehouse\\warehouse-backend\\target\\classes\\processes\\demo2.bpmn20.xml', '9d860c26-7b97-11ee-918e-48a47209a1e7', 0x3C3F786D6C2076657273696F6E3D22312E302220656E636F64696E673D225554462D38223F3E0D0A3C646566696E6974696F6E7320786D6C6E733D22687474703A2F2F7777772E6F6D672E6F72672F737065632F42504D4E2F32303130303532342F4D4F44454C2220786D6C6E733A7873693D22687474703A2F2F7777772E77332E6F72672F323030312F584D4C536368656D612D696E7374616E63652220786D6C6E733A7873643D22687474703A2F2F7777772E77332E6F72672F323030312F584D4C536368656D612220786D6C6E733A61637469766974693D22687474703A2F2F61637469766974692E6F72672F62706D6E2220786D6C6E733A62706D6E64693D22687474703A2F2F7777772E6F6D672E6F72672F737065632F42504D4E2F32303130303532342F44492220786D6C6E733A6F6D6764633D22687474703A2F2F7777772E6F6D672E6F72672F737065632F44442F32303130303532342F44432220786D6C6E733A6F6D6764693D22687474703A2F2F7777772E6F6D672E6F72672F737065632F44442F32303130303532342F44492220747970654C616E67756167653D22687474703A2F2F7777772E77332E6F72672F323030312F584D4C536368656D61222065787072657373696F6E4C616E67756167653D22687474703A2F2F7777772E77332E6F72672F313939392F585061746822207461726765744E616D6573706163653D22687474703A2F2F7777772E61637469766974692E6F72672F70726F63657373646566223E0D0A20203C70726F636573732069643D2264656D6F3222206E616D653D2264656D6F322220697345786563757461626C653D2274727565223E0D0A202020203C73746172744576656E742069643D227369642D34376337353334622D653436652D343130322D616231312D663133663139616436613531222F3E0D0A202020203C757365725461736B2069643D227369642D63613536303365622D373939612D343730612D626238372D346536393966313731653361222061637469766974693A61737369676E65653D227375707065725F6D616E61676522206E616D653D22E6B58BE8AF95E794B3E8AFB7222F3E0D0A202020203C757365725461736B2069643D227369642D37303532303764612D383661642D343531622D613334392D336238653635386133656633222061637469766974693A63616E64696461746555736572733D227375707065725F6D616E6167652C70757263686173655F6D616E22206E616D653D22E6B58BE8AF95E5AEA1E6A0B8222F3E0D0A202020203C73657175656E6365466C6F772069643D227369642D64343032656433322D363935322D343461622D616564642D3362393862313564373963362220736F757263655265663D227369642D63613536303365622D373939612D343730612D626238372D34653639396631373165336122207461726765745265663D227369642D37303532303764612D383661642D343531622D613334392D336238653635386133656633222F3E0D0A202020203C656E644576656E742069643D227369642D61316662616363332D653866372D346631642D626562652D353037393538613539363662222F3E0D0A202020203C73657175656E6365466C6F772069643D227369642D32343864353835322D313962372D343430622D613161652D3561316664613633303865612220736F757263655265663D227369642D37303532303764612D383661642D343531622D613334392D33623865363538613365663322207461726765745265663D227369642D61316662616363332D653866372D346631642D626562652D353037393538613539363662222F3E0D0A202020203C73657175656E6365466C6F772069643D227369642D61343132613933322D393333312D343561332D626134622D6462343233373865383964362220736F757263655265663D227369642D34376337353334622D653436652D343130322D616231312D66313366313961643661353122207461726765745265663D227369642D63613536303365622D373939612D343730612D626238372D346536393966313731653361222F3E0D0A20203C2F70726F636573733E0D0A20203C62706D6E64693A42504D4E4469616772616D2069643D2242504D4E4469616772616D5F64656D6F32223E0D0A202020203C62706D6E64693A42504D4E506C616E652062706D6E456C656D656E743D2264656D6F32222069643D2242504D4E506C616E655F64656D6F32223E0D0A2020202020203C62706D6E64693A42504D4E53686170652069643D2273686170652D38613736303638332D623363382D346539612D626638382D626439316536313165666665222062706D6E456C656D656E743D227369642D34376337353334622D653436652D343130322D616231312D663133663139616436613531223E0D0A20202020202020203C6F6D6764633A426F756E647320783D222D36302E302220793D222D3233352E30222077696474683D2233302E3022206865696768743D2233302E30222F3E0D0A2020202020203C2F62706D6E64693A42504D4E53686170653E0D0A2020202020203C62706D6E64693A42504D4E53686170652069643D2273686170652D36656234663936652D333862372D346539322D386164342D353532346238393931396437222062706D6E456C656D656E743D227369642D63613536303365622D373939612D343730612D626238372D346536393966313731653361223E0D0A20202020202020203C6F6D6764633A426F756E647320783D222D39352E302220793D222D3137302E30222077696474683D223130302E3022206865696768743D2238302E30222F3E0D0A2020202020203C2F62706D6E64693A42504D4E53686170653E0D0A2020202020203C62706D6E64693A42504D4E53686170652069643D2273686170652D66393362383639632D303930302D343832392D623461662D623838623761366638363535222062706D6E456C656D656E743D227369642D37303532303764612D383661642D343531622D613334392D336238653635386133656633223E0D0A20202020202020203C6F6D6764633A426F756E647320783D222D39352E302220793D222D36302E30222077696474683D223130302E3022206865696768743D2238302E30222F3E0D0A2020202020203C2F62706D6E64693A42504D4E53686170653E0D0A2020202020203C62706D6E64693A42504D4E456467652069643D22656467652D61383736623934652D386431382D343732312D623132362D326665373634346236323433222062706D6E456C656D656E743D227369642D64343032656433322D363935322D343461622D616564642D336239386231356437396336223E0D0A20202020202020203C6F6D6764693A776179706F696E7420783D222D34352E302220793D222D39302E30222F3E0D0A20202020202020203C6F6D6764693A776179706F696E7420783D222D34352E302220793D222D36302E30222F3E0D0A2020202020203C2F62706D6E64693A42504D4E456467653E0D0A2020202020203C62706D6E64693A42504D4E53686170652069643D2273686170652D61646230303761302D326135302D343730372D613335642D626364343937323965616665222062706D6E456C656D656E743D227369642D61316662616363332D653866372D346631642D626562652D353037393538613539363662223E0D0A20202020202020203C6F6D6764633A426F756E647320783D222D36302E302220793D2234352E30222077696474683D2233302E3022206865696768743D2233302E30222F3E0D0A2020202020203C2F62706D6E64693A42504D4E53686170653E0D0A2020202020203C62706D6E64693A42504D4E456467652069643D22656467652D32393536663361302D633439652D343663382D613635362D633037303237643431303961222062706D6E456C656D656E743D227369642D32343864353835322D313962372D343430622D613161652D356131666461363330386561223E0D0A20202020202020203C6F6D6764693A776179706F696E7420783D222D34352E302220793D2232302E30222F3E0D0A20202020202020203C6F6D6764693A776179706F696E7420783D222D34352E302220793D2234352E30222F3E0D0A2020202020203C2F62706D6E64693A42504D4E456467653E0D0A2020202020203C62706D6E64693A42504D4E456467652069643D22656467652D65623964313739642D353130352D346162342D623037612D653432343537353661633665222062706D6E456C656D656E743D227369642D61343132613933322D393333312D343561332D626134622D646234323337386538396436223E0D0A20202020202020203C6F6D6764693A776179706F696E7420783D222D34352E302220793D222D3230352E30222F3E0D0A20202020202020203C6F6D6764693A776179706F696E7420783D222D34352E302220793D222D3137302E30222F3E0D0A2020202020203C2F62706D6E64693A42504D4E456467653E0D0A202020203C2F62706D6E64693A42504D4E506C616E653E0D0A20203C2F62706D6E64693A42504D4E4469616772616D3E0D0A3C2F646566696E6974696F6E733E0D0A, 0);

-- ----------------------------
-- Table structure for act_ge_property
-- ----------------------------
DROP TABLE IF EXISTS `act_ge_property`;
CREATE TABLE `act_ge_property`  (
  `NAME_` varchar(64) CHARACTER SET utf8 COLLATE utf8_bin NOT NULL,
  `VALUE_` varchar(300) CHARACTER SET utf8 COLLATE utf8_bin NULL DEFAULT NULL,
  `REV_` int NULL DEFAULT NULL,
  PRIMARY KEY (`NAME_`) USING BTREE
) ENGINE = InnoDB CHARACTER SET = utf8 COLLATE = utf8_bin ROW_FORMAT = Dynamic;

-- ----------------------------
-- Records of act_ge_property
-- ----------------------------
INSERT INTO `act_ge_property` VALUES ('cfg.execution-related-entities-count', 'false', 1);
INSERT INTO `act_ge_property` VALUES ('next.dbid', '1', 1);
INSERT INTO `act_ge_property` VALUES ('schema.history', 'create(7.0.0.0)', 1);
INSERT INTO `act_ge_property` VALUES ('schema.version', '7.0.0.0', 1);

-- ----------------------------
-- Table structure for act_hi_actinst
-- ----------------------------
DROP TABLE IF EXISTS `act_hi_actinst`;
CREATE TABLE `act_hi_actinst`  (
  `ID_` varchar(64) CHARACTER SET utf8 COLLATE utf8_bin NOT NULL,
  `PROC_DEF_ID_` varchar(64) CHARACTER SET utf8 COLLATE utf8_bin NOT NULL,
  `PROC_INST_ID_` varchar(64) CHARACTER SET utf8 COLLATE utf8_bin NOT NULL,
  `EXECUTION_ID_` varchar(64) CHARACTER SET utf8 COLLATE utf8_bin NOT NULL,
  `ACT_ID_` varchar(255) CHARACTER SET utf8 COLLATE utf8_bin NOT NULL,
  `TASK_ID_` varchar(64) CHARACTER SET utf8 COLLATE utf8_bin NULL DEFAULT NULL,
  `CALL_PROC_INST_ID_` varchar(64) CHARACTER SET utf8 COLLATE utf8_bin NULL DEFAULT NULL,
  `ACT_NAME_` varchar(255) CHARACTER SET utf8 COLLATE utf8_bin NULL DEFAULT NULL,
  `ACT_TYPE_` varchar(255) CHARACTER SET utf8 COLLATE utf8_bin NOT NULL,
  `ASSIGNEE_` varchar(255) CHARACTER SET utf8 COLLATE utf8_bin NULL DEFAULT NULL,
  `START_TIME_` datetime(3) NOT NULL,
  `END_TIME_` datetime(3) NULL DEFAULT NULL,
  `DURATION_` bigint NULL DEFAULT NULL,
  `DELETE_REASON_` varchar(4000) CHARACTER SET utf8 COLLATE utf8_bin NULL DEFAULT NULL,
  `TENANT_ID_` varchar(255) CHARACTER SET utf8 COLLATE utf8_bin NULL DEFAULT '',
  PRIMARY KEY (`ID_`) USING BTREE,
  INDEX `ACT_IDX_HI_ACT_INST_START`(`START_TIME_` ASC) USING BTREE,
  INDEX `ACT_IDX_HI_ACT_INST_END`(`END_TIME_` ASC) USING BTREE,
  INDEX `ACT_IDX_HI_ACT_INST_PROCINST`(`PROC_INST_ID_` ASC, `ACT_ID_` ASC) USING BTREE,
  INDEX `ACT_IDX_HI_ACT_INST_EXEC`(`EXECUTION_ID_` ASC, `ACT_ID_` ASC) USING BTREE
) ENGINE = InnoDB CHARACTER SET = utf8 COLLATE = utf8_bin ROW_FORMAT = Dynamic;

-- ----------------------------
-- Records of act_hi_actinst
-- ----------------------------
INSERT INTO `act_hi_actinst` VALUES ('0748ed1c-7ea4-11ee-a3ef-48a47209a1e7', 'flowv1:1:9db0ecba-7b97-11ee-918e-48a47209a1e7', '9fb0d893-7ea3-11ee-9b02-48a47209a1e7', '9fb0ffb2-7ea3-11ee-9b02-48a47209a1e7', 'sid-2b1cc9f7-cd15-430c-a96e-1df1f5288836', NULL, NULL, NULL, 'endEvent', NULL, '2023-11-09 10:02:25.702', '2023-11-09 10:02:25.702', 0, NULL, '');
INSERT INTO `act_hi_actinst` VALUES ('0c014763-7f77-11ee-abad-48a47209a1e7', 'flowv1:1:9db0ecba-7b97-11ee-918e-48a47209a1e7', '32f70cc3-7ed1-11ee-9c08-48a47209a1e7', '32f7f732-7ed1-11ee-9c08-48a47209a1e7', 'sid-2b1cc9f7-cd15-430c-a96e-1df1f5288836', NULL, NULL, NULL, 'endEvent', NULL, '2023-11-10 11:12:57.431', '2023-11-10 11:12:57.440', 9, NULL, '');
INSERT INTO `act_hi_actinst` VALUES ('103360f4-81cf-11ee-8386-48a47209a1e7', 'flowv1:1:9db0ecba-7b97-11ee-918e-48a47209a1e7', '4afb5c69-81cd-11ee-8386-48a47209a1e7', '4afbf8b8-81cd-11ee-8386-48a47209a1e7', 'sid-04', '10338805-81cf-11ee-8386-48a47209a1e7', NULL, '', 'userTask', 'supper_manage', '2023-11-13 10:48:02.508', '2023-11-13 10:48:46.635', 44127, NULL, '');
INSERT INTO `act_hi_actinst` VALUES ('132e1c98-7ec5-11ee-9a80-48a47209a1e7', 'flowv1:1:9db0ecba-7b97-11ee-918e-48a47209a1e7', 'b9ddfc0e-7eb4-11ee-83ef-48a47209a1e7', 'b9de232d-7eb4-11ee-83ef-48a47209a1e7', 'sid-10', '132e43a9-7ec5-11ee-9a80-48a47209a1e7', NULL, '', 'userTask', 'supper_manage', '2023-11-09 13:58:59.051', '2023-11-09 13:59:18.551', 19500, NULL, '');
INSERT INTO `act_hi_actinst` VALUES ('19994bfc-7e0f-11ee-93b6-48a47209a1e7', 'flowv1:1:9db0ecba-7b97-11ee-918e-48a47209a1e7', '32b8b594-7e0b-11ee-8f85-48a47209a1e7', '32bed023-7e0b-11ee-8f85-48a47209a1e7', 'sid-04', '19a002bd-7e0f-11ee-93b6-48a47209a1e7', NULL, '', 'userTask', 'supper_manage', '2023-11-08 16:16:21.415', '2023-11-08 16:21:04.937', 283522, NULL, '');
INSERT INTO `act_hi_actinst` VALUES ('1ecd935a-7ec5-11ee-9a80-48a47209a1e7', 'flowv1:1:9db0ecba-7b97-11ee-918e-48a47209a1e7', 'b9ddfc0e-7eb4-11ee-83ef-48a47209a1e7', 'b9de232d-7eb4-11ee-83ef-48a47209a1e7', 'sid-2b1cc9f7-cd15-430c-a96e-1df1f5288836', NULL, NULL, NULL, 'endEvent', NULL, '2023-11-09 13:59:18.551', '2023-11-09 13:59:18.552', 1, NULL, '');
INSERT INTO `act_hi_actinst` VALUES ('2a809fe7-81cf-11ee-8386-48a47209a1e7', 'flowv1:1:9db0ecba-7b97-11ee-918e-48a47209a1e7', '4afb5c69-81cd-11ee-8386-48a47209a1e7', '4afbf8b8-81cd-11ee-8386-48a47209a1e7', 'sid-05', '2a809fe8-81cf-11ee-8386-48a47209a1e7', NULL, '', 'userTask', 'purchase_man', '2023-11-13 10:48:46.635', '2023-11-13 10:54:28.120', 341485, NULL, '');
INSERT INTO `act_hi_actinst` VALUES ('2f238f32-7e10-11ee-93b6-48a47209a1e7', 'flowv1:1:9db0ecba-7b97-11ee-918e-48a47209a1e7', '32b8b594-7e0b-11ee-8f85-48a47209a1e7', '32bed023-7e0b-11ee-8f85-48a47209a1e7', 'sid-04', '2f23b643-7e10-11ee-93b6-48a47209a1e7', NULL, '', 'userTask', 'supper_manage', '2023-11-08 16:24:07.050', '2023-11-08 16:24:20.352', 13302, NULL, '');
INSERT INTO `act_hi_actinst` VALUES ('32c008a4-7e0b-11ee-8f85-48a47209a1e7', 'flowv1:1:9db0ecba-7b97-11ee-918e-48a47209a1e7', '32b8b594-7e0b-11ee-8f85-48a47209a1e7', '32bed023-7e0b-11ee-8f85-48a47209a1e7', 'sid-7e183909-366b-46a1-b731-c350ca52847a', NULL, NULL, NULL, 'startEvent', NULL, '2023-11-08 15:48:25.625', '2023-11-08 15:48:25.632', 7, NULL, '');
INSERT INTO `act_hi_actinst` VALUES ('32c22b85-7e0b-11ee-8f85-48a47209a1e7', 'flowv1:1:9db0ecba-7b97-11ee-918e-48a47209a1e7', '32b8b594-7e0b-11ee-8f85-48a47209a1e7', '32bed023-7e0b-11ee-8f85-48a47209a1e7', 'sid-01', '32c89426-7e0b-11ee-8f85-48a47209a1e7', NULL, '', 'userTask', 'station_master', '2023-11-08 15:48:25.639', '2023-11-08 15:48:25.820', 181, NULL, '');
INSERT INTO `act_hi_actinst` VALUES ('32ddc9d8-7e0b-11ee-8f85-48a47209a1e7', 'flowv1:1:9db0ecba-7b97-11ee-918e-48a47209a1e7', '32b8b594-7e0b-11ee-8f85-48a47209a1e7', '32bed023-7e0b-11ee-8f85-48a47209a1e7', 'sid-02', '32ddc9d9-7e0b-11ee-8f85-48a47209a1e7', NULL, '', 'userTask', 'supper_manage', '2023-11-08 15:48:25.820', '2023-11-08 15:49:19.033', 53213, NULL, '');
INSERT INTO `act_hi_actinst` VALUES ('32f84553-7ed1-11ee-9c08-48a47209a1e7', 'flowv1:1:9db0ecba-7b97-11ee-918e-48a47209a1e7', '32f70cc3-7ed1-11ee-9c08-48a47209a1e7', '32f7f732-7ed1-11ee-9c08-48a47209a1e7', 'sid-7e183909-366b-46a1-b731-c350ca52847a', NULL, NULL, NULL, 'startEvent', NULL, '2023-11-09 15:25:46.346', '2023-11-09 15:25:46.349', 3, NULL, '');
INSERT INTO `act_hi_actinst` VALUES ('32f92fb4-7ed1-11ee-9c08-48a47209a1e7', 'flowv1:1:9db0ecba-7b97-11ee-918e-48a47209a1e7', '32f70cc3-7ed1-11ee-9c08-48a47209a1e7', '32f7f732-7ed1-11ee-9c08-48a47209a1e7', 'sid-01', '32fb0475-7ed1-11ee-9c08-48a47209a1e7', NULL, '', 'userTask', 'station_master', '2023-11-09 15:25:46.352', '2023-11-09 15:25:46.547', 195, NULL, '');
INSERT INTO `act_hi_actinst` VALUES ('3316f0e7-7ed1-11ee-9c08-48a47209a1e7', 'flowv1:1:9db0ecba-7b97-11ee-918e-48a47209a1e7', '32f70cc3-7ed1-11ee-9c08-48a47209a1e7', '32f7f732-7ed1-11ee-9c08-48a47209a1e7', 'sid-02', '331717f8-7ed1-11ee-9c08-48a47209a1e7', NULL, '', 'userTask', 'supper_manage', '2023-11-09 15:25:46.547', '2023-11-09 15:25:55.982', 9435, NULL, '');
INSERT INTO `act_hi_actinst` VALUES ('37114894-7e10-11ee-93b6-48a47209a1e7', 'flowv1:1:9db0ecba-7b97-11ee-918e-48a47209a1e7', '32b8b594-7e0b-11ee-8f85-48a47209a1e7', '32bed023-7e0b-11ee-8f85-48a47209a1e7', 'sid-05', '37114895-7e10-11ee-93b6-48a47209a1e7', NULL, '', 'userTask', 'purchase_man', '2023-11-08 16:24:20.352', '2023-11-08 16:26:13.483', 113131, NULL, '');
INSERT INTO `act_hi_actinst` VALUES ('38b6c2aa-7ed1-11ee-9c08-48a47209a1e7', 'flowv1:1:9db0ecba-7b97-11ee-918e-48a47209a1e7', '32f70cc3-7ed1-11ee-9c08-48a47209a1e7', '32f7f732-7ed1-11ee-9c08-48a47209a1e7', 'sid-27f93524-bed4-4c9a-ab02-1d523cb49807', NULL, NULL, NULL, 'exclusiveGateway', NULL, '2023-11-09 15:25:55.983', '2023-11-09 15:25:55.998', 15, NULL, '');
INSERT INTO `act_hi_actinst` VALUES ('38b933ab-7ed1-11ee-9c08-48a47209a1e7', 'flowv1:1:9db0ecba-7b97-11ee-918e-48a47209a1e7', '32f70cc3-7ed1-11ee-9c08-48a47209a1e7', '32f7f732-7ed1-11ee-9c08-48a47209a1e7', 'sid-07', '38b933ac-7ed1-11ee-9c08-48a47209a1e7', NULL, '', 'userTask', 'supper_manage', '2023-11-09 15:25:55.999', '2023-11-09 15:26:05.159', 9160, NULL, '');
INSERT INTO `act_hi_actinst` VALUES ('3b60dfc4-8290-11ee-ae8d-48a47209a1e7', 'flowv2:1:9aadeb08-828e-11ee-9548-48a47209a1e7', 'bbae71a3-828f-11ee-ae8d-48a47209a1e7', 'bbafd142-828f-11ee-ae8d-48a47209a1e7', 'sid-04', '3b60dfc5-8290-11ee-ae8d-48a47209a1e7', NULL, '', 'userTask', 'supper_manage', '2023-11-14 09:50:47.817', '2023-11-14 09:51:14.196', 26379, NULL, '');
INSERT INTO `act_hi_actinst` VALUES ('3e2ee82d-7ed1-11ee-9c08-48a47209a1e7', 'flowv1:1:9db0ecba-7b97-11ee-918e-48a47209a1e7', '32f70cc3-7ed1-11ee-9c08-48a47209a1e7', '32f7f732-7ed1-11ee-9c08-48a47209a1e7', 'sid-09', '3e2ee82e-7ed1-11ee-9c08-48a47209a1e7', NULL, '', 'userTask', 'out_store', '2023-11-09 15:26:05.159', '2023-11-09 15:26:40.027', 34868, NULL, '');
INSERT INTO `act_hi_actinst` VALUES ('3f6095ca-81d7-11ee-90b5-48a47209a1e7', 'flowv1:1:9db0ecba-7b97-11ee-918e-48a47209a1e7', 'a12784cd-81d6-11ee-90b5-48a47209a1e7', 'a128bd5c-81d6-11ee-90b5-48a47209a1e7', 'sid-10', '3f60bcdb-81d7-11ee-90b5-48a47209a1e7', NULL, '', 'userTask', 'supper_manage', '2023-11-13 11:46:37.631', '2023-11-14 09:44:45.921', 79088290, NULL, '');
INSERT INTO `act_hi_actinst` VALUES ('43650ea6-7ec4-11ee-9a80-48a47209a1e7', 'flowv1:1:9db0ecba-7b97-11ee-918e-48a47209a1e7', 'b9ddfc0e-7eb4-11ee-83ef-48a47209a1e7', 'b9de232d-7eb4-11ee-83ef-48a47209a1e7', 'sid-04', '43675897-7ec4-11ee-9a80-48a47209a1e7', NULL, '', 'userTask', 'supper_manage', '2023-11-09 13:53:10.445', '2023-11-09 13:53:36.093', 25648, NULL, '');
INSERT INTO `act_hi_actinst` VALUES ('4afc1fc9-81cd-11ee-8386-48a47209a1e7', 'flowv1:1:9db0ecba-7b97-11ee-918e-48a47209a1e7', '4afb5c69-81cd-11ee-8386-48a47209a1e7', '4afbf8b8-81cd-11ee-8386-48a47209a1e7', 'sid-7e183909-366b-46a1-b731-c350ca52847a', NULL, NULL, NULL, 'startEvent', NULL, '2023-11-13 10:35:22.138', '2023-11-13 10:35:22.138', 0, NULL, '');
INSERT INTO `act_hi_actinst` VALUES ('4afc1fca-81cd-11ee-8386-48a47209a1e7', 'flowv1:1:9db0ecba-7b97-11ee-918e-48a47209a1e7', '4afb5c69-81cd-11ee-8386-48a47209a1e7', '4afbf8b8-81cd-11ee-8386-48a47209a1e7', 'sid-01', '4afc1fcb-81cd-11ee-8386-48a47209a1e7', NULL, '', 'userTask', 'station_master', '2023-11-13 10:35:22.138', '2023-11-13 10:35:22.191', 53, NULL, '');
INSERT INTO `act_hi_actinst` VALUES ('4b04361d-81cd-11ee-8386-48a47209a1e7', 'flowv1:1:9db0ecba-7b97-11ee-918e-48a47209a1e7', '4afb5c69-81cd-11ee-8386-48a47209a1e7', '4afbf8b8-81cd-11ee-8386-48a47209a1e7', 'sid-02', '4b04361e-81cd-11ee-8386-48a47209a1e7', NULL, '', 'userTask', 'supper_manage', '2023-11-13 10:35:22.191', '2023-11-13 10:46:54.684', 692493, NULL, '');
INSERT INTO `act_hi_actinst` VALUES ('4b1a2487-8290-11ee-ae8d-48a47209a1e7', 'flowv2:1:9aadeb08-828e-11ee-9548-48a47209a1e7', 'bbae71a3-828f-11ee-ae8d-48a47209a1e7', 'bbafd142-828f-11ee-ae8d-48a47209a1e7', 'sid-05', '4b1a2488-8290-11ee-ae8d-48a47209a1e7', NULL, '', 'userTask', 'purchase_man', '2023-11-14 09:51:14.197', '2023-11-14 09:51:18.988', 4791, NULL, '');
INSERT INTO `act_hi_actinst` VALUES ('4df530fa-8290-11ee-ae8d-48a47209a1e7', 'flowv2:1:9aadeb08-828e-11ee-9548-48a47209a1e7', 'bbae71a3-828f-11ee-ae8d-48a47209a1e7', 'bbafd142-828f-11ee-ae8d-48a47209a1e7', 'sid-04', '4df530fb-8290-11ee-ae8d-48a47209a1e7', NULL, '', 'userTask', 'supper_manage', '2023-11-14 09:51:18.988', '2023-11-14 09:52:34.502', 75514, NULL, '');
INSERT INTO `act_hi_actinst` VALUES ('5216c844-7eb1-11ee-83ef-48a47209a1e7', 'flowv1:1:9db0ecba-7b97-11ee-918e-48a47209a1e7', '52167b14-7eb1-11ee-83ef-48a47209a1e7', '5216c843-7eb1-11ee-83ef-48a47209a1e7', 'sid-7e183909-366b-46a1-b731-c350ca52847a', NULL, NULL, NULL, 'startEvent', NULL, '2023-11-09 11:37:34.660', '2023-11-09 11:37:34.660', 0, NULL, '');
INSERT INTO `act_hi_actinst` VALUES ('5216c845-7eb1-11ee-83ef-48a47209a1e7', 'flowv1:1:9db0ecba-7b97-11ee-918e-48a47209a1e7', '52167b14-7eb1-11ee-83ef-48a47209a1e7', '5216c843-7eb1-11ee-83ef-48a47209a1e7', 'sid-01', '5216c846-7eb1-11ee-83ef-48a47209a1e7', NULL, '', 'userTask', 'station_master', '2023-11-09 11:37:34.660', '2023-11-09 11:37:34.714', 54, NULL, '');
INSERT INTO `act_hi_actinst` VALUES ('521f05a8-7eb1-11ee-83ef-48a47209a1e7', 'flowv1:1:9db0ecba-7b97-11ee-918e-48a47209a1e7', '52167b14-7eb1-11ee-83ef-48a47209a1e7', '5216c843-7eb1-11ee-83ef-48a47209a1e7', 'sid-02', '521f05a9-7eb1-11ee-83ef-48a47209a1e7', NULL, '', 'userTask', 'supper_manage', '2023-11-09 11:37:34.714', '2023-11-09 11:37:40.660', 5946, NULL, '');
INSERT INTO `act_hi_actinst` VALUES ('529599bb-7e0b-11ee-8f85-48a47209a1e7', 'flowv1:1:9db0ecba-7b97-11ee-918e-48a47209a1e7', '32b8b594-7e0b-11ee-8f85-48a47209a1e7', '32bed023-7e0b-11ee-8f85-48a47209a1e7', 'sid-27f93524-bed4-4c9a-ab02-1d523cb49807', NULL, NULL, NULL, 'exclusiveGateway', NULL, '2023-11-08 15:49:19.034', '2023-11-08 15:49:19.058', 24, NULL, '');
INSERT INTO `act_hi_actinst` VALUES ('52996a4c-7e0b-11ee-8f85-48a47209a1e7', 'flowv1:1:9db0ecba-7b97-11ee-918e-48a47209a1e7', '32b8b594-7e0b-11ee-8f85-48a47209a1e7', '32bed023-7e0b-11ee-8f85-48a47209a1e7', 'sid-03', '5299915d-7e0b-11ee-8f85-48a47209a1e7', NULL, '', 'userTask', 'purchase_man', '2023-11-08 15:49:19.059', '2023-11-08 16:16:21.400', 1622341, NULL, '');
INSERT INTO `act_hi_actinst` VALUES ('52aea1a9-7ec4-11ee-9a80-48a47209a1e7', 'flowv1:1:9db0ecba-7b97-11ee-918e-48a47209a1e7', 'b9ddfc0e-7eb4-11ee-83ef-48a47209a1e7', 'b9de232d-7eb4-11ee-83ef-48a47209a1e7', 'sid-05', '52aea1aa-7ec4-11ee-9a80-48a47209a1e7', NULL, '', 'userTask', 'purchase_man', '2023-11-09 13:53:36.093', '2023-11-09 13:53:56.287', 20194, NULL, '');
INSERT INTO `act_hi_actinst` VALUES ('52f75770-7ed1-11ee-9c08-48a47209a1e7', 'flowv1:1:9db0ecba-7b97-11ee-918e-48a47209a1e7', '32f70cc3-7ed1-11ee-9c08-48a47209a1e7', '32f7f732-7ed1-11ee-9c08-48a47209a1e7', 'sid-10', '52f75771-7ed1-11ee-9c08-48a47209a1e7', NULL, '', 'userTask', 'supper_manage', '2023-11-09 15:26:40.027', '2023-11-10 11:12:57.410', 71177383, NULL, '');
INSERT INTO `act_hi_actinst` VALUES ('55aa4f4b-7eb1-11ee-83ef-48a47209a1e7', 'flowv1:1:9db0ecba-7b97-11ee-918e-48a47209a1e7', '52167b14-7eb1-11ee-83ef-48a47209a1e7', '5216c843-7eb1-11ee-83ef-48a47209a1e7', 'sid-27f93524-bed4-4c9a-ab02-1d523cb49807', NULL, NULL, NULL, 'exclusiveGateway', NULL, '2023-11-09 11:37:40.660', '2023-11-09 11:37:40.679', 19, NULL, '');
INSERT INTO `act_hi_actinst` VALUES ('55ad5c8c-7eb1-11ee-83ef-48a47209a1e7', 'flowv1:1:9db0ecba-7b97-11ee-918e-48a47209a1e7', '52167b14-7eb1-11ee-83ef-48a47209a1e7', '5216c843-7eb1-11ee-83ef-48a47209a1e7', 'sid-03', '55ad5c8d-7eb1-11ee-83ef-48a47209a1e7', NULL, '', 'userTask', 'purchase_man', '2023-11-09 11:37:40.680', '2023-11-09 11:38:05.669', 24989, NULL, '');
INSERT INTO `act_hi_actinst` VALUES ('5eb7fdcc-7ec4-11ee-9a80-48a47209a1e7', 'flowv1:1:9db0ecba-7b97-11ee-918e-48a47209a1e7', 'b9ddfc0e-7eb4-11ee-83ef-48a47209a1e7', 'b9de232d-7eb4-11ee-83ef-48a47209a1e7', 'sid-04', '5eb7fdcd-7ec4-11ee-9a80-48a47209a1e7', NULL, '', 'userTask', 'supper_manage', '2023-11-09 13:53:56.287', '2023-11-09 13:54:14.211', 17924, NULL, '');
INSERT INTO `act_hi_actinst` VALUES ('63acd782-828f-11ee-ae8d-48a47209a1e7', 'flowv1:1:9db0ecba-7b97-11ee-918e-48a47209a1e7', 'a12784cd-81d6-11ee-90b5-48a47209a1e7', 'a128bd5c-81d6-11ee-90b5-48a47209a1e7', 'sid-2b1cc9f7-cd15-430c-a96e-1df1f5288836', NULL, NULL, NULL, 'endEvent', NULL, '2023-11-14 09:44:45.927', '2023-11-14 09:44:45.929', 2, NULL, '');
INSERT INTO `act_hi_actinst` VALUES ('6492886f-7eb1-11ee-83ef-48a47209a1e7', 'flowv1:1:9db0ecba-7b97-11ee-918e-48a47209a1e7', '52167b14-7eb1-11ee-83ef-48a47209a1e7', '5216c843-7eb1-11ee-83ef-48a47209a1e7', 'sid-04', '64928870-7eb1-11ee-83ef-48a47209a1e7', NULL, '', 'userTask', 'supper_manage', '2023-11-09 11:38:05.670', '2023-11-09 11:38:21.271', 15601, NULL, '');
INSERT INTO `act_hi_actinst` VALUES ('67689c14-81d5-11ee-90b5-48a47209a1e7', 'flowv1:1:9db0ecba-7b97-11ee-918e-48a47209a1e7', 'cb1d6dd7-81d3-11ee-90b5-48a47209a1e7', 'cb1ecd76-81d3-11ee-90b5-48a47209a1e7', 'sid-10', '6768c325-81d5-11ee-90b5-48a47209a1e7', NULL, '', 'userTask', 'supper_manage', '2023-11-13 11:33:25.799', '2023-11-13 11:56:47.805', 1402006, NULL, '');
INSERT INTO `act_hi_actinst` VALUES ('6967211e-7ec4-11ee-9a80-48a47209a1e7', 'flowv1:1:9db0ecba-7b97-11ee-918e-48a47209a1e7', 'b9ddfc0e-7eb4-11ee-83ef-48a47209a1e7', 'b9de232d-7eb4-11ee-83ef-48a47209a1e7', 'sid-05', '6967211f-7ec4-11ee-9a80-48a47209a1e7', NULL, '', 'userTask', 'purchase_man', '2023-11-09 13:54:14.212', '2023-11-09 13:55:38.227', 84015, NULL, '');
INSERT INTO `act_hi_actinst` VALUES ('6aba02dc-81d0-11ee-8386-48a47209a1e7', 'flowv1:1:9db0ecba-7b97-11ee-918e-48a47209a1e7', '4afb5c69-81cd-11ee-8386-48a47209a1e7', '4afbf8b8-81cd-11ee-8386-48a47209a1e7', 'sid-05', '6aba29ed-81d0-11ee-8386-48a47209a1e7', NULL, '', 'userTask', 'purchase_man', '2023-11-13 10:57:43.882', '2023-11-13 11:08:36.399', 652517, NULL, '');
INSERT INTO `act_hi_actinst` VALUES ('6cc052d8-81d3-11ee-8386-48a47209a1e7', 'flowv1:1:9db0ecba-7b97-11ee-918e-48a47209a1e7', '4afb5c69-81cd-11ee-8386-48a47209a1e7', '4afbf8b8-81cd-11ee-8386-48a47209a1e7', 'sid-2b1cc9f7-cd15-430c-a96e-1df1f5288836', NULL, NULL, NULL, 'endEvent', NULL, '2023-11-13 11:19:15.769', '2023-11-13 11:19:15.770', 1, NULL, '');
INSERT INTO `act_hi_actinst` VALUES ('6ddf0e82-7eb1-11ee-83ef-48a47209a1e7', 'flowv1:1:9db0ecba-7b97-11ee-918e-48a47209a1e7', '52167b14-7eb1-11ee-83ef-48a47209a1e7', '5216c843-7eb1-11ee-83ef-48a47209a1e7', 'sid-05', '6ddf0e83-7eb1-11ee-83ef-48a47209a1e7', NULL, '', 'userTask', 'purchase_man', '2023-11-09 11:38:21.271', '2023-11-09 11:38:35.046', 13775, NULL, '');
INSERT INTO `act_hi_actinst` VALUES ('7614f475-7eb1-11ee-83ef-48a47209a1e7', 'flowv1:1:9db0ecba-7b97-11ee-918e-48a47209a1e7', '52167b14-7eb1-11ee-83ef-48a47209a1e7', '5216c843-7eb1-11ee-83ef-48a47209a1e7', 'sid-04', '7614f476-7eb1-11ee-83ef-48a47209a1e7', NULL, '', 'userTask', 'supper_manage', '2023-11-09 11:38:35.046', '2023-11-09 11:38:44.005', 8959, NULL, '');
INSERT INTO `act_hi_actinst` VALUES ('7a7fb446-7e10-11ee-93b6-48a47209a1e7', 'flowv1:1:9db0ecba-7b97-11ee-918e-48a47209a1e7', '32b8b594-7e0b-11ee-8f85-48a47209a1e7', '32bed023-7e0b-11ee-8f85-48a47209a1e7', 'sid-06', '7a7fdb57-7e10-11ee-93b6-48a47209a1e7', NULL, '', 'userTask', 'in_store', '2023-11-08 16:26:13.483', '2023-11-08 16:27:38.859', 85376, NULL, '');
INSERT INTO `act_hi_actinst` VALUES ('7af7ddad-8290-11ee-ae8d-48a47209a1e7', 'flowv2:1:9aadeb08-828e-11ee-9548-48a47209a1e7', 'bbae71a3-828f-11ee-ae8d-48a47209a1e7', 'bbafd142-828f-11ee-ae8d-48a47209a1e7', 'sid-05', '7af7ddae-8290-11ee-ae8d-48a47209a1e7', NULL, '', 'userTask', 'purchase_man', '2023-11-14 09:52:34.503', '2023-11-14 09:52:39.981', 5478, NULL, '');
INSERT INTO `act_hi_actinst` VALUES ('7b6bfd67-7eb1-11ee-83ef-48a47209a1e7', 'flowv1:1:9db0ecba-7b97-11ee-918e-48a47209a1e7', '52167b14-7eb1-11ee-83ef-48a47209a1e7', '5216c843-7eb1-11ee-83ef-48a47209a1e7', 'sid-05', '7b6bfd68-7eb1-11ee-83ef-48a47209a1e7', NULL, '', 'userTask', 'purchase_man', '2023-11-09 11:38:44.005', '2023-11-09 11:38:49.913', 5908, NULL, '');
INSERT INTO `act_hi_actinst` VALUES ('7e3bbe10-8290-11ee-ae8d-48a47209a1e7', 'flowv2:1:9aadeb08-828e-11ee-9548-48a47209a1e7', 'bbae71a3-828f-11ee-ae8d-48a47209a1e7', 'bbafd142-828f-11ee-ae8d-48a47209a1e7', 'sid-04', '7e3be521-8290-11ee-ae8d-48a47209a1e7', NULL, '', 'userTask', 'supper_manage', '2023-11-14 09:52:39.981', '2023-11-14 09:52:51.960', 11979, NULL, '');
INSERT INTO `act_hi_actinst` VALUES ('7ef17aa9-7eb1-11ee-83ef-48a47209a1e7', 'flowv1:1:9db0ecba-7b97-11ee-918e-48a47209a1e7', '52167b14-7eb1-11ee-83ef-48a47209a1e7', '5216c843-7eb1-11ee-83ef-48a47209a1e7', 'sid-06', '7ef17aaa-7eb1-11ee-83ef-48a47209a1e7', NULL, '', 'userTask', 'in_store', '2023-11-09 11:38:49.913', '2023-11-09 11:39:14.157', 24244, NULL, '');
INSERT INTO `act_hi_actinst` VALUES ('855f97c2-8290-11ee-ae8d-48a47209a1e7', 'flowv2:1:9aadeb08-828e-11ee-9548-48a47209a1e7', 'bbae71a3-828f-11ee-ae8d-48a47209a1e7', 'bbafd142-828f-11ee-ae8d-48a47209a1e7', 'sid-05', '855fbed3-8290-11ee-ae8d-48a47209a1e7', NULL, '', 'userTask', 'purchase_man', '2023-11-14 09:52:51.960', '2023-11-14 09:53:38.916', 46956, NULL, '');
INSERT INTO `act_hi_actinst` VALUES ('8d64d1ec-7eb1-11ee-83ef-48a47209a1e7', 'flowv1:1:9db0ecba-7b97-11ee-918e-48a47209a1e7', '52167b14-7eb1-11ee-83ef-48a47209a1e7', '5216c843-7eb1-11ee-83ef-48a47209a1e7', 'sid-07', '8d64f8fd-7eb1-11ee-83ef-48a47209a1e7', NULL, '', 'userTask', 'supper_manage', '2023-11-09 11:39:14.157', '2023-11-09 11:39:18.718', 4561, NULL, '');
INSERT INTO `act_hi_actinst` VALUES ('901cc5fe-7eb1-11ee-83ef-48a47209a1e7', 'flowv1:1:9db0ecba-7b97-11ee-918e-48a47209a1e7', '52167b14-7eb1-11ee-83ef-48a47209a1e7', '5216c843-7eb1-11ee-83ef-48a47209a1e7', 'sid-09', '901ced0f-7eb1-11ee-83ef-48a47209a1e7', NULL, '', 'userTask', 'out_store', '2023-11-09 11:39:18.718', '2023-11-09 11:39:41.033', 22315, NULL, '');
INSERT INTO `act_hi_actinst` VALUES ('9b7acd10-7ec4-11ee-9a80-48a47209a1e7', 'flowv1:1:9db0ecba-7b97-11ee-918e-48a47209a1e7', 'b9ddfc0e-7eb4-11ee-83ef-48a47209a1e7', 'b9de232d-7eb4-11ee-83ef-48a47209a1e7', 'sid-06', '9b7acd11-7ec4-11ee-9a80-48a47209a1e7', NULL, '', 'userTask', 'in_store', '2023-11-09 13:55:38.227', '2023-11-09 13:57:05.308', 87081, NULL, '');
INSERT INTO `act_hi_actinst` VALUES ('9d69c5b1-7eb1-11ee-83ef-48a47209a1e7', 'flowv1:1:9db0ecba-7b97-11ee-918e-48a47209a1e7', '52167b14-7eb1-11ee-83ef-48a47209a1e7', '5216c843-7eb1-11ee-83ef-48a47209a1e7', 'sid-10', '9d69ecc2-7eb1-11ee-83ef-48a47209a1e7', NULL, '', 'userTask', 'supper_manage', '2023-11-09 11:39:41.033', '2023-11-09 11:39:54.789', 13756, NULL, '');
INSERT INTO `act_hi_actinst` VALUES ('9e9463be-7e12-11ee-93b6-48a47209a1e7', 'flowv1:1:9db0ecba-7b97-11ee-918e-48a47209a1e7', '32b8b594-7e0b-11ee-8f85-48a47209a1e7', '32bed023-7e0b-11ee-8f85-48a47209a1e7', 'sid-10', '9e948acf-7e12-11ee-93b6-48a47209a1e7', NULL, '', 'userTask', 'supper_manage', '2023-11-08 16:41:33.010', '2023-11-08 16:44:04.271', 151261, NULL, '');
INSERT INTO `act_hi_actinst` VALUES ('9fb0ffb3-7ea3-11ee-9b02-48a47209a1e7', 'flowv1:1:9db0ecba-7b97-11ee-918e-48a47209a1e7', '9fb0d893-7ea3-11ee-9b02-48a47209a1e7', '9fb0ffb2-7ea3-11ee-9b02-48a47209a1e7', 'sid-7e183909-366b-46a1-b731-c350ca52847a', NULL, NULL, NULL, 'startEvent', NULL, '2023-11-09 09:59:31.902', '2023-11-09 09:59:31.902', 0, NULL, '');
INSERT INTO `act_hi_actinst` VALUES ('9fb126c4-7ea3-11ee-9b02-48a47209a1e7', 'flowv1:1:9db0ecba-7b97-11ee-918e-48a47209a1e7', '9fb0d893-7ea3-11ee-9b02-48a47209a1e7', '9fb0ffb2-7ea3-11ee-9b02-48a47209a1e7', 'sid-01', '9fb126c5-7ea3-11ee-9b02-48a47209a1e7', NULL, '', 'userTask', 'station_master', '2023-11-09 09:59:31.902', '2023-11-09 09:59:32.005', 103, NULL, '');
INSERT INTO `act_hi_actinst` VALUES ('9fc0de37-7ea3-11ee-9b02-48a47209a1e7', 'flowv1:1:9db0ecba-7b97-11ee-918e-48a47209a1e7', '9fb0d893-7ea3-11ee-9b02-48a47209a1e7', '9fb0ffb2-7ea3-11ee-9b02-48a47209a1e7', 'sid-02', '9fc0de38-7ea3-11ee-9b02-48a47209a1e7', NULL, '', 'userTask', 'supper_manage', '2023-11-09 09:59:32.005', '2023-11-09 10:01:26.481', 114476, NULL, '');
INSERT INTO `act_hi_actinst` VALUES ('a128e46d-81d6-11ee-90b5-48a47209a1e7', 'flowv1:1:9db0ecba-7b97-11ee-918e-48a47209a1e7', 'a12784cd-81d6-11ee-90b5-48a47209a1e7', 'a128bd5c-81d6-11ee-90b5-48a47209a1e7', 'sid-7e183909-366b-46a1-b731-c350ca52847a', NULL, NULL, NULL, 'startEvent', NULL, '2023-11-13 11:42:12.186', '2023-11-13 11:42:12.186', 0, NULL, '');
INSERT INTO `act_hi_actinst` VALUES ('a1290b7e-81d6-11ee-90b5-48a47209a1e7', 'flowv1:1:9db0ecba-7b97-11ee-918e-48a47209a1e7', 'a12784cd-81d6-11ee-90b5-48a47209a1e7', 'a128bd5c-81d6-11ee-90b5-48a47209a1e7', 'sid-01', 'a129599f-81d6-11ee-90b5-48a47209a1e7', NULL, '', 'userTask', 'station_master', '2023-11-13 11:42:12.187', '2023-11-13 11:42:12.316', 129, NULL, '');
INSERT INTO `act_hi_actinst` VALUES ('a13ce1a1-81d6-11ee-90b5-48a47209a1e7', 'flowv1:1:9db0ecba-7b97-11ee-918e-48a47209a1e7', 'a12784cd-81d6-11ee-90b5-48a47209a1e7', 'a128bd5c-81d6-11ee-90b5-48a47209a1e7', 'sid-02', 'a13ce1a2-81d6-11ee-90b5-48a47209a1e7', NULL, '', 'userTask', 'supper_manage', '2023-11-13 11:42:12.317', '2023-11-13 11:42:47.815', 35498, NULL, '');
INSERT INTO `act_hi_actinst` VALUES ('a15c8284-8290-11ee-ae8d-48a47209a1e7', 'flowv2:1:9aadeb08-828e-11ee-9548-48a47209a1e7', 'bbae71a3-828f-11ee-ae8d-48a47209a1e7', 'bbafd142-828f-11ee-ae8d-48a47209a1e7', 'sid-06', 'a15ca995-8290-11ee-ae8d-48a47209a1e7', NULL, '', 'userTask', 'in_store', '2023-11-14 09:53:38.916', '2023-11-14 09:56:03.779', 144863, NULL, '');
INSERT INTO `act_hi_actinst` VALUES ('a59cec83-7eb1-11ee-83ef-48a47209a1e7', 'flowv1:1:9db0ecba-7b97-11ee-918e-48a47209a1e7', '52167b14-7eb1-11ee-83ef-48a47209a1e7', '5216c843-7eb1-11ee-83ef-48a47209a1e7', 'sid-2b1cc9f7-cd15-430c-a96e-1df1f5288836', NULL, NULL, NULL, 'endEvent', NULL, '2023-11-09 11:39:54.790', '2023-11-09 11:39:54.790', 0, NULL, '');
INSERT INTO `act_hi_actinst` VALUES ('aa674443-7ea2-11ee-9b02-48a47209a1e7', 'flowv1:1:9db0ecba-7b97-11ee-918e-48a47209a1e7', 'aa66f613-7ea2-11ee-9b02-48a47209a1e7', 'aa674442-7ea2-11ee-9b02-48a47209a1e7', 'sid-7e183909-366b-46a1-b731-c350ca52847a', NULL, NULL, NULL, 'startEvent', NULL, '2023-11-09 09:52:40.376', '2023-11-09 09:52:40.376', 0, NULL, '');
INSERT INTO `act_hi_actinst` VALUES ('aa674444-7ea2-11ee-9b02-48a47209a1e7', 'flowv1:1:9db0ecba-7b97-11ee-918e-48a47209a1e7', 'aa66f613-7ea2-11ee-9b02-48a47209a1e7', 'aa674442-7ea2-11ee-9b02-48a47209a1e7', 'sid-01', 'aa674445-7ea2-11ee-9b02-48a47209a1e7', NULL, '', 'userTask', 'station_master', '2023-11-09 09:52:40.376', '2023-11-09 09:52:40.480', 104, NULL, '');
INSERT INTO `act_hi_actinst` VALUES ('aa7722c7-7ea2-11ee-9b02-48a47209a1e7', 'flowv1:1:9db0ecba-7b97-11ee-918e-48a47209a1e7', 'aa66f613-7ea2-11ee-9b02-48a47209a1e7', 'aa674442-7ea2-11ee-9b02-48a47209a1e7', 'sid-02', 'aa7722c8-7ea2-11ee-9b02-48a47209a1e7', NULL, '', 'userTask', 'supper_manage', '2023-11-09 09:52:40.480', '2023-11-09 09:53:24.538', 44058, NULL, '');
INSERT INTO `act_hi_actinst` VALUES ('ab11e6bc-81d8-11ee-90b5-48a47209a1e7', 'flowv1:1:9db0ecba-7b97-11ee-918e-48a47209a1e7', 'cb1d6dd7-81d3-11ee-90b5-48a47209a1e7', 'cb1ecd76-81d3-11ee-90b5-48a47209a1e7', 'sid-2b1cc9f7-cd15-430c-a96e-1df1f5288836', NULL, NULL, NULL, 'endEvent', NULL, '2023-11-13 11:56:47.806', '2023-11-13 11:56:47.806', 0, NULL, '');
INSERT INTO `act_hi_actinst` VALUES ('ad633359-7e10-11ee-93b6-48a47209a1e7', 'flowv1:1:9db0ecba-7b97-11ee-918e-48a47209a1e7', '32b8b594-7e0b-11ee-8f85-48a47209a1e7', '32bed023-7e0b-11ee-8f85-48a47209a1e7', 'sid-07', 'ad63335a-7e10-11ee-93b6-48a47209a1e7', NULL, '', 'userTask', 'supper_manage', '2023-11-08 16:27:38.860', '2023-11-08 16:27:44.566', 5706, NULL, '');
INSERT INTO `act_hi_actinst` VALUES ('b0c9ddfb-7e10-11ee-93b6-48a47209a1e7', 'flowv1:1:9db0ecba-7b97-11ee-918e-48a47209a1e7', '32b8b594-7e0b-11ee-8f85-48a47209a1e7', '32bed023-7e0b-11ee-8f85-48a47209a1e7', 'sid-09', 'b0ca050c-7e10-11ee-93b6-48a47209a1e7', NULL, '', 'userTask', 'out_store', '2023-11-08 16:27:44.566', '2023-11-08 16:41:33.009', 828443, NULL, '');
INSERT INTO `act_hi_actinst` VALUES ('b45727f1-81d2-11ee-8386-48a47209a1e7', 'flowv1:1:9db0ecba-7b97-11ee-918e-48a47209a1e7', '4afb5c69-81cd-11ee-8386-48a47209a1e7', '4afbf8b8-81cd-11ee-8386-48a47209a1e7', 'sid-07', 'b4577612-81d2-11ee-8386-48a47209a1e7', NULL, '', 'userTask', 'supper_manage', '2023-11-13 11:14:06.379', '2023-11-13 11:14:17.175', 10796, NULL, '');
INSERT INTO `act_hi_actinst` VALUES ('b6657244-81d6-11ee-90b5-48a47209a1e7', 'flowv1:1:9db0ecba-7b97-11ee-918e-48a47209a1e7', 'a12784cd-81d6-11ee-90b5-48a47209a1e7', 'a128bd5c-81d6-11ee-90b5-48a47209a1e7', 'sid-27f93524-bed4-4c9a-ab02-1d523cb49807', NULL, NULL, NULL, 'exclusiveGateway', NULL, '2023-11-13 11:42:47.815', '2023-11-13 11:42:47.822', 7, NULL, '');
INSERT INTO `act_hi_actinst` VALUES ('b666aac5-81d6-11ee-90b5-48a47209a1e7', 'flowv1:1:9db0ecba-7b97-11ee-918e-48a47209a1e7', 'a12784cd-81d6-11ee-90b5-48a47209a1e7', 'a128bd5c-81d6-11ee-90b5-48a47209a1e7', 'sid-07', 'b666d1d6-81d6-11ee-90b5-48a47209a1e7', NULL, '', 'userTask', 'supper_manage', '2023-11-13 11:42:47.823', '2023-11-13 11:42:55.147', 7324, NULL, '');
INSERT INTO `act_hi_actinst` VALUES ('b9de232e-7eb4-11ee-83ef-48a47209a1e7', 'flowv1:1:9db0ecba-7b97-11ee-918e-48a47209a1e7', 'b9ddfc0e-7eb4-11ee-83ef-48a47209a1e7', 'b9de232d-7eb4-11ee-83ef-48a47209a1e7', 'sid-7e183909-366b-46a1-b731-c350ca52847a', NULL, NULL, NULL, 'startEvent', NULL, '2023-11-09 12:01:57.262', '2023-11-09 12:01:57.262', 0, NULL, '');
INSERT INTO `act_hi_actinst` VALUES ('b9de232f-7eb4-11ee-83ef-48a47209a1e7', 'flowv1:1:9db0ecba-7b97-11ee-918e-48a47209a1e7', 'b9ddfc0e-7eb4-11ee-83ef-48a47209a1e7', 'b9de232d-7eb4-11ee-83ef-48a47209a1e7', 'sid-01', 'b9de2330-7eb4-11ee-83ef-48a47209a1e7', NULL, '', 'userTask', 'station_master', '2023-11-09 12:01:57.262', '2023-11-09 12:01:57.309', 47, NULL, '');
INSERT INTO `act_hi_actinst` VALUES ('b9e54f22-7eb4-11ee-83ef-48a47209a1e7', 'flowv1:1:9db0ecba-7b97-11ee-918e-48a47209a1e7', 'b9ddfc0e-7eb4-11ee-83ef-48a47209a1e7', 'b9de232d-7eb4-11ee-83ef-48a47209a1e7', 'sid-02', 'b9e54f23-7eb4-11ee-83ef-48a47209a1e7', NULL, '', 'userTask', 'supper_manage', '2023-11-09 12:01:57.309', '2023-11-09 12:01:59.039', 1730, NULL, '');
INSERT INTO `act_hi_actinst` VALUES ('bac43887-81d6-11ee-90b5-48a47209a1e7', 'flowv1:1:9db0ecba-7b97-11ee-918e-48a47209a1e7', 'a12784cd-81d6-11ee-90b5-48a47209a1e7', 'a128bd5c-81d6-11ee-90b5-48a47209a1e7', 'sid-09', 'bac43888-81d6-11ee-90b5-48a47209a1e7', NULL, '', 'userTask', 'out_store', '2023-11-13 11:42:55.147', '2023-11-13 11:46:37.631', 222484, NULL, '');
INSERT INTO `act_hi_actinst` VALUES ('bac67eb3-81d2-11ee-8386-48a47209a1e7', 'flowv1:1:9db0ecba-7b97-11ee-918e-48a47209a1e7', '4afb5c69-81cd-11ee-8386-48a47209a1e7', '4afbf8b8-81cd-11ee-8386-48a47209a1e7', 'sid-09', 'bac67eb4-81d2-11ee-8386-48a47209a1e7', NULL, '', 'userTask', 'out_store', '2023-11-13 11:14:17.175', '2023-11-13 11:15:10.320', 53145, NULL, '');
INSERT INTO `act_hi_actinst` VALUES ('baed4945-7eb4-11ee-83ef-48a47209a1e7', 'flowv1:1:9db0ecba-7b97-11ee-918e-48a47209a1e7', 'b9ddfc0e-7eb4-11ee-83ef-48a47209a1e7', 'b9de232d-7eb4-11ee-83ef-48a47209a1e7', 'sid-27f93524-bed4-4c9a-ab02-1d523cb49807', NULL, NULL, NULL, 'exclusiveGateway', NULL, '2023-11-09 12:01:59.039', '2023-11-09 12:01:59.043', 4, NULL, '');
INSERT INTO `act_hi_actinst` VALUES ('baee0c96-7eb4-11ee-83ef-48a47209a1e7', 'flowv1:1:9db0ecba-7b97-11ee-918e-48a47209a1e7', 'b9ddfc0e-7eb4-11ee-83ef-48a47209a1e7', 'b9de232d-7eb4-11ee-83ef-48a47209a1e7', 'sid-03', 'baee0c97-7eb4-11ee-83ef-48a47209a1e7', NULL, '', 'userTask', 'purchase_man', '2023-11-09 12:01:59.044', '2023-11-09 13:53:10.438', 6671394, NULL, '');
INSERT INTO `act_hi_actinst` VALUES ('bbb06d83-828f-11ee-ae8d-48a47209a1e7', 'flowv2:1:9aadeb08-828e-11ee-9548-48a47209a1e7', 'bbae71a3-828f-11ee-ae8d-48a47209a1e7', 'bbafd142-828f-11ee-ae8d-48a47209a1e7', 'sid-7e183909-366b-46a1-b731-c350ca52847a', NULL, NULL, NULL, 'startEvent', NULL, '2023-11-14 09:47:13.590', '2023-11-14 09:47:13.590', 0, NULL, '');
INSERT INTO `act_hi_actinst` VALUES ('bbb09494-828f-11ee-ae8d-48a47209a1e7', 'flowv2:1:9aadeb08-828e-11ee-9548-48a47209a1e7', 'bbae71a3-828f-11ee-ae8d-48a47209a1e7', 'bbafd142-828f-11ee-ae8d-48a47209a1e7', 'sid-01', 'bbb52875-828f-11ee-ae8d-48a47209a1e7', NULL, '', 'userTask', 'station_master', '2023-11-14 09:47:13.591', '2023-11-14 09:47:13.742', 151, NULL, '');
INSERT INTO `act_hi_actinst` VALUES ('bbc79f07-828f-11ee-ae8d-48a47209a1e7', 'flowv2:1:9aadeb08-828e-11ee-9548-48a47209a1e7', 'bbae71a3-828f-11ee-ae8d-48a47209a1e7', 'bbafd142-828f-11ee-ae8d-48a47209a1e7', 'sid-02', 'bbc79f08-828f-11ee-ae8d-48a47209a1e7', NULL, '', 'userTask', 'supper_manage', '2023-11-14 09:47:13.742', '2023-11-14 09:47:26.990', 13248, NULL, '');
INSERT INTO `act_hi_actinst` VALUES ('c297521f-7e0f-11ee-93b6-48a47209a1e7', 'flowv1:1:9db0ecba-7b97-11ee-918e-48a47209a1e7', '32b8b594-7e0b-11ee-8f85-48a47209a1e7', '32bed023-7e0b-11ee-8f85-48a47209a1e7', 'sid-05', 'c2977930-7e0f-11ee-93b6-48a47209a1e7', NULL, '', 'userTask', 'purchase_man', '2023-11-08 16:21:04.937', '2023-11-08 16:24:07.050', 182113, NULL, '');
INSERT INTO `act_hi_actinst` VALUES ('c3ad421a-828f-11ee-ae8d-48a47209a1e7', 'flowv2:1:9aadeb08-828e-11ee-9548-48a47209a1e7', 'bbae71a3-828f-11ee-ae8d-48a47209a1e7', 'bbafd142-828f-11ee-ae8d-48a47209a1e7', 'sid-27f93524-bed4-4c9a-ab02-1d523cb49807', NULL, NULL, NULL, 'exclusiveGateway', NULL, '2023-11-14 09:47:26.991', '2023-11-14 09:47:27.014', 23, NULL, '');
INSERT INTO `act_hi_actinst` VALUES ('c3b112ab-828f-11ee-ae8d-48a47209a1e7', 'flowv2:1:9aadeb08-828e-11ee-9548-48a47209a1e7', 'bbae71a3-828f-11ee-ae8d-48a47209a1e7', 'bbafd142-828f-11ee-ae8d-48a47209a1e7', 'sid-03', 'c3b112ac-828f-11ee-ae8d-48a47209a1e7', NULL, '', 'userTask', 'purchase_man', '2023-11-14 09:47:27.016', '2023-11-14 09:47:49.565', 22549, NULL, '');
INSERT INTO `act_hi_actinst` VALUES ('c4ba017a-7ea2-11ee-9b02-48a47209a1e7', 'flowv1:1:9db0ecba-7b97-11ee-918e-48a47209a1e7', 'aa66f613-7ea2-11ee-9b02-48a47209a1e7', 'aa674442-7ea2-11ee-9b02-48a47209a1e7', 'sid-27f93524-bed4-4c9a-ab02-1d523cb49807', NULL, NULL, NULL, 'exclusiveGateway', NULL, '2023-11-09 09:53:24.539', '2023-11-09 09:53:24.568', 29, NULL, '');
INSERT INTO `act_hi_actinst` VALUES ('c4bebc6b-7ea2-11ee-9b02-48a47209a1e7', 'flowv1:1:9db0ecba-7b97-11ee-918e-48a47209a1e7', 'aa66f613-7ea2-11ee-9b02-48a47209a1e7', 'aa674442-7ea2-11ee-9b02-48a47209a1e7', 'sid-07', 'c4bee37c-7ea2-11ee-9b02-48a47209a1e7', NULL, '', 'userTask', 'supper_manage', '2023-11-09 09:53:24.571', '2023-11-09 09:53:54.289', 29718, NULL, '');
INSERT INTO `act_hi_actinst` VALUES ('cb1f1b97-81d3-11ee-90b5-48a47209a1e7', 'flowv1:1:9db0ecba-7b97-11ee-918e-48a47209a1e7', 'cb1d6dd7-81d3-11ee-90b5-48a47209a1e7', 'cb1ecd76-81d3-11ee-90b5-48a47209a1e7', 'sid-7e183909-366b-46a1-b731-c350ca52847a', NULL, NULL, NULL, 'startEvent', NULL, '2023-11-13 11:21:54.097', '2023-11-13 11:21:54.099', 2, NULL, '');
INSERT INTO `act_hi_actinst` VALUES ('cb202d08-81d3-11ee-90b5-48a47209a1e7', 'flowv1:1:9db0ecba-7b97-11ee-918e-48a47209a1e7', 'cb1d6dd7-81d3-11ee-90b5-48a47209a1e7', 'cb1ecd76-81d3-11ee-90b5-48a47209a1e7', 'sid-01', 'cb224fe9-81d3-11ee-90b5-48a47209a1e7', NULL, '', 'userTask', 'station_master', '2023-11-13 11:21:54.103', '2023-11-13 11:21:54.228', 125, NULL, '');
INSERT INTO `act_hi_actinst` VALUES ('cb333fdb-81d3-11ee-90b5-48a47209a1e7', 'flowv1:1:9db0ecba-7b97-11ee-918e-48a47209a1e7', 'cb1d6dd7-81d3-11ee-90b5-48a47209a1e7', 'cb1ecd76-81d3-11ee-90b5-48a47209a1e7', 'sid-02', 'cb333fdc-81d3-11ee-90b5-48a47209a1e7', NULL, '', 'userTask', 'supper_manage', '2023-11-13 11:21:54.228', '2023-11-13 11:22:10.463', 16235, NULL, '');
INSERT INTO `act_hi_actinst` VALUES ('cf624ea3-7ec4-11ee-9a80-48a47209a1e7', 'flowv1:1:9db0ecba-7b97-11ee-918e-48a47209a1e7', 'b9ddfc0e-7eb4-11ee-83ef-48a47209a1e7', 'b9de232d-7eb4-11ee-83ef-48a47209a1e7', 'sid-07', 'cf624ea4-7ec4-11ee-9a80-48a47209a1e7', NULL, '', 'userTask', 'supper_manage', '2023-11-09 13:57:05.308', '2023-11-09 13:57:12.281', 6973, NULL, '');
INSERT INTO `act_hi_actinst` VALUES ('d121ee0e-828f-11ee-ae8d-48a47209a1e7', 'flowv2:1:9aadeb08-828e-11ee-9548-48a47209a1e7', 'bbae71a3-828f-11ee-ae8d-48a47209a1e7', 'bbafd142-828f-11ee-ae8d-48a47209a1e7', 'sid-04', 'd121ee0f-828f-11ee-ae8d-48a47209a1e7', NULL, '', 'userTask', 'supper_manage', '2023-11-14 09:47:49.566', '2023-11-14 09:48:11.307', 21741, NULL, '');
INSERT INTO `act_hi_actinst` VALUES ('d38a4d75-7ec4-11ee-9a80-48a47209a1e7', 'flowv1:1:9db0ecba-7b97-11ee-918e-48a47209a1e7', 'b9ddfc0e-7eb4-11ee-83ef-48a47209a1e7', 'b9de232d-7eb4-11ee-83ef-48a47209a1e7', 'sid-09', 'd38a7486-7ec4-11ee-9a80-48a47209a1e7', NULL, '', 'userTask', 'out_store', '2023-11-09 13:57:12.281', '2023-11-09 13:58:59.051', 106770, NULL, '');
INSERT INTO `act_hi_actinst` VALUES ('d4e0838e-81d3-11ee-90b5-48a47209a1e7', 'flowv1:1:9db0ecba-7b97-11ee-918e-48a47209a1e7', 'cb1d6dd7-81d3-11ee-90b5-48a47209a1e7', 'cb1ecd76-81d3-11ee-90b5-48a47209a1e7', 'sid-27f93524-bed4-4c9a-ab02-1d523cb49807', NULL, NULL, NULL, 'exclusiveGateway', NULL, '2023-11-13 11:22:10.463', '2023-11-13 11:22:10.481', 18, NULL, '');
INSERT INTO `act_hi_actinst` VALUES ('d4e369bf-81d3-11ee-90b5-48a47209a1e7', 'flowv1:1:9db0ecba-7b97-11ee-918e-48a47209a1e7', 'cb1d6dd7-81d3-11ee-90b5-48a47209a1e7', 'cb1ecd76-81d3-11ee-90b5-48a47209a1e7', 'sid-07', 'd4e369c0-81d3-11ee-90b5-48a47209a1e7', NULL, '', 'userTask', 'supper_manage', '2023-11-13 11:22:10.482', '2023-11-13 11:22:27.855', 17373, NULL, '');
INSERT INTO `act_hi_actinst` VALUES ('d6757edd-7ea2-11ee-9b02-48a47209a1e7', 'flowv1:1:9db0ecba-7b97-11ee-918e-48a47209a1e7', 'aa66f613-7ea2-11ee-9b02-48a47209a1e7', 'aa674442-7ea2-11ee-9b02-48a47209a1e7', 'sid-09', 'd675a5ee-7ea2-11ee-9b02-48a47209a1e7', NULL, '', 'userTask', 'out_store', '2023-11-09 09:53:54.289', '2023-11-09 09:54:30.196', 35907, NULL, '');
INSERT INTO `act_hi_actinst` VALUES ('da73c746-81d2-11ee-8386-48a47209a1e7', 'flowv1:1:9db0ecba-7b97-11ee-918e-48a47209a1e7', '4afb5c69-81cd-11ee-8386-48a47209a1e7', '4afbf8b8-81cd-11ee-8386-48a47209a1e7', 'sid-10', 'da73ee57-81d2-11ee-8386-48a47209a1e7', NULL, '', 'userTask', 'supper_manage', '2023-11-13 11:15:10.320', '2023-11-13 11:19:15.769', 245449, NULL, '');
INSERT INTO `act_hi_actinst` VALUES ('de177ef1-828f-11ee-ae8d-48a47209a1e7', 'flowv2:1:9aadeb08-828e-11ee-9548-48a47209a1e7', 'bbae71a3-828f-11ee-ae8d-48a47209a1e7', 'bbafd142-828f-11ee-ae8d-48a47209a1e7', 'sid-05', 'de177ef2-828f-11ee-ae8d-48a47209a1e7', NULL, '', 'userTask', 'purchase_man', '2023-11-14 09:48:11.308', '2023-11-14 09:50:47.816', 156508, NULL, '');
INSERT INTO `act_hi_actinst` VALUES ('df3e5291-81d3-11ee-90b5-48a47209a1e7', 'flowv1:1:9db0ecba-7b97-11ee-918e-48a47209a1e7', 'cb1d6dd7-81d3-11ee-90b5-48a47209a1e7', 'cb1ecd76-81d3-11ee-90b5-48a47209a1e7', 'sid-09', 'df3e5292-81d3-11ee-90b5-48a47209a1e7', NULL, '', 'userTask', 'out_store', '2023-11-13 11:22:27.855', '2023-11-13 11:33:25.798', 657943, NULL, '');
INSERT INTO `act_hi_actinst` VALUES ('e3fde454-7ea3-11ee-a3ef-48a47209a1e7', 'flowv1:1:9db0ecba-7b97-11ee-918e-48a47209a1e7', '9fb0d893-7ea3-11ee-9b02-48a47209a1e7', '9fb0ffb2-7ea3-11ee-9b02-48a47209a1e7', 'sid-27f93524-bed4-4c9a-ab02-1d523cb49807', NULL, NULL, NULL, 'exclusiveGateway', NULL, '2023-11-09 10:01:26.490', '2023-11-09 10:01:26.539', 49, NULL, '');
INSERT INTO `act_hi_actinst` VALUES ('e405d395-7ea3-11ee-a3ef-48a47209a1e7', 'flowv1:1:9db0ecba-7b97-11ee-918e-48a47209a1e7', '9fb0d893-7ea3-11ee-9b02-48a47209a1e7', '9fb0ffb2-7ea3-11ee-9b02-48a47209a1e7', 'sid-07', 'e405faa6-7ea3-11ee-a3ef-48a47209a1e7', NULL, '', 'userTask', 'supper_manage', '2023-11-09 10:01:26.542', '2023-11-09 10:01:33.698', 7156, NULL, '');
INSERT INTO `act_hi_actinst` VALUES ('e7c66900-81ce-11ee-8386-48a47209a1e7', 'flowv1:1:9db0ecba-7b97-11ee-918e-48a47209a1e7', '4afb5c69-81cd-11ee-8386-48a47209a1e7', '4afbf8b8-81cd-11ee-8386-48a47209a1e7', 'sid-27f93524-bed4-4c9a-ab02-1d523cb49807', NULL, NULL, NULL, 'exclusiveGateway', NULL, '2023-11-13 10:46:54.685', '2023-11-13 10:46:54.732', 47, NULL, '');
INSERT INTO `act_hi_actinst` VALUES ('e7ce0a21-81ce-11ee-8386-48a47209a1e7', 'flowv1:1:9db0ecba-7b97-11ee-918e-48a47209a1e7', '4afb5c69-81cd-11ee-8386-48a47209a1e7', '4afbf8b8-81cd-11ee-8386-48a47209a1e7', 'sid-03', 'e7ce3132-81ce-11ee-8386-48a47209a1e7', NULL, '', 'userTask', 'purchase_man', '2023-11-13 10:46:54.735', '2023-11-13 10:48:02.508', 67773, NULL, '');
INSERT INTO `act_hi_actinst` VALUES ('e849bed7-7ea3-11ee-a3ef-48a47209a1e7', 'flowv1:1:9db0ecba-7b97-11ee-918e-48a47209a1e7', '9fb0d893-7ea3-11ee-9b02-48a47209a1e7', '9fb0ffb2-7ea3-11ee-9b02-48a47209a1e7', 'sid-09', 'e849e5e8-7ea3-11ee-a3ef-48a47209a1e7', NULL, '', 'userTask', 'out_store', '2023-11-09 10:01:33.698', '2023-11-09 10:01:57.106', 23408, NULL, '');
INSERT INTO `act_hi_actinst` VALUES ('ebdc7810-7ea2-11ee-9b02-48a47209a1e7', 'flowv1:1:9db0ecba-7b97-11ee-918e-48a47209a1e7', 'aa66f613-7ea2-11ee-9b02-48a47209a1e7', 'aa674442-7ea2-11ee-9b02-48a47209a1e7', 'sid-10', 'ebdc7811-7ea2-11ee-9b02-48a47209a1e7', NULL, '', 'userTask', 'supper_manage', '2023-11-09 09:54:30.196', '2023-11-09 09:54:47.875', 17679, NULL, '');
INSERT INTO `act_hi_actinst` VALUES ('efa8824e-81d1-11ee-8386-48a47209a1e7', 'flowv1:1:9db0ecba-7b97-11ee-918e-48a47209a1e7', '4afb5c69-81cd-11ee-8386-48a47209a1e7', '4afbf8b8-81cd-11ee-8386-48a47209a1e7', 'sid-06', 'efa8f77f-81d1-11ee-8386-48a47209a1e7', NULL, '', 'userTask', 'in_store', '2023-11-13 11:08:36.401', '2023-11-13 11:14:06.378', 329977, NULL, '');
INSERT INTO `act_hi_actinst` VALUES ('f60b19ba-81cf-11ee-8386-48a47209a1e7', 'flowv1:1:9db0ecba-7b97-11ee-918e-48a47209a1e7', '4afb5c69-81cd-11ee-8386-48a47209a1e7', '4afbf8b8-81cd-11ee-8386-48a47209a1e7', 'sid-04', 'f60b19bb-81cf-11ee-8386-48a47209a1e7', NULL, '', 'userTask', 'supper_manage', '2023-11-13 10:54:28.120', '2023-11-13 10:57:43.882', 195762, NULL, '');
INSERT INTO `act_hi_actinst` VALUES ('f63d85da-7ea3-11ee-a3ef-48a47209a1e7', 'flowv1:1:9db0ecba-7b97-11ee-918e-48a47209a1e7', '9fb0d893-7ea3-11ee-9b02-48a47209a1e7', '9fb0ffb2-7ea3-11ee-9b02-48a47209a1e7', 'sid-10', 'f63d85db-7ea3-11ee-a3ef-48a47209a1e7', NULL, '', 'userTask', 'supper_manage', '2023-11-09 10:01:57.106', '2023-11-09 10:02:25.702', 28596, NULL, '');
INSERT INTO `act_hi_actinst` VALUES ('f6663912-7ea2-11ee-9b02-48a47209a1e7', 'flowv1:1:9db0ecba-7b97-11ee-918e-48a47209a1e7', 'aa66f613-7ea2-11ee-9b02-48a47209a1e7', 'aa674442-7ea2-11ee-9b02-48a47209a1e7', 'sid-2b1cc9f7-cd15-430c-a96e-1df1f5288836', NULL, NULL, NULL, 'endEvent', NULL, '2023-11-09 09:54:47.876', '2023-11-09 09:54:47.876', 0, NULL, '');
INSERT INTO `act_hi_actinst` VALUES ('f7b4d977-8290-11ee-ae8d-48a47209a1e7', 'flowv2:1:9aadeb08-828e-11ee-9548-48a47209a1e7', 'bbae71a3-828f-11ee-ae8d-48a47209a1e7', 'bbafd142-828f-11ee-ae8d-48a47209a1e7', 'sid-07', 'f7b50088-8290-11ee-ae8d-48a47209a1e7', NULL, '', 'userTask', 'supper_manage', '2023-11-14 09:56:03.779', NULL, NULL, NULL, '');
INSERT INTO `act_hi_actinst` VALUES ('f8bd23a0-7e12-11ee-93b6-48a47209a1e7', 'flowv1:1:9db0ecba-7b97-11ee-918e-48a47209a1e7', '32b8b594-7e0b-11ee-8f85-48a47209a1e7', '32bed023-7e0b-11ee-8f85-48a47209a1e7', 'sid-2b1cc9f7-cd15-430c-a96e-1df1f5288836', NULL, NULL, NULL, 'endEvent', NULL, '2023-11-08 16:44:04.272', '2023-11-08 16:44:04.274', 2, NULL, '');

-- ----------------------------
-- Table structure for act_hi_attachment
-- ----------------------------
DROP TABLE IF EXISTS `act_hi_attachment`;
CREATE TABLE `act_hi_attachment`  (
  `ID_` varchar(64) CHARACTER SET utf8 COLLATE utf8_bin NOT NULL,
  `REV_` int NULL DEFAULT NULL,
  `USER_ID_` varchar(255) CHARACTER SET utf8 COLLATE utf8_bin NULL DEFAULT NULL,
  `NAME_` varchar(255) CHARACTER SET utf8 COLLATE utf8_bin NULL DEFAULT NULL,
  `DESCRIPTION_` varchar(4000) CHARACTER SET utf8 COLLATE utf8_bin NULL DEFAULT NULL,
  `TYPE_` varchar(255) CHARACTER SET utf8 COLLATE utf8_bin NULL DEFAULT NULL,
  `TASK_ID_` varchar(64) CHARACTER SET utf8 COLLATE utf8_bin NULL DEFAULT NULL,
  `PROC_INST_ID_` varchar(64) CHARACTER SET utf8 COLLATE utf8_bin NULL DEFAULT NULL,
  `URL_` varchar(4000) CHARACTER SET utf8 COLLATE utf8_bin NULL DEFAULT NULL,
  `CONTENT_ID_` varchar(64) CHARACTER SET utf8 COLLATE utf8_bin NULL DEFAULT NULL,
  `TIME_` datetime(3) NULL DEFAULT NULL,
  PRIMARY KEY (`ID_`) USING BTREE
) ENGINE = InnoDB CHARACTER SET = utf8 COLLATE = utf8_bin ROW_FORMAT = Dynamic;

-- ----------------------------
-- Records of act_hi_attachment
-- ----------------------------

-- ----------------------------
-- Table structure for act_hi_comment
-- ----------------------------
DROP TABLE IF EXISTS `act_hi_comment`;
CREATE TABLE `act_hi_comment`  (
  `ID_` varchar(64) CHARACTER SET utf8 COLLATE utf8_bin NOT NULL,
  `TYPE_` varchar(255) CHARACTER SET utf8 COLLATE utf8_bin NULL DEFAULT NULL,
  `TIME_` datetime(3) NOT NULL,
  `USER_ID_` varchar(255) CHARACTER SET utf8 COLLATE utf8_bin NULL DEFAULT NULL,
  `TASK_ID_` varchar(64) CHARACTER SET utf8 COLLATE utf8_bin NULL DEFAULT NULL,
  `PROC_INST_ID_` varchar(64) CHARACTER SET utf8 COLLATE utf8_bin NULL DEFAULT NULL,
  `ACTION_` varchar(255) CHARACTER SET utf8 COLLATE utf8_bin NULL DEFAULT NULL,
  `MESSAGE_` varchar(4000) CHARACTER SET utf8 COLLATE utf8_bin NULL DEFAULT NULL,
  `FULL_MSG_` longblob NULL,
  PRIMARY KEY (`ID_`) USING BTREE
) ENGINE = InnoDB CHARACTER SET = utf8 COLLATE = utf8_bin ROW_FORMAT = Dynamic;

-- ----------------------------
-- Records of act_hi_comment
-- ----------------------------
INSERT INTO `act_hi_comment` VALUES ('2a7de0c6-81cf-11ee-8386-48a47209a1e7', 'comment', '2023-11-13 10:48:46.617', NULL, '10338805-81cf-11ee-8386-48a47209a1e7', '4afb5c69-81cd-11ee-8386-48a47209a1e7', 'AddComment', '', 0xE8B7B3E8BDACE68C87E5AE9AE88A82E782B9);
INSERT INTO `act_hi_comment` VALUES ('2f1bc701-7e10-11ee-93b6-48a47209a1e7', 'comment', '2023-11-08 16:24:06.998', NULL, 'c2977930-7e0f-11ee-93b6-48a47209a1e7', '32b8b594-7e0b-11ee-8f85-48a47209a1e7', 'AddComment', '', 0xE8B7B3E8BDACE68C87E5AE9AE88A82E782B9);
INSERT INTO `act_hi_comment` VALUES ('3b5a01f3-8290-11ee-ae8d-48a47209a1e7', 'comment', '2023-11-14 09:50:47.771', NULL, 'de177ef2-828f-11ee-ae8d-48a47209a1e7', 'bbae71a3-828f-11ee-ae8d-48a47209a1e7', 'AddComment', '', 0xE8B7B3E8BDACE68C87E5AE9AE88A82E782B9);
INSERT INTO `act_hi_comment` VALUES ('4b17da96-8290-11ee-ae8d-48a47209a1e7', 'comment', '2023-11-14 09:51:14.182', NULL, '3b60dfc5-8290-11ee-ae8d-48a47209a1e7', 'bbae71a3-828f-11ee-ae8d-48a47209a1e7', 'AddComment', '', 0xE8B7B3E8BDACE68C87E5AE9AE88A82E782B9);
INSERT INTO `act_hi_comment` VALUES ('4df30e19-8290-11ee-ae8d-48a47209a1e7', 'comment', '2023-11-14 09:51:18.974', NULL, '4b1a2488-8290-11ee-ae8d-48a47209a1e7', 'bbae71a3-828f-11ee-ae8d-48a47209a1e7', 'AddComment', '', 0xE8B7B3E8BDACE68C87E5AE9AE88A82E782B9);
INSERT INTO `act_hi_comment` VALUES ('52a8fc58-7ec4-11ee-9a80-48a47209a1e7', 'comment', '2023-11-09 13:53:36.056', NULL, '43675897-7ec4-11ee-9a80-48a47209a1e7', 'b9ddfc0e-7eb4-11ee-83ef-48a47209a1e7', 'AddComment', '', 0xE8B7B3E8BDACE68C87E5AE9AE88A82E782B9);
INSERT INTO `act_hi_comment` VALUES ('5eb53eab-7ec4-11ee-9a80-48a47209a1e7', 'comment', '2023-11-09 13:53:56.269', NULL, '52aea1aa-7ec4-11ee-9a80-48a47209a1e7', 'b9ddfc0e-7eb4-11ee-83ef-48a47209a1e7', 'AddComment', '', 0xE8B7B3E8BDACE68C87E5AE9AE88A82E782B9);
INSERT INTO `act_hi_comment` VALUES ('6ddd39c1-7eb1-11ee-83ef-48a47209a1e7', 'comment', '2023-11-09 11:38:21.259', NULL, '64928870-7eb1-11ee-83ef-48a47209a1e7', '52167b14-7eb1-11ee-83ef-48a47209a1e7', 'AddComment', '', 0xE8B7B3E8BDACE68C87E5AE9AE88A82E782B9);
INSERT INTO `act_hi_comment` VALUES ('7612f8a4-7eb1-11ee-83ef-48a47209a1e7', 'comment', '2023-11-09 11:38:35.033', NULL, '6ddf0e83-7eb1-11ee-83ef-48a47209a1e7', '52167b14-7eb1-11ee-83ef-48a47209a1e7', 'AddComment', '', 0xE8B7B3E8BDACE68C87E5AE9AE88A82E782B9);
INSERT INTO `act_hi_comment` VALUES ('7af593bc-8290-11ee-ae8d-48a47209a1e7', 'comment', '2023-11-14 09:52:34.488', NULL, '4df530fb-8290-11ee-ae8d-48a47209a1e7', 'bbae71a3-828f-11ee-ae8d-48a47209a1e7', 'AddComment', '', 0xE8B7B3E8BDACE68C87E5AE9AE88A82E782B9);
INSERT INTO `act_hi_comment` VALUES ('7e38feef-8290-11ee-ae8d-48a47209a1e7', 'comment', '2023-11-14 09:52:39.963', NULL, '7af7ddae-8290-11ee-ae8d-48a47209a1e7', 'bbae71a3-828f-11ee-ae8d-48a47209a1e7', 'AddComment', '', 0xE8B7B3E8BDACE68C87E5AE9AE88A82E782B9);
INSERT INTO `act_hi_comment` VALUES ('c2909b5e-7e0f-11ee-93b6-48a47209a1e7', 'comment', '2023-11-08 16:21:04.893', NULL, '19a002bd-7e0f-11ee-93b6-48a47209a1e7', '32b8b594-7e0b-11ee-8f85-48a47209a1e7', 'AddComment', '', 0xE8B7B3E8BDACE68C87E5AE9AE88A82E782B9);
INSERT INTO `act_hi_comment` VALUES ('de1471b0-828f-11ee-ae8d-48a47209a1e7', 'comment', '2023-11-14 09:48:11.287', NULL, 'd121ee0f-828f-11ee-ae8d-48a47209a1e7', 'bbae71a3-828f-11ee-ae8d-48a47209a1e7', 'AddComment', '', 0xE8B7B3E8BDACE68C87E5AE9AE88A82E782B9);
INSERT INTO `act_hi_comment` VALUES ('f6083389-81cf-11ee-8386-48a47209a1e7', 'comment', '2023-11-13 10:54:28.100', NULL, '2a809fe8-81cf-11ee-8386-48a47209a1e7', '4afb5c69-81cd-11ee-8386-48a47209a1e7', 'AddComment', '', 0xE8B7B3E8BDACE68C87E5AE9AE88A82E782B9);

-- ----------------------------
-- Table structure for act_hi_detail
-- ----------------------------
DROP TABLE IF EXISTS `act_hi_detail`;
CREATE TABLE `act_hi_detail`  (
  `ID_` varchar(64) CHARACTER SET utf8 COLLATE utf8_bin NOT NULL,
  `TYPE_` varchar(255) CHARACTER SET utf8 COLLATE utf8_bin NOT NULL,
  `PROC_INST_ID_` varchar(64) CHARACTER SET utf8 COLLATE utf8_bin NULL DEFAULT NULL,
  `EXECUTION_ID_` varchar(64) CHARACTER SET utf8 COLLATE utf8_bin NULL DEFAULT NULL,
  `TASK_ID_` varchar(64) CHARACTER SET utf8 COLLATE utf8_bin NULL DEFAULT NULL,
  `ACT_INST_ID_` varchar(64) CHARACTER SET utf8 COLLATE utf8_bin NULL DEFAULT NULL,
  `NAME_` varchar(255) CHARACTER SET utf8 COLLATE utf8_bin NOT NULL,
  `VAR_TYPE_` varchar(255) CHARACTER SET utf8 COLLATE utf8_bin NULL DEFAULT NULL,
  `REV_` int NULL DEFAULT NULL,
  `TIME_` datetime(3) NOT NULL,
  `BYTEARRAY_ID_` varchar(64) CHARACTER SET utf8 COLLATE utf8_bin NULL DEFAULT NULL,
  `DOUBLE_` double NULL DEFAULT NULL,
  `LONG_` bigint NULL DEFAULT NULL,
  `TEXT_` varchar(4000) CHARACTER SET utf8 COLLATE utf8_bin NULL DEFAULT NULL,
  `TEXT2_` varchar(4000) CHARACTER SET utf8 COLLATE utf8_bin NULL DEFAULT NULL,
  PRIMARY KEY (`ID_`) USING BTREE,
  INDEX `ACT_IDX_HI_DETAIL_PROC_INST`(`PROC_INST_ID_` ASC) USING BTREE,
  INDEX `ACT_IDX_HI_DETAIL_ACT_INST`(`ACT_INST_ID_` ASC) USING BTREE,
  INDEX `ACT_IDX_HI_DETAIL_TIME`(`TIME_` ASC) USING BTREE,
  INDEX `ACT_IDX_HI_DETAIL_NAME`(`NAME_` ASC) USING BTREE,
  INDEX `ACT_IDX_HI_DETAIL_TASK_ID`(`TASK_ID_` ASC) USING BTREE
) ENGINE = InnoDB CHARACTER SET = utf8 COLLATE = utf8_bin ROW_FORMAT = Dynamic;

-- ----------------------------
-- Records of act_hi_detail
-- ----------------------------
INSERT INTO `act_hi_detail` VALUES ('32bdbea6-7e0b-11ee-8f85-48a47209a1e7', 'VariableUpdate', '32b8b594-7e0b-11ee-8f85-48a47209a1e7', '32b8b594-7e0b-11ee-8f85-48a47209a1e7', NULL, NULL, 'produce_man', 'string', 0, '2023-11-08 15:48:25.610', NULL, NULL, NULL, 'produce_man', NULL);
INSERT INTO `act_hi_detail` VALUES ('32be5ae8-7e0b-11ee-8f85-48a47209a1e7', 'VariableUpdate', '32b8b594-7e0b-11ee-8f85-48a47209a1e7', '32b8b594-7e0b-11ee-8f85-48a47209a1e7', NULL, NULL, 'purchase_man', 'string', 0, '2023-11-08 15:48:25.614', NULL, NULL, NULL, 'purchase_man', NULL);
INSERT INTO `act_hi_detail` VALUES ('32be5aea-7e0b-11ee-8f85-48a47209a1e7', 'VariableUpdate', '32b8b594-7e0b-11ee-8f85-48a47209a1e7', '32b8b594-7e0b-11ee-8f85-48a47209a1e7', NULL, NULL, 'station_master', 'string', 0, '2023-11-08 15:48:25.614', NULL, NULL, NULL, 'station_master', NULL);
INSERT INTO `act_hi_detail` VALUES ('32be5aec-7e0b-11ee-8f85-48a47209a1e7', 'VariableUpdate', '32b8b594-7e0b-11ee-8f85-48a47209a1e7', '32b8b594-7e0b-11ee-8f85-48a47209a1e7', NULL, NULL, 'in_store', 'string', 0, '2023-11-08 15:48:25.614', NULL, NULL, NULL, 'in_store', NULL);
INSERT INTO `act_hi_detail` VALUES ('32be5aee-7e0b-11ee-8f85-48a47209a1e7', 'VariableUpdate', '32b8b594-7e0b-11ee-8f85-48a47209a1e7', '32b8b594-7e0b-11ee-8f85-48a47209a1e7', NULL, NULL, 'supper_manage', 'string', 0, '2023-11-08 15:48:25.614', NULL, NULL, NULL, 'supper_manage', NULL);
INSERT INTO `act_hi_detail` VALUES ('32be5af0-7e0b-11ee-8f85-48a47209a1e7', 'VariableUpdate', '32b8b594-7e0b-11ee-8f85-48a47209a1e7', '32b8b594-7e0b-11ee-8f85-48a47209a1e7', NULL, NULL, 'out_store', 'string', 0, '2023-11-08 15:48:25.614', NULL, NULL, NULL, 'out_store', NULL);
INSERT INTO `act_hi_detail` VALUES ('32be5af2-7e0b-11ee-8f85-48a47209a1e7', 'VariableUpdate', '32b8b594-7e0b-11ee-8f85-48a47209a1e7', '32b8b594-7e0b-11ee-8f85-48a47209a1e7', NULL, NULL, 'status', 'integer', 0, '2023-11-08 15:48:25.614', NULL, NULL, 1, '1', NULL);
INSERT INTO `act_hi_detail` VALUES ('32f781f5-7ed1-11ee-9c08-48a47209a1e7', 'VariableUpdate', '32f70cc3-7ed1-11ee-9c08-48a47209a1e7', '32f70cc3-7ed1-11ee-9c08-48a47209a1e7', NULL, NULL, 'produce_man', 'string', 0, '2023-11-09 15:25:46.341', NULL, NULL, NULL, 'produce_man', NULL);
INSERT INTO `act_hi_detail` VALUES ('32f7d017-7ed1-11ee-9c08-48a47209a1e7', 'VariableUpdate', '32f70cc3-7ed1-11ee-9c08-48a47209a1e7', '32f70cc3-7ed1-11ee-9c08-48a47209a1e7', NULL, NULL, 'purchase_man', 'string', 0, '2023-11-09 15:25:46.343', NULL, NULL, NULL, 'purchase_man', NULL);
INSERT INTO `act_hi_detail` VALUES ('32f7d019-7ed1-11ee-9c08-48a47209a1e7', 'VariableUpdate', '32f70cc3-7ed1-11ee-9c08-48a47209a1e7', '32f70cc3-7ed1-11ee-9c08-48a47209a1e7', NULL, NULL, 'station_master', 'string', 0, '2023-11-09 15:25:46.343', NULL, NULL, NULL, 'station_master', NULL);
INSERT INTO `act_hi_detail` VALUES ('32f7d01b-7ed1-11ee-9c08-48a47209a1e7', 'VariableUpdate', '32f70cc3-7ed1-11ee-9c08-48a47209a1e7', '32f70cc3-7ed1-11ee-9c08-48a47209a1e7', NULL, NULL, 'in_store', 'string', 0, '2023-11-09 15:25:46.343', NULL, NULL, NULL, 'in_store', NULL);
INSERT INTO `act_hi_detail` VALUES ('32f7d01d-7ed1-11ee-9c08-48a47209a1e7', 'VariableUpdate', '32f70cc3-7ed1-11ee-9c08-48a47209a1e7', '32f70cc3-7ed1-11ee-9c08-48a47209a1e7', NULL, NULL, 'supper_manage', 'string', 0, '2023-11-09 15:25:46.343', NULL, NULL, NULL, 'supper_manage', NULL);
INSERT INTO `act_hi_detail` VALUES ('32f7d01f-7ed1-11ee-9c08-48a47209a1e7', 'VariableUpdate', '32f70cc3-7ed1-11ee-9c08-48a47209a1e7', '32f70cc3-7ed1-11ee-9c08-48a47209a1e7', NULL, NULL, 'out_store', 'string', 0, '2023-11-09 15:25:46.343', NULL, NULL, NULL, 'out_store', NULL);
INSERT INTO `act_hi_detail` VALUES ('32f7d021-7ed1-11ee-9c08-48a47209a1e7', 'VariableUpdate', '32f70cc3-7ed1-11ee-9c08-48a47209a1e7', '32f70cc3-7ed1-11ee-9c08-48a47209a1e7', NULL, NULL, 'status', 'integer', 0, '2023-11-09 15:25:46.343', NULL, NULL, 0, '0', NULL);
INSERT INTO `act_hi_detail` VALUES ('4afb837b-81cd-11ee-8386-48a47209a1e7', 'VariableUpdate', '4afb5c69-81cd-11ee-8386-48a47209a1e7', '4afb5c69-81cd-11ee-8386-48a47209a1e7', NULL, NULL, 'produce_man', 'string', 0, '2023-11-13 10:35:22.134', NULL, NULL, NULL, 'produce_man', NULL);
INSERT INTO `act_hi_detail` VALUES ('4afbaa8d-81cd-11ee-8386-48a47209a1e7', 'VariableUpdate', '4afb5c69-81cd-11ee-8386-48a47209a1e7', '4afb5c69-81cd-11ee-8386-48a47209a1e7', NULL, NULL, 'purchase_man', 'string', 0, '2023-11-13 10:35:22.135', NULL, NULL, NULL, 'purchase_man', NULL);
INSERT INTO `act_hi_detail` VALUES ('4afbd19f-81cd-11ee-8386-48a47209a1e7', 'VariableUpdate', '4afb5c69-81cd-11ee-8386-48a47209a1e7', '4afb5c69-81cd-11ee-8386-48a47209a1e7', NULL, NULL, 'station_master', 'string', 0, '2023-11-13 10:35:22.136', NULL, NULL, NULL, 'station_master', NULL);
INSERT INTO `act_hi_detail` VALUES ('4afbd1a1-81cd-11ee-8386-48a47209a1e7', 'VariableUpdate', '4afb5c69-81cd-11ee-8386-48a47209a1e7', '4afb5c69-81cd-11ee-8386-48a47209a1e7', NULL, NULL, 'in_store', 'string', 0, '2023-11-13 10:35:22.136', NULL, NULL, NULL, 'in_store', NULL);
INSERT INTO `act_hi_detail` VALUES ('4afbd1a3-81cd-11ee-8386-48a47209a1e7', 'VariableUpdate', '4afb5c69-81cd-11ee-8386-48a47209a1e7', '4afb5c69-81cd-11ee-8386-48a47209a1e7', NULL, NULL, 'supper_manage', 'string', 0, '2023-11-13 10:35:22.136', NULL, NULL, NULL, 'supper_manage', NULL);
INSERT INTO `act_hi_detail` VALUES ('4afbd1a5-81cd-11ee-8386-48a47209a1e7', 'VariableUpdate', '4afb5c69-81cd-11ee-8386-48a47209a1e7', '4afb5c69-81cd-11ee-8386-48a47209a1e7', NULL, NULL, 'out_store', 'string', 0, '2023-11-13 10:35:22.136', NULL, NULL, NULL, 'out_store', NULL);
INSERT INTO `act_hi_detail` VALUES ('4afbd1a7-81cd-11ee-8386-48a47209a1e7', 'VariableUpdate', '4afb5c69-81cd-11ee-8386-48a47209a1e7', '4afb5c69-81cd-11ee-8386-48a47209a1e7', NULL, NULL, 'status', 'integer', 0, '2023-11-13 10:35:22.136', NULL, NULL, 1, '1', NULL);
INSERT INTO `act_hi_detail` VALUES ('52167b16-7eb1-11ee-83ef-48a47209a1e7', 'VariableUpdate', '52167b14-7eb1-11ee-83ef-48a47209a1e7', '52167b14-7eb1-11ee-83ef-48a47209a1e7', NULL, NULL, 'produce_man', 'string', 0, '2023-11-09 11:37:34.658', NULL, NULL, NULL, 'produce_man', NULL);
INSERT INTO `act_hi_detail` VALUES ('5216a228-7eb1-11ee-83ef-48a47209a1e7', 'VariableUpdate', '52167b14-7eb1-11ee-83ef-48a47209a1e7', '52167b14-7eb1-11ee-83ef-48a47209a1e7', NULL, NULL, 'purchase_man', 'string', 0, '2023-11-09 11:37:34.659', NULL, NULL, NULL, 'purchase_man', NULL);
INSERT INTO `act_hi_detail` VALUES ('5216a22a-7eb1-11ee-83ef-48a47209a1e7', 'VariableUpdate', '52167b14-7eb1-11ee-83ef-48a47209a1e7', '52167b14-7eb1-11ee-83ef-48a47209a1e7', NULL, NULL, 'station_master', 'string', 0, '2023-11-09 11:37:34.659', NULL, NULL, NULL, 'station_master', NULL);
INSERT INTO `act_hi_detail` VALUES ('5216a22c-7eb1-11ee-83ef-48a47209a1e7', 'VariableUpdate', '52167b14-7eb1-11ee-83ef-48a47209a1e7', '52167b14-7eb1-11ee-83ef-48a47209a1e7', NULL, NULL, 'in_store', 'string', 0, '2023-11-09 11:37:34.659', NULL, NULL, NULL, 'in_store', NULL);
INSERT INTO `act_hi_detail` VALUES ('5216a22e-7eb1-11ee-83ef-48a47209a1e7', 'VariableUpdate', '52167b14-7eb1-11ee-83ef-48a47209a1e7', '52167b14-7eb1-11ee-83ef-48a47209a1e7', NULL, NULL, 'supper_manage', 'string', 0, '2023-11-09 11:37:34.659', NULL, NULL, NULL, 'supper_manage', NULL);
INSERT INTO `act_hi_detail` VALUES ('5216a230-7eb1-11ee-83ef-48a47209a1e7', 'VariableUpdate', '52167b14-7eb1-11ee-83ef-48a47209a1e7', '52167b14-7eb1-11ee-83ef-48a47209a1e7', NULL, NULL, 'out_store', 'string', 0, '2023-11-09 11:37:34.659', NULL, NULL, NULL, 'out_store', NULL);
INSERT INTO `act_hi_detail` VALUES ('5216a232-7eb1-11ee-83ef-48a47209a1e7', 'VariableUpdate', '52167b14-7eb1-11ee-83ef-48a47209a1e7', '52167b14-7eb1-11ee-83ef-48a47209a1e7', NULL, NULL, 'status', 'integer', 0, '2023-11-09 11:37:34.659', NULL, NULL, 1, '1', NULL);
INSERT INTO `act_hi_detail` VALUES ('9fb0d895-7ea3-11ee-9b02-48a47209a1e7', 'VariableUpdate', '9fb0d893-7ea3-11ee-9b02-48a47209a1e7', '9fb0d893-7ea3-11ee-9b02-48a47209a1e7', NULL, NULL, 'produce_man', 'string', 0, '2023-11-09 09:59:31.900', NULL, NULL, NULL, 'produce_man', NULL);
INSERT INTO `act_hi_detail` VALUES ('9fb0d897-7ea3-11ee-9b02-48a47209a1e7', 'VariableUpdate', '9fb0d893-7ea3-11ee-9b02-48a47209a1e7', '9fb0d893-7ea3-11ee-9b02-48a47209a1e7', NULL, NULL, 'purchase_man', 'string', 0, '2023-11-09 09:59:31.900', NULL, NULL, NULL, 'purchase_man', NULL);
INSERT INTO `act_hi_detail` VALUES ('9fb0d899-7ea3-11ee-9b02-48a47209a1e7', 'VariableUpdate', '9fb0d893-7ea3-11ee-9b02-48a47209a1e7', '9fb0d893-7ea3-11ee-9b02-48a47209a1e7', NULL, NULL, 'station_master', 'string', 0, '2023-11-09 09:59:31.900', NULL, NULL, NULL, 'station_master', NULL);
INSERT INTO `act_hi_detail` VALUES ('9fb0ffab-7ea3-11ee-9b02-48a47209a1e7', 'VariableUpdate', '9fb0d893-7ea3-11ee-9b02-48a47209a1e7', '9fb0d893-7ea3-11ee-9b02-48a47209a1e7', NULL, NULL, 'in_store', 'string', 0, '2023-11-09 09:59:31.901', NULL, NULL, NULL, 'in_store', NULL);
INSERT INTO `act_hi_detail` VALUES ('9fb0ffad-7ea3-11ee-9b02-48a47209a1e7', 'VariableUpdate', '9fb0d893-7ea3-11ee-9b02-48a47209a1e7', '9fb0d893-7ea3-11ee-9b02-48a47209a1e7', NULL, NULL, 'supper_manage', 'string', 0, '2023-11-09 09:59:31.901', NULL, NULL, NULL, 'supper_manage', NULL);
INSERT INTO `act_hi_detail` VALUES ('9fb0ffaf-7ea3-11ee-9b02-48a47209a1e7', 'VariableUpdate', '9fb0d893-7ea3-11ee-9b02-48a47209a1e7', '9fb0d893-7ea3-11ee-9b02-48a47209a1e7', NULL, NULL, 'out_store', 'string', 0, '2023-11-09 09:59:31.901', NULL, NULL, NULL, 'out_store', NULL);
INSERT INTO `act_hi_detail` VALUES ('9fb0ffb1-7ea3-11ee-9b02-48a47209a1e7', 'VariableUpdate', '9fb0d893-7ea3-11ee-9b02-48a47209a1e7', '9fb0d893-7ea3-11ee-9b02-48a47209a1e7', NULL, NULL, 'status', 'integer', 0, '2023-11-09 09:59:31.901', NULL, NULL, 0, '0', NULL);
INSERT INTO `act_hi_detail` VALUES ('a1286f2f-81d6-11ee-90b5-48a47209a1e7', 'VariableUpdate', 'a12784cd-81d6-11ee-90b5-48a47209a1e7', 'a12784cd-81d6-11ee-90b5-48a47209a1e7', NULL, NULL, 'produce_man', 'string', 0, '2023-11-13 11:42:12.183', NULL, NULL, NULL, 'produce_man', NULL);
INSERT INTO `act_hi_detail` VALUES ('a1289641-81d6-11ee-90b5-48a47209a1e7', 'VariableUpdate', 'a12784cd-81d6-11ee-90b5-48a47209a1e7', 'a12784cd-81d6-11ee-90b5-48a47209a1e7', NULL, NULL, 'purchase_man', 'string', 0, '2023-11-13 11:42:12.184', NULL, NULL, NULL, 'purchase_man', NULL);
INSERT INTO `act_hi_detail` VALUES ('a1289643-81d6-11ee-90b5-48a47209a1e7', 'VariableUpdate', 'a12784cd-81d6-11ee-90b5-48a47209a1e7', 'a12784cd-81d6-11ee-90b5-48a47209a1e7', NULL, NULL, 'station_master', 'string', 0, '2023-11-13 11:42:12.184', NULL, NULL, NULL, 'station_master', NULL);
INSERT INTO `act_hi_detail` VALUES ('a128bd55-81d6-11ee-90b5-48a47209a1e7', 'VariableUpdate', 'a12784cd-81d6-11ee-90b5-48a47209a1e7', 'a12784cd-81d6-11ee-90b5-48a47209a1e7', NULL, NULL, 'in_store', 'string', 0, '2023-11-13 11:42:12.185', NULL, NULL, NULL, 'in_store', NULL);
INSERT INTO `act_hi_detail` VALUES ('a128bd57-81d6-11ee-90b5-48a47209a1e7', 'VariableUpdate', 'a12784cd-81d6-11ee-90b5-48a47209a1e7', 'a12784cd-81d6-11ee-90b5-48a47209a1e7', NULL, NULL, 'supper_manage', 'string', 0, '2023-11-13 11:42:12.185', NULL, NULL, NULL, 'supper_manage', NULL);
INSERT INTO `act_hi_detail` VALUES ('a128bd59-81d6-11ee-90b5-48a47209a1e7', 'VariableUpdate', 'a12784cd-81d6-11ee-90b5-48a47209a1e7', 'a12784cd-81d6-11ee-90b5-48a47209a1e7', NULL, NULL, 'out_store', 'string', 0, '2023-11-13 11:42:12.185', NULL, NULL, NULL, 'out_store', NULL);
INSERT INTO `act_hi_detail` VALUES ('a128bd5b-81d6-11ee-90b5-48a47209a1e7', 'VariableUpdate', 'a12784cd-81d6-11ee-90b5-48a47209a1e7', 'a12784cd-81d6-11ee-90b5-48a47209a1e7', NULL, NULL, 'status', 'integer', 0, '2023-11-13 11:42:12.185', NULL, NULL, 0, '0', NULL);
INSERT INTO `act_hi_detail` VALUES ('aa671d25-7ea2-11ee-9b02-48a47209a1e7', 'VariableUpdate', 'aa66f613-7ea2-11ee-9b02-48a47209a1e7', 'aa66f613-7ea2-11ee-9b02-48a47209a1e7', NULL, NULL, 'produce_man', 'string', 0, '2023-11-09 09:52:40.375', NULL, NULL, NULL, 'produce_man', NULL);
INSERT INTO `act_hi_detail` VALUES ('aa671d27-7ea2-11ee-9b02-48a47209a1e7', 'VariableUpdate', 'aa66f613-7ea2-11ee-9b02-48a47209a1e7', 'aa66f613-7ea2-11ee-9b02-48a47209a1e7', NULL, NULL, 'purchase_man', 'string', 0, '2023-11-09 09:52:40.375', NULL, NULL, NULL, 'purchase_man', NULL);
INSERT INTO `act_hi_detail` VALUES ('aa671d29-7ea2-11ee-9b02-48a47209a1e7', 'VariableUpdate', 'aa66f613-7ea2-11ee-9b02-48a47209a1e7', 'aa66f613-7ea2-11ee-9b02-48a47209a1e7', NULL, NULL, 'station_master', 'string', 0, '2023-11-09 09:52:40.375', NULL, NULL, NULL, 'station_master', NULL);
INSERT INTO `act_hi_detail` VALUES ('aa671d2b-7ea2-11ee-9b02-48a47209a1e7', 'VariableUpdate', 'aa66f613-7ea2-11ee-9b02-48a47209a1e7', 'aa66f613-7ea2-11ee-9b02-48a47209a1e7', NULL, NULL, 'in_store', 'string', 0, '2023-11-09 09:52:40.375', NULL, NULL, NULL, 'in_store', NULL);
INSERT INTO `act_hi_detail` VALUES ('aa671d2d-7ea2-11ee-9b02-48a47209a1e7', 'VariableUpdate', 'aa66f613-7ea2-11ee-9b02-48a47209a1e7', 'aa66f613-7ea2-11ee-9b02-48a47209a1e7', NULL, NULL, 'supper_manage', 'string', 0, '2023-11-09 09:52:40.375', NULL, NULL, NULL, 'supper_manage', NULL);
INSERT INTO `act_hi_detail` VALUES ('aa671d2f-7ea2-11ee-9b02-48a47209a1e7', 'VariableUpdate', 'aa66f613-7ea2-11ee-9b02-48a47209a1e7', 'aa66f613-7ea2-11ee-9b02-48a47209a1e7', NULL, NULL, 'out_store', 'string', 0, '2023-11-09 09:52:40.375', NULL, NULL, NULL, 'out_store', NULL);
INSERT INTO `act_hi_detail` VALUES ('aa674441-7ea2-11ee-9b02-48a47209a1e7', 'VariableUpdate', 'aa66f613-7ea2-11ee-9b02-48a47209a1e7', 'aa66f613-7ea2-11ee-9b02-48a47209a1e7', NULL, NULL, 'status', 'integer', 0, '2023-11-09 09:52:40.376', NULL, NULL, 0, '0', NULL);
INSERT INTO `act_hi_detail` VALUES ('b9ddfc10-7eb4-11ee-83ef-48a47209a1e7', 'VariableUpdate', 'b9ddfc0e-7eb4-11ee-83ef-48a47209a1e7', 'b9ddfc0e-7eb4-11ee-83ef-48a47209a1e7', NULL, NULL, 'produce_man', 'string', 0, '2023-11-09 12:01:57.261', NULL, NULL, NULL, 'produce_man', NULL);
INSERT INTO `act_hi_detail` VALUES ('b9ddfc12-7eb4-11ee-83ef-48a47209a1e7', 'VariableUpdate', 'b9ddfc0e-7eb4-11ee-83ef-48a47209a1e7', 'b9ddfc0e-7eb4-11ee-83ef-48a47209a1e7', NULL, NULL, 'purchase_man', 'string', 0, '2023-11-09 12:01:57.261', NULL, NULL, NULL, 'purchase_man', NULL);
INSERT INTO `act_hi_detail` VALUES ('b9ddfc14-7eb4-11ee-83ef-48a47209a1e7', 'VariableUpdate', 'b9ddfc0e-7eb4-11ee-83ef-48a47209a1e7', 'b9ddfc0e-7eb4-11ee-83ef-48a47209a1e7', NULL, NULL, 'station_master', 'string', 0, '2023-11-09 12:01:57.261', NULL, NULL, NULL, 'station_master', NULL);
INSERT INTO `act_hi_detail` VALUES ('b9ddfc16-7eb4-11ee-83ef-48a47209a1e7', 'VariableUpdate', 'b9ddfc0e-7eb4-11ee-83ef-48a47209a1e7', 'b9ddfc0e-7eb4-11ee-83ef-48a47209a1e7', NULL, NULL, 'in_store', 'string', 0, '2023-11-09 12:01:57.261', NULL, NULL, NULL, 'in_store', NULL);
INSERT INTO `act_hi_detail` VALUES ('b9ddfc18-7eb4-11ee-83ef-48a47209a1e7', 'VariableUpdate', 'b9ddfc0e-7eb4-11ee-83ef-48a47209a1e7', 'b9ddfc0e-7eb4-11ee-83ef-48a47209a1e7', NULL, NULL, 'supper_manage', 'string', 0, '2023-11-09 12:01:57.261', NULL, NULL, NULL, 'supper_manage', NULL);
INSERT INTO `act_hi_detail` VALUES ('b9de232a-7eb4-11ee-83ef-48a47209a1e7', 'VariableUpdate', 'b9ddfc0e-7eb4-11ee-83ef-48a47209a1e7', 'b9ddfc0e-7eb4-11ee-83ef-48a47209a1e7', NULL, NULL, 'out_store', 'string', 0, '2023-11-09 12:01:57.262', NULL, NULL, NULL, 'out_store', NULL);
INSERT INTO `act_hi_detail` VALUES ('b9de232c-7eb4-11ee-83ef-48a47209a1e7', 'VariableUpdate', 'b9ddfc0e-7eb4-11ee-83ef-48a47209a1e7', 'b9ddfc0e-7eb4-11ee-83ef-48a47209a1e7', NULL, NULL, 'status', 'integer', 0, '2023-11-09 12:01:57.262', NULL, NULL, 1, '1', NULL);
INSERT INTO `act_hi_detail` VALUES ('bbaf34f5-828f-11ee-ae8d-48a47209a1e7', 'VariableUpdate', 'bbae71a3-828f-11ee-ae8d-48a47209a1e7', 'bbae71a3-828f-11ee-ae8d-48a47209a1e7', NULL, NULL, 'produce_man', 'string', 0, '2023-11-14 09:47:13.582', NULL, NULL, NULL, 'produce_man', NULL);
INSERT INTO `act_hi_detail` VALUES ('bbaf8317-828f-11ee-ae8d-48a47209a1e7', 'VariableUpdate', 'bbae71a3-828f-11ee-ae8d-48a47209a1e7', 'bbae71a3-828f-11ee-ae8d-48a47209a1e7', NULL, NULL, 'purchase_man', 'string', 0, '2023-11-14 09:47:13.584', NULL, NULL, NULL, 'purchase_man', NULL);
INSERT INTO `act_hi_detail` VALUES ('bbaf8319-828f-11ee-ae8d-48a47209a1e7', 'VariableUpdate', 'bbae71a3-828f-11ee-ae8d-48a47209a1e7', 'bbae71a3-828f-11ee-ae8d-48a47209a1e7', NULL, NULL, 'station_master', 'string', 0, '2023-11-14 09:47:13.584', NULL, NULL, NULL, 'station_master', NULL);
INSERT INTO `act_hi_detail` VALUES ('bbaf831b-828f-11ee-ae8d-48a47209a1e7', 'VariableUpdate', 'bbae71a3-828f-11ee-ae8d-48a47209a1e7', 'bbae71a3-828f-11ee-ae8d-48a47209a1e7', NULL, NULL, 'in_store', 'string', 0, '2023-11-14 09:47:13.584', NULL, NULL, NULL, 'in_store', NULL);
INSERT INTO `act_hi_detail` VALUES ('bbafaa2d-828f-11ee-ae8d-48a47209a1e7', 'VariableUpdate', 'bbae71a3-828f-11ee-ae8d-48a47209a1e7', 'bbae71a3-828f-11ee-ae8d-48a47209a1e7', NULL, NULL, 'supper_manage', 'string', 0, '2023-11-14 09:47:13.585', NULL, NULL, NULL, 'supper_manage', NULL);
INSERT INTO `act_hi_detail` VALUES ('bbafaa2f-828f-11ee-ae8d-48a47209a1e7', 'VariableUpdate', 'bbae71a3-828f-11ee-ae8d-48a47209a1e7', 'bbae71a3-828f-11ee-ae8d-48a47209a1e7', NULL, NULL, 'out_store', 'string', 0, '2023-11-14 09:47:13.585', NULL, NULL, NULL, 'out_store', NULL);
INSERT INTO `act_hi_detail` VALUES ('bbafaa31-828f-11ee-ae8d-48a47209a1e7', 'VariableUpdate', 'bbae71a3-828f-11ee-ae8d-48a47209a1e7', 'bbae71a3-828f-11ee-ae8d-48a47209a1e7', NULL, NULL, 'status', 'integer', 0, '2023-11-14 09:47:13.585', NULL, NULL, 1, '1', NULL);
INSERT INTO `act_hi_detail` VALUES ('cb1e0a19-81d3-11ee-90b5-48a47209a1e7', 'VariableUpdate', 'cb1d6dd7-81d3-11ee-90b5-48a47209a1e7', 'cb1d6dd7-81d3-11ee-90b5-48a47209a1e7', NULL, NULL, 'produce_man', 'string', 0, '2023-11-13 11:21:54.089', NULL, NULL, NULL, 'produce_man', NULL);
INSERT INTO `act_hi_detail` VALUES ('cb1e7f4b-81d3-11ee-90b5-48a47209a1e7', 'VariableUpdate', 'cb1d6dd7-81d3-11ee-90b5-48a47209a1e7', 'cb1d6dd7-81d3-11ee-90b5-48a47209a1e7', NULL, NULL, 'purchase_man', 'string', 0, '2023-11-13 11:21:54.092', NULL, NULL, NULL, 'purchase_man', NULL);
INSERT INTO `act_hi_detail` VALUES ('cb1e7f4d-81d3-11ee-90b5-48a47209a1e7', 'VariableUpdate', 'cb1d6dd7-81d3-11ee-90b5-48a47209a1e7', 'cb1d6dd7-81d3-11ee-90b5-48a47209a1e7', NULL, NULL, 'station_master', 'string', 0, '2023-11-13 11:21:54.092', NULL, NULL, NULL, 'station_master', NULL);
INSERT INTO `act_hi_detail` VALUES ('cb1e7f4f-81d3-11ee-90b5-48a47209a1e7', 'VariableUpdate', 'cb1d6dd7-81d3-11ee-90b5-48a47209a1e7', 'cb1d6dd7-81d3-11ee-90b5-48a47209a1e7', NULL, NULL, 'in_store', 'string', 0, '2023-11-13 11:21:54.092', NULL, NULL, NULL, 'in_store', NULL);
INSERT INTO `act_hi_detail` VALUES ('cb1e7f51-81d3-11ee-90b5-48a47209a1e7', 'VariableUpdate', 'cb1d6dd7-81d3-11ee-90b5-48a47209a1e7', 'cb1d6dd7-81d3-11ee-90b5-48a47209a1e7', NULL, NULL, 'supper_manage', 'string', 0, '2023-11-13 11:21:54.092', NULL, NULL, NULL, 'supper_manage', NULL);
INSERT INTO `act_hi_detail` VALUES ('cb1e7f53-81d3-11ee-90b5-48a47209a1e7', 'VariableUpdate', 'cb1d6dd7-81d3-11ee-90b5-48a47209a1e7', 'cb1d6dd7-81d3-11ee-90b5-48a47209a1e7', NULL, NULL, 'out_store', 'string', 0, '2023-11-13 11:21:54.092', NULL, NULL, NULL, 'out_store', NULL);
INSERT INTO `act_hi_detail` VALUES ('cb1e7f55-81d3-11ee-90b5-48a47209a1e7', 'VariableUpdate', 'cb1d6dd7-81d3-11ee-90b5-48a47209a1e7', 'cb1d6dd7-81d3-11ee-90b5-48a47209a1e7', NULL, NULL, 'status', 'integer', 0, '2023-11-13 11:21:54.092', NULL, NULL, 0, '0', NULL);

-- ----------------------------
-- Table structure for act_hi_identitylink
-- ----------------------------
DROP TABLE IF EXISTS `act_hi_identitylink`;
CREATE TABLE `act_hi_identitylink`  (
  `ID_` varchar(64) CHARACTER SET utf8 COLLATE utf8_bin NOT NULL,
  `GROUP_ID_` varchar(255) CHARACTER SET utf8 COLLATE utf8_bin NULL DEFAULT NULL,
  `TYPE_` varchar(255) CHARACTER SET utf8 COLLATE utf8_bin NULL DEFAULT NULL,
  `USER_ID_` varchar(255) CHARACTER SET utf8 COLLATE utf8_bin NULL DEFAULT NULL,
  `TASK_ID_` varchar(64) CHARACTER SET utf8 COLLATE utf8_bin NULL DEFAULT NULL,
  `PROC_INST_ID_` varchar(64) CHARACTER SET utf8 COLLATE utf8_bin NULL DEFAULT NULL,
  PRIMARY KEY (`ID_`) USING BTREE,
  INDEX `ACT_IDX_HI_IDENT_LNK_USER`(`USER_ID_` ASC) USING BTREE,
  INDEX `ACT_IDX_HI_IDENT_LNK_TASK`(`TASK_ID_` ASC) USING BTREE,
  INDEX `ACT_IDX_HI_IDENT_LNK_PROCINST`(`PROC_INST_ID_` ASC) USING BTREE
) ENGINE = InnoDB CHARACTER SET = utf8 COLLATE = utf8_bin ROW_FORMAT = Dynamic;

-- ----------------------------
-- Records of act_hi_identitylink
-- ----------------------------
INSERT INTO `act_hi_identitylink` VALUES ('32c8e247-7e0b-11ee-8f85-48a47209a1e7', NULL, 'participant', 'station_master', NULL, '32b8b594-7e0b-11ee-8f85-48a47209a1e7');
INSERT INTO `act_hi_identitylink` VALUES ('32de661a-7e0b-11ee-8f85-48a47209a1e7', NULL, 'participant', 'supper_manage', NULL, '32b8b594-7e0b-11ee-8f85-48a47209a1e7');
INSERT INTO `act_hi_identitylink` VALUES ('32fb2b86-7ed1-11ee-9c08-48a47209a1e7', NULL, 'participant', 'station_master', NULL, '32f70cc3-7ed1-11ee-9c08-48a47209a1e7');
INSERT INTO `act_hi_identitylink` VALUES ('33178d29-7ed1-11ee-9c08-48a47209a1e7', NULL, 'participant', 'supper_manage', NULL, '32f70cc3-7ed1-11ee-9c08-48a47209a1e7');
INSERT INTO `act_hi_identitylink` VALUES ('3e2f846f-7ed1-11ee-9c08-48a47209a1e7', NULL, 'participant', 'out_store', NULL, '32f70cc3-7ed1-11ee-9c08-48a47209a1e7');
INSERT INTO `act_hi_identitylink` VALUES ('4afc1fcc-81cd-11ee-8386-48a47209a1e7', NULL, 'participant', 'station_master', NULL, '4afb5c69-81cd-11ee-8386-48a47209a1e7');
INSERT INTO `act_hi_identitylink` VALUES ('4b04ab4f-81cd-11ee-8386-48a47209a1e7', NULL, 'participant', 'supper_manage', NULL, '4afb5c69-81cd-11ee-8386-48a47209a1e7');
INSERT INTO `act_hi_identitylink` VALUES ('5216c847-7eb1-11ee-83ef-48a47209a1e7', NULL, 'participant', 'station_master', NULL, '52167b14-7eb1-11ee-83ef-48a47209a1e7');
INSERT INTO `act_hi_identitylink` VALUES ('521fa1ea-7eb1-11ee-83ef-48a47209a1e7', NULL, 'participant', 'supper_manage', NULL, '52167b14-7eb1-11ee-83ef-48a47209a1e7');
INSERT INTO `act_hi_identitylink` VALUES ('5299b86e-7e0b-11ee-8f85-48a47209a1e7', NULL, 'participant', 'purchase_man', NULL, '32b8b594-7e0b-11ee-8f85-48a47209a1e7');
INSERT INTO `act_hi_identitylink` VALUES ('55ad839e-7eb1-11ee-83ef-48a47209a1e7', NULL, 'participant', 'purchase_man', NULL, '52167b14-7eb1-11ee-83ef-48a47209a1e7');
INSERT INTO `act_hi_identitylink` VALUES ('7a80c5b8-7e10-11ee-93b6-48a47209a1e7', NULL, 'participant', 'in_store', NULL, '32b8b594-7e0b-11ee-8f85-48a47209a1e7');
INSERT INTO `act_hi_identitylink` VALUES ('7ef1efdb-7eb1-11ee-83ef-48a47209a1e7', NULL, 'participant', 'in_store', NULL, '52167b14-7eb1-11ee-83ef-48a47209a1e7');
INSERT INTO `act_hi_identitylink` VALUES ('901d3b30-7eb1-11ee-83ef-48a47209a1e7', NULL, 'participant', 'out_store', NULL, '52167b14-7eb1-11ee-83ef-48a47209a1e7');
INSERT INTO `act_hi_identitylink` VALUES ('9b7b6952-7ec4-11ee-9a80-48a47209a1e7', NULL, 'participant', 'in_store', NULL, 'b9ddfc0e-7eb4-11ee-83ef-48a47209a1e7');
INSERT INTO `act_hi_identitylink` VALUES ('9fb126c6-7ea3-11ee-9b02-48a47209a1e7', NULL, 'participant', 'station_master', NULL, '9fb0d893-7ea3-11ee-9b02-48a47209a1e7');
INSERT INTO `act_hi_identitylink` VALUES ('9fc1a189-7ea3-11ee-9b02-48a47209a1e7', NULL, 'participant', 'supper_manage', NULL, '9fb0d893-7ea3-11ee-9b02-48a47209a1e7');
INSERT INTO `act_hi_identitylink` VALUES ('a12959a0-81d6-11ee-90b5-48a47209a1e7', NULL, 'participant', 'station_master', NULL, 'a12784cd-81d6-11ee-90b5-48a47209a1e7');
INSERT INTO `act_hi_identitylink` VALUES ('a13d56d3-81d6-11ee-90b5-48a47209a1e7', NULL, 'participant', 'supper_manage', NULL, 'a12784cd-81d6-11ee-90b5-48a47209a1e7');
INSERT INTO `act_hi_identitylink` VALUES ('a15d1ec6-8290-11ee-ae8d-48a47209a1e7', NULL, 'participant', 'in_store', NULL, 'bbae71a3-828f-11ee-ae8d-48a47209a1e7');
INSERT INTO `act_hi_identitylink` VALUES ('aa676b56-7ea2-11ee-9b02-48a47209a1e7', NULL, 'participant', 'station_master', NULL, 'aa66f613-7ea2-11ee-9b02-48a47209a1e7');
INSERT INTO `act_hi_identitylink` VALUES ('aa780d29-7ea2-11ee-9b02-48a47209a1e7', NULL, 'participant', 'supper_manage', NULL, 'aa66f613-7ea2-11ee-9b02-48a47209a1e7');
INSERT INTO `act_hi_identitylink` VALUES ('b0ca7a3d-7e10-11ee-93b6-48a47209a1e7', NULL, 'participant', 'out_store', NULL, '32b8b594-7e0b-11ee-8f85-48a47209a1e7');
INSERT INTO `act_hi_identitylink` VALUES ('b9de2331-7eb4-11ee-83ef-48a47209a1e7', NULL, 'participant', 'station_master', NULL, 'b9ddfc0e-7eb4-11ee-83ef-48a47209a1e7');
INSERT INTO `act_hi_identitylink` VALUES ('b9e5c454-7eb4-11ee-83ef-48a47209a1e7', NULL, 'participant', 'supper_manage', NULL, 'b9ddfc0e-7eb4-11ee-83ef-48a47209a1e7');
INSERT INTO `act_hi_identitylink` VALUES ('bac4adb9-81d6-11ee-90b5-48a47209a1e7', NULL, 'participant', 'out_store', NULL, 'a12784cd-81d6-11ee-90b5-48a47209a1e7');
INSERT INTO `act_hi_identitylink` VALUES ('bac6f3e5-81d2-11ee-8386-48a47209a1e7', NULL, 'participant', 'out_store', NULL, '4afb5c69-81cd-11ee-8386-48a47209a1e7');
INSERT INTO `act_hi_identitylink` VALUES ('baee33a8-7eb4-11ee-83ef-48a47209a1e7', NULL, 'participant', 'purchase_man', NULL, 'b9ddfc0e-7eb4-11ee-83ef-48a47209a1e7');
INSERT INTO `act_hi_identitylink` VALUES ('bbb54f86-828f-11ee-ae8d-48a47209a1e7', NULL, 'participant', 'station_master', NULL, 'bbae71a3-828f-11ee-ae8d-48a47209a1e7');
INSERT INTO `act_hi_identitylink` VALUES ('bbc81439-828f-11ee-ae8d-48a47209a1e7', NULL, 'participant', 'supper_manage', NULL, 'bbae71a3-828f-11ee-ae8d-48a47209a1e7');
INSERT INTO `act_hi_identitylink` VALUES ('c3b160cd-828f-11ee-ae8d-48a47209a1e7', NULL, 'participant', 'purchase_man', NULL, 'bbae71a3-828f-11ee-ae8d-48a47209a1e7');
INSERT INTO `act_hi_identitylink` VALUES ('cb224fea-81d3-11ee-90b5-48a47209a1e7', NULL, 'participant', 'station_master', NULL, 'cb1d6dd7-81d3-11ee-90b5-48a47209a1e7');
INSERT INTO `act_hi_identitylink` VALUES ('cb33dc1d-81d3-11ee-90b5-48a47209a1e7', NULL, 'participant', 'supper_manage', NULL, 'cb1d6dd7-81d3-11ee-90b5-48a47209a1e7');
INSERT INTO `act_hi_identitylink` VALUES ('d38ac2a7-7ec4-11ee-9a80-48a47209a1e7', NULL, 'participant', 'out_store', NULL, 'b9ddfc0e-7eb4-11ee-83ef-48a47209a1e7');
INSERT INTO `act_hi_identitylink` VALUES ('d676693f-7ea2-11ee-9b02-48a47209a1e7', NULL, 'participant', 'out_store', NULL, 'aa66f613-7ea2-11ee-9b02-48a47209a1e7');
INSERT INTO `act_hi_identitylink` VALUES ('df3ec7c3-81d3-11ee-90b5-48a47209a1e7', NULL, 'participant', 'out_store', NULL, 'cb1d6dd7-81d3-11ee-90b5-48a47209a1e7');
INSERT INTO `act_hi_identitylink` VALUES ('e7ce7f53-81ce-11ee-8386-48a47209a1e7', NULL, 'participant', 'purchase_man', NULL, '4afb5c69-81cd-11ee-8386-48a47209a1e7');
INSERT INTO `act_hi_identitylink` VALUES ('e84aa939-7ea3-11ee-a3ef-48a47209a1e7', NULL, 'participant', 'out_store', NULL, '9fb0d893-7ea3-11ee-9b02-48a47209a1e7');
INSERT INTO `act_hi_identitylink` VALUES ('efaa08f0-81d1-11ee-8386-48a47209a1e7', NULL, 'participant', 'in_store', NULL, '4afb5c69-81cd-11ee-8386-48a47209a1e7');

-- ----------------------------
-- Table structure for act_hi_procinst
-- ----------------------------
DROP TABLE IF EXISTS `act_hi_procinst`;
CREATE TABLE `act_hi_procinst`  (
  `ID_` varchar(64) CHARACTER SET utf8 COLLATE utf8_bin NOT NULL,
  `PROC_INST_ID_` varchar(64) CHARACTER SET utf8 COLLATE utf8_bin NOT NULL,
  `BUSINESS_KEY_` varchar(255) CHARACTER SET utf8 COLLATE utf8_bin NULL DEFAULT NULL,
  `PROC_DEF_ID_` varchar(64) CHARACTER SET utf8 COLLATE utf8_bin NOT NULL,
  `START_TIME_` datetime(3) NOT NULL,
  `END_TIME_` datetime(3) NULL DEFAULT NULL,
  `DURATION_` bigint NULL DEFAULT NULL,
  `START_USER_ID_` varchar(255) CHARACTER SET utf8 COLLATE utf8_bin NULL DEFAULT NULL,
  `START_ACT_ID_` varchar(255) CHARACTER SET utf8 COLLATE utf8_bin NULL DEFAULT NULL,
  `END_ACT_ID_` varchar(255) CHARACTER SET utf8 COLLATE utf8_bin NULL DEFAULT NULL,
  `SUPER_PROCESS_INSTANCE_ID_` varchar(64) CHARACTER SET utf8 COLLATE utf8_bin NULL DEFAULT NULL,
  `DELETE_REASON_` varchar(4000) CHARACTER SET utf8 COLLATE utf8_bin NULL DEFAULT NULL,
  `TENANT_ID_` varchar(255) CHARACTER SET utf8 COLLATE utf8_bin NULL DEFAULT '',
  `NAME_` varchar(255) CHARACTER SET utf8 COLLATE utf8_bin NULL DEFAULT NULL,
  PRIMARY KEY (`ID_`) USING BTREE,
  UNIQUE INDEX `PROC_INST_ID_`(`PROC_INST_ID_` ASC) USING BTREE,
  INDEX `ACT_IDX_HI_PRO_INST_END`(`END_TIME_` ASC) USING BTREE,
  INDEX `ACT_IDX_HI_PRO_I_BUSKEY`(`BUSINESS_KEY_` ASC) USING BTREE
) ENGINE = InnoDB CHARACTER SET = utf8 COLLATE = utf8_bin ROW_FORMAT = Dynamic;

-- ----------------------------
-- Records of act_hi_procinst
-- ----------------------------
INSERT INTO `act_hi_procinst` VALUES ('32b8b594-7e0b-11ee-8f85-48a47209a1e7', '32b8b594-7e0b-11ee-8f85-48a47209a1e7', NULL, 'flowv1:1:9db0ecba-7b97-11ee-918e-48a47209a1e7', '2023-11-08 15:48:25.576', '2023-11-08 16:44:04.396', 3338820, NULL, 'sid-7e183909-366b-46a1-b731-c350ca52847a', 'sid-2b1cc9f7-cd15-430c-a96e-1df1f5288836', NULL, NULL, '', NULL);
INSERT INTO `act_hi_procinst` VALUES ('32f70cc3-7ed1-11ee-9c08-48a47209a1e7', '32f70cc3-7ed1-11ee-9c08-48a47209a1e7', NULL, 'flowv1:1:9db0ecba-7b97-11ee-918e-48a47209a1e7', '2023-11-09 15:25:46.338', '2023-11-10 11:12:57.532', 71231194, NULL, 'sid-7e183909-366b-46a1-b731-c350ca52847a', 'sid-2b1cc9f7-cd15-430c-a96e-1df1f5288836', NULL, NULL, '', NULL);
INSERT INTO `act_hi_procinst` VALUES ('4afb5c69-81cd-11ee-8386-48a47209a1e7', '4afb5c69-81cd-11ee-8386-48a47209a1e7', NULL, 'flowv1:1:9db0ecba-7b97-11ee-918e-48a47209a1e7', '2023-11-13 10:35:22.133', '2023-11-13 11:19:15.865', 2633732, NULL, 'sid-7e183909-366b-46a1-b731-c350ca52847a', 'sid-2b1cc9f7-cd15-430c-a96e-1df1f5288836', NULL, NULL, '', NULL);
INSERT INTO `act_hi_procinst` VALUES ('52167b14-7eb1-11ee-83ef-48a47209a1e7', '52167b14-7eb1-11ee-83ef-48a47209a1e7', NULL, 'flowv1:1:9db0ecba-7b97-11ee-918e-48a47209a1e7', '2023-11-09 11:37:34.658', '2023-11-09 11:39:54.816', 140158, NULL, 'sid-7e183909-366b-46a1-b731-c350ca52847a', 'sid-2b1cc9f7-cd15-430c-a96e-1df1f5288836', NULL, NULL, '', NULL);
INSERT INTO `act_hi_procinst` VALUES ('9fb0d893-7ea3-11ee-9b02-48a47209a1e7', '9fb0d893-7ea3-11ee-9b02-48a47209a1e7', NULL, 'flowv1:1:9db0ecba-7b97-11ee-918e-48a47209a1e7', '2023-11-09 09:59:31.900', '2023-11-09 10:02:25.775', 173875, NULL, 'sid-7e183909-366b-46a1-b731-c350ca52847a', 'sid-2b1cc9f7-cd15-430c-a96e-1df1f5288836', NULL, NULL, '', NULL);
INSERT INTO `act_hi_procinst` VALUES ('a12784cd-81d6-11ee-90b5-48a47209a1e7', 'a12784cd-81d6-11ee-90b5-48a47209a1e7', NULL, 'flowv1:1:9db0ecba-7b97-11ee-918e-48a47209a1e7', '2023-11-13 11:42:12.177', '2023-11-14 09:44:45.993', 79353816, NULL, 'sid-7e183909-366b-46a1-b731-c350ca52847a', 'sid-2b1cc9f7-cd15-430c-a96e-1df1f5288836', NULL, NULL, '', NULL);
INSERT INTO `act_hi_procinst` VALUES ('aa66f613-7ea2-11ee-9b02-48a47209a1e7', 'aa66f613-7ea2-11ee-9b02-48a47209a1e7', NULL, 'flowv1:1:9db0ecba-7b97-11ee-918e-48a47209a1e7', '2023-11-09 09:52:40.374', '2023-11-09 09:54:47.931', 127557, NULL, 'sid-7e183909-366b-46a1-b731-c350ca52847a', 'sid-2b1cc9f7-cd15-430c-a96e-1df1f5288836', NULL, NULL, '', NULL);
INSERT INTO `act_hi_procinst` VALUES ('b9ddfc0e-7eb4-11ee-83ef-48a47209a1e7', 'b9ddfc0e-7eb4-11ee-83ef-48a47209a1e7', NULL, 'flowv1:1:9db0ecba-7b97-11ee-918e-48a47209a1e7', '2023-11-09 12:01:57.261', '2023-11-09 13:59:18.607', 7041346, NULL, 'sid-7e183909-366b-46a1-b731-c350ca52847a', 'sid-2b1cc9f7-cd15-430c-a96e-1df1f5288836', NULL, NULL, '', NULL);
INSERT INTO `act_hi_procinst` VALUES ('bbae71a3-828f-11ee-ae8d-48a47209a1e7', 'bbae71a3-828f-11ee-ae8d-48a47209a1e7', NULL, 'flowv2:1:9aadeb08-828e-11ee-9548-48a47209a1e7', '2023-11-14 09:47:13.577', NULL, NULL, NULL, 'sid-7e183909-366b-46a1-b731-c350ca52847a', NULL, NULL, NULL, '', NULL);
INSERT INTO `act_hi_procinst` VALUES ('cb1d6dd7-81d3-11ee-90b5-48a47209a1e7', 'cb1d6dd7-81d3-11ee-90b5-48a47209a1e7', NULL, 'flowv1:1:9db0ecba-7b97-11ee-918e-48a47209a1e7', '2023-11-13 11:21:54.085', '2023-11-13 11:56:47.876', 2093791, NULL, 'sid-7e183909-366b-46a1-b731-c350ca52847a', 'sid-2b1cc9f7-cd15-430c-a96e-1df1f5288836', NULL, NULL, '', NULL);

-- ----------------------------
-- Table structure for act_hi_taskinst
-- ----------------------------
DROP TABLE IF EXISTS `act_hi_taskinst`;
CREATE TABLE `act_hi_taskinst`  (
  `ID_` varchar(64) CHARACTER SET utf8 COLLATE utf8_bin NOT NULL,
  `PROC_DEF_ID_` varchar(64) CHARACTER SET utf8 COLLATE utf8_bin NULL DEFAULT NULL,
  `TASK_DEF_KEY_` varchar(255) CHARACTER SET utf8 COLLATE utf8_bin NULL DEFAULT NULL,
  `PROC_INST_ID_` varchar(64) CHARACTER SET utf8 COLLATE utf8_bin NULL DEFAULT NULL,
  `EXECUTION_ID_` varchar(64) CHARACTER SET utf8 COLLATE utf8_bin NULL DEFAULT NULL,
  `NAME_` varchar(255) CHARACTER SET utf8 COLLATE utf8_bin NULL DEFAULT NULL,
  `PARENT_TASK_ID_` varchar(64) CHARACTER SET utf8 COLLATE utf8_bin NULL DEFAULT NULL,
  `DESCRIPTION_` varchar(4000) CHARACTER SET utf8 COLLATE utf8_bin NULL DEFAULT NULL,
  `OWNER_` varchar(255) CHARACTER SET utf8 COLLATE utf8_bin NULL DEFAULT NULL,
  `ASSIGNEE_` varchar(255) CHARACTER SET utf8 COLLATE utf8_bin NULL DEFAULT NULL,
  `START_TIME_` datetime(3) NOT NULL,
  `CLAIM_TIME_` datetime(3) NULL DEFAULT NULL,
  `END_TIME_` datetime(3) NULL DEFAULT NULL,
  `DURATION_` bigint NULL DEFAULT NULL,
  `DELETE_REASON_` varchar(4000) CHARACTER SET utf8 COLLATE utf8_bin NULL DEFAULT NULL,
  `PRIORITY_` int NULL DEFAULT NULL,
  `DUE_DATE_` datetime(3) NULL DEFAULT NULL,
  `FORM_KEY_` varchar(255) CHARACTER SET utf8 COLLATE utf8_bin NULL DEFAULT NULL,
  `CATEGORY_` varchar(255) CHARACTER SET utf8 COLLATE utf8_bin NULL DEFAULT NULL,
  `TENANT_ID_` varchar(255) CHARACTER SET utf8 COLLATE utf8_bin NULL DEFAULT '',
  PRIMARY KEY (`ID_`) USING BTREE,
  INDEX `ACT_IDX_HI_TASK_INST_PROCINST`(`PROC_INST_ID_` ASC) USING BTREE
) ENGINE = InnoDB CHARACTER SET = utf8 COLLATE = utf8_bin ROW_FORMAT = Dynamic;

-- ----------------------------
-- Records of act_hi_taskinst
-- ----------------------------
INSERT INTO `act_hi_taskinst` VALUES ('10338805-81cf-11ee-8386-48a47209a1e7', 'flowv1:1:9db0ecba-7b97-11ee-918e-48a47209a1e7', 'sid-04', '4afb5c69-81cd-11ee-8386-48a47209a1e7', '4afbf8b8-81cd-11ee-8386-48a47209a1e7', '', NULL, NULL, NULL, 'supper_manage', '2023-11-13 10:48:02.509', NULL, '2023-11-13 10:48:46.631', 44122, NULL, 50, NULL, NULL, NULL, '');
INSERT INTO `act_hi_taskinst` VALUES ('132e43a9-7ec5-11ee-9a80-48a47209a1e7', 'flowv1:1:9db0ecba-7b97-11ee-918e-48a47209a1e7', 'sid-10', 'b9ddfc0e-7eb4-11ee-83ef-48a47209a1e7', 'b9de232d-7eb4-11ee-83ef-48a47209a1e7', '', NULL, NULL, NULL, 'supper_manage', '2023-11-09 13:58:59.052', NULL, '2023-11-09 13:59:18.547', 19495, NULL, 50, NULL, NULL, NULL, '');
INSERT INTO `act_hi_taskinst` VALUES ('19a002bd-7e0f-11ee-93b6-48a47209a1e7', 'flowv1:1:9db0ecba-7b97-11ee-918e-48a47209a1e7', 'sid-04', '32b8b594-7e0b-11ee-8f85-48a47209a1e7', '32bed023-7e0b-11ee-8f85-48a47209a1e7', '', NULL, NULL, NULL, 'supper_manage', '2023-11-08 16:16:21.459', NULL, '2023-11-08 16:21:04.928', 283469, NULL, 50, NULL, NULL, NULL, '');
INSERT INTO `act_hi_taskinst` VALUES ('2a809fe8-81cf-11ee-8386-48a47209a1e7', 'flowv1:1:9db0ecba-7b97-11ee-918e-48a47209a1e7', 'sid-05', '4afb5c69-81cd-11ee-8386-48a47209a1e7', '4afbf8b8-81cd-11ee-8386-48a47209a1e7', '', NULL, NULL, NULL, 'purchase_man', '2023-11-13 10:48:46.635', NULL, '2023-11-13 10:54:28.116', 341481, NULL, 50, NULL, NULL, NULL, '');
INSERT INTO `act_hi_taskinst` VALUES ('2f23b643-7e10-11ee-93b6-48a47209a1e7', 'flowv1:1:9db0ecba-7b97-11ee-918e-48a47209a1e7', 'sid-04', '32b8b594-7e0b-11ee-8f85-48a47209a1e7', '32bed023-7e0b-11ee-8f85-48a47209a1e7', '', NULL, NULL, NULL, 'supper_manage', '2023-11-08 16:24:07.051', NULL, '2023-11-08 16:24:20.346', 13295, NULL, 50, NULL, NULL, NULL, '');
INSERT INTO `act_hi_taskinst` VALUES ('32c89426-7e0b-11ee-8f85-48a47209a1e7', 'flowv1:1:9db0ecba-7b97-11ee-918e-48a47209a1e7', 'sid-01', '32b8b594-7e0b-11ee-8f85-48a47209a1e7', '32bed023-7e0b-11ee-8f85-48a47209a1e7', '', NULL, NULL, NULL, 'station_master', '2023-11-08 15:48:25.682', NULL, '2023-11-08 15:48:25.809', 127, NULL, 50, NULL, NULL, NULL, '');
INSERT INTO `act_hi_taskinst` VALUES ('32ddc9d9-7e0b-11ee-8f85-48a47209a1e7', 'flowv1:1:9db0ecba-7b97-11ee-918e-48a47209a1e7', 'sid-02', '32b8b594-7e0b-11ee-8f85-48a47209a1e7', '32bed023-7e0b-11ee-8f85-48a47209a1e7', '', NULL, NULL, NULL, 'supper_manage', '2023-11-08 15:48:25.820', NULL, '2023-11-08 15:49:19.021', 53201, NULL, 50, NULL, NULL, NULL, '');
INSERT INTO `act_hi_taskinst` VALUES ('32fb0475-7ed1-11ee-9c08-48a47209a1e7', 'flowv1:1:9db0ecba-7b97-11ee-918e-48a47209a1e7', 'sid-01', '32f70cc3-7ed1-11ee-9c08-48a47209a1e7', '32f7f732-7ed1-11ee-9c08-48a47209a1e7', '', NULL, NULL, NULL, 'station_master', '2023-11-09 15:25:46.364', NULL, '2023-11-09 15:25:46.537', 173, NULL, 50, NULL, NULL, NULL, '');
INSERT INTO `act_hi_taskinst` VALUES ('331717f8-7ed1-11ee-9c08-48a47209a1e7', 'flowv1:1:9db0ecba-7b97-11ee-918e-48a47209a1e7', 'sid-02', '32f70cc3-7ed1-11ee-9c08-48a47209a1e7', '32f7f732-7ed1-11ee-9c08-48a47209a1e7', '', NULL, NULL, NULL, 'supper_manage', '2023-11-09 15:25:46.548', NULL, '2023-11-09 15:25:55.977', 9429, NULL, 50, NULL, NULL, NULL, '');
INSERT INTO `act_hi_taskinst` VALUES ('37114895-7e10-11ee-93b6-48a47209a1e7', 'flowv1:1:9db0ecba-7b97-11ee-918e-48a47209a1e7', 'sid-05', '32b8b594-7e0b-11ee-8f85-48a47209a1e7', '32bed023-7e0b-11ee-8f85-48a47209a1e7', '', NULL, NULL, NULL, 'purchase_man', '2023-11-08 16:24:20.353', NULL, '2023-11-08 16:26:13.471', 113118, NULL, 50, NULL, NULL, NULL, '');
INSERT INTO `act_hi_taskinst` VALUES ('38b933ac-7ed1-11ee-9c08-48a47209a1e7', 'flowv1:1:9db0ecba-7b97-11ee-918e-48a47209a1e7', 'sid-07', '32f70cc3-7ed1-11ee-9c08-48a47209a1e7', '32f7f732-7ed1-11ee-9c08-48a47209a1e7', '', NULL, NULL, NULL, 'supper_manage', '2023-11-09 15:25:55.999', NULL, '2023-11-09 15:26:05.148', 9149, NULL, 50, NULL, NULL, NULL, '');
INSERT INTO `act_hi_taskinst` VALUES ('3b60dfc5-8290-11ee-ae8d-48a47209a1e7', 'flowv2:1:9aadeb08-828e-11ee-9548-48a47209a1e7', 'sid-04', 'bbae71a3-828f-11ee-ae8d-48a47209a1e7', 'bbafd142-828f-11ee-ae8d-48a47209a1e7', '', NULL, NULL, NULL, 'supper_manage', '2023-11-14 09:50:47.818', NULL, '2023-11-14 09:51:14.192', 26374, NULL, 50, NULL, NULL, NULL, '');
INSERT INTO `act_hi_taskinst` VALUES ('3e2ee82e-7ed1-11ee-9c08-48a47209a1e7', 'flowv1:1:9db0ecba-7b97-11ee-918e-48a47209a1e7', 'sid-09', '32f70cc3-7ed1-11ee-9c08-48a47209a1e7', '32f7f732-7ed1-11ee-9c08-48a47209a1e7', '', NULL, NULL, NULL, 'out_store', '2023-11-09 15:26:05.159', NULL, '2023-11-09 15:26:40.022', 34863, NULL, 50, NULL, NULL, NULL, '');
INSERT INTO `act_hi_taskinst` VALUES ('3f60bcdb-81d7-11ee-90b5-48a47209a1e7', 'flowv1:1:9db0ecba-7b97-11ee-918e-48a47209a1e7', 'sid-10', 'a12784cd-81d6-11ee-90b5-48a47209a1e7', 'a128bd5c-81d6-11ee-90b5-48a47209a1e7', '', NULL, NULL, NULL, 'supper_manage', '2023-11-13 11:46:37.632', NULL, '2023-11-14 09:44:45.903', 79088271, NULL, 50, NULL, NULL, NULL, '');
INSERT INTO `act_hi_taskinst` VALUES ('43675897-7ec4-11ee-9a80-48a47209a1e7', 'flowv1:1:9db0ecba-7b97-11ee-918e-48a47209a1e7', 'sid-04', 'b9ddfc0e-7eb4-11ee-83ef-48a47209a1e7', 'b9de232d-7eb4-11ee-83ef-48a47209a1e7', '', NULL, NULL, NULL, 'supper_manage', '2023-11-09 13:53:10.460', NULL, '2023-11-09 13:53:36.086', 25626, NULL, 50, NULL, NULL, NULL, '');
INSERT INTO `act_hi_taskinst` VALUES ('4afc1fcb-81cd-11ee-8386-48a47209a1e7', 'flowv1:1:9db0ecba-7b97-11ee-918e-48a47209a1e7', 'sid-01', '4afb5c69-81cd-11ee-8386-48a47209a1e7', '4afbf8b8-81cd-11ee-8386-48a47209a1e7', '', NULL, NULL, NULL, 'station_master', '2023-11-13 10:35:22.138', NULL, '2023-11-13 10:35:22.187', 49, NULL, 50, NULL, NULL, NULL, '');
INSERT INTO `act_hi_taskinst` VALUES ('4b04361e-81cd-11ee-8386-48a47209a1e7', 'flowv1:1:9db0ecba-7b97-11ee-918e-48a47209a1e7', 'sid-02', '4afb5c69-81cd-11ee-8386-48a47209a1e7', '4afbf8b8-81cd-11ee-8386-48a47209a1e7', '', NULL, NULL, NULL, 'supper_manage', '2023-11-13 10:35:22.192', NULL, '2023-11-13 10:46:54.670', 692478, NULL, 50, NULL, NULL, NULL, '');
INSERT INTO `act_hi_taskinst` VALUES ('4b1a2488-8290-11ee-ae8d-48a47209a1e7', 'flowv2:1:9aadeb08-828e-11ee-9548-48a47209a1e7', 'sid-05', 'bbae71a3-828f-11ee-ae8d-48a47209a1e7', 'bbafd142-828f-11ee-ae8d-48a47209a1e7', '', NULL, NULL, NULL, 'purchase_man', '2023-11-14 09:51:14.197', NULL, '2023-11-14 09:51:18.984', 4787, NULL, 50, NULL, NULL, NULL, '');
INSERT INTO `act_hi_taskinst` VALUES ('4df530fb-8290-11ee-ae8d-48a47209a1e7', 'flowv2:1:9aadeb08-828e-11ee-9548-48a47209a1e7', 'sid-04', 'bbae71a3-828f-11ee-ae8d-48a47209a1e7', 'bbafd142-828f-11ee-ae8d-48a47209a1e7', '', NULL, NULL, NULL, 'supper_manage', '2023-11-14 09:51:18.988', NULL, '2023-11-14 09:52:34.498', 75510, NULL, 50, NULL, NULL, NULL, '');
INSERT INTO `act_hi_taskinst` VALUES ('5216c846-7eb1-11ee-83ef-48a47209a1e7', 'flowv1:1:9db0ecba-7b97-11ee-918e-48a47209a1e7', 'sid-01', '52167b14-7eb1-11ee-83ef-48a47209a1e7', '5216c843-7eb1-11ee-83ef-48a47209a1e7', '', NULL, NULL, NULL, 'station_master', '2023-11-09 11:37:34.660', NULL, '2023-11-09 11:37:34.709', 49, NULL, 50, NULL, NULL, NULL, '');
INSERT INTO `act_hi_taskinst` VALUES ('521f05a9-7eb1-11ee-83ef-48a47209a1e7', 'flowv1:1:9db0ecba-7b97-11ee-918e-48a47209a1e7', 'sid-02', '52167b14-7eb1-11ee-83ef-48a47209a1e7', '5216c843-7eb1-11ee-83ef-48a47209a1e7', '', NULL, NULL, NULL, 'supper_manage', '2023-11-09 11:37:34.714', NULL, '2023-11-09 11:37:40.654', 5940, NULL, 50, NULL, NULL, NULL, '');
INSERT INTO `act_hi_taskinst` VALUES ('5299915d-7e0b-11ee-8f85-48a47209a1e7', 'flowv1:1:9db0ecba-7b97-11ee-918e-48a47209a1e7', 'sid-03', '32b8b594-7e0b-11ee-8f85-48a47209a1e7', '32bed023-7e0b-11ee-8f85-48a47209a1e7', '', NULL, NULL, NULL, 'purchase_man', '2023-11-08 15:49:19.060', NULL, '2023-11-08 16:16:21.371', 1622311, NULL, 50, NULL, NULL, NULL, '');
INSERT INTO `act_hi_taskinst` VALUES ('52aea1aa-7ec4-11ee-9a80-48a47209a1e7', 'flowv1:1:9db0ecba-7b97-11ee-918e-48a47209a1e7', 'sid-05', 'b9ddfc0e-7eb4-11ee-83ef-48a47209a1e7', 'b9de232d-7eb4-11ee-83ef-48a47209a1e7', '', NULL, NULL, NULL, 'purchase_man', '2023-11-09 13:53:36.093', NULL, '2023-11-09 13:53:56.281', 20188, NULL, 50, NULL, NULL, NULL, '');
INSERT INTO `act_hi_taskinst` VALUES ('52f75771-7ed1-11ee-9c08-48a47209a1e7', 'flowv1:1:9db0ecba-7b97-11ee-918e-48a47209a1e7', 'sid-10', '32f70cc3-7ed1-11ee-9c08-48a47209a1e7', '32f7f732-7ed1-11ee-9c08-48a47209a1e7', '', NULL, NULL, NULL, 'supper_manage', '2023-11-09 15:26:40.027', NULL, '2023-11-10 11:12:57.380', 71177353, NULL, 50, NULL, NULL, NULL, '');
INSERT INTO `act_hi_taskinst` VALUES ('55ad5c8d-7eb1-11ee-83ef-48a47209a1e7', 'flowv1:1:9db0ecba-7b97-11ee-918e-48a47209a1e7', 'sid-03', '52167b14-7eb1-11ee-83ef-48a47209a1e7', '5216c843-7eb1-11ee-83ef-48a47209a1e7', '', NULL, NULL, NULL, 'purchase_man', '2023-11-09 11:37:40.680', NULL, '2023-11-09 11:38:05.664', 24984, NULL, 50, NULL, NULL, NULL, '');
INSERT INTO `act_hi_taskinst` VALUES ('5eb7fdcd-7ec4-11ee-9a80-48a47209a1e7', 'flowv1:1:9db0ecba-7b97-11ee-918e-48a47209a1e7', 'sid-04', 'b9ddfc0e-7eb4-11ee-83ef-48a47209a1e7', 'b9de232d-7eb4-11ee-83ef-48a47209a1e7', '', NULL, NULL, NULL, 'supper_manage', '2023-11-09 13:53:56.287', NULL, '2023-11-09 13:54:14.208', 17921, NULL, 50, NULL, NULL, NULL, '');
INSERT INTO `act_hi_taskinst` VALUES ('64928870-7eb1-11ee-83ef-48a47209a1e7', 'flowv1:1:9db0ecba-7b97-11ee-918e-48a47209a1e7', 'sid-04', '52167b14-7eb1-11ee-83ef-48a47209a1e7', '5216c843-7eb1-11ee-83ef-48a47209a1e7', '', NULL, NULL, NULL, 'supper_manage', '2023-11-09 11:38:05.670', NULL, '2023-11-09 11:38:21.267', 15597, NULL, 50, NULL, NULL, NULL, '');
INSERT INTO `act_hi_taskinst` VALUES ('6768c325-81d5-11ee-90b5-48a47209a1e7', 'flowv1:1:9db0ecba-7b97-11ee-918e-48a47209a1e7', 'sid-10', 'cb1d6dd7-81d3-11ee-90b5-48a47209a1e7', 'cb1ecd76-81d3-11ee-90b5-48a47209a1e7', '', NULL, NULL, NULL, 'supper_manage', '2023-11-13 11:33:25.801', NULL, '2023-11-13 11:56:47.798', 1401997, NULL, 50, NULL, NULL, NULL, '');
INSERT INTO `act_hi_taskinst` VALUES ('6967211f-7ec4-11ee-9a80-48a47209a1e7', 'flowv1:1:9db0ecba-7b97-11ee-918e-48a47209a1e7', 'sid-05', 'b9ddfc0e-7eb4-11ee-83ef-48a47209a1e7', 'b9de232d-7eb4-11ee-83ef-48a47209a1e7', '', NULL, NULL, NULL, 'purchase_man', '2023-11-09 13:54:14.212', NULL, '2023-11-09 13:55:38.219', 84007, NULL, 50, NULL, NULL, NULL, '');
INSERT INTO `act_hi_taskinst` VALUES ('6aba29ed-81d0-11ee-8386-48a47209a1e7', 'flowv1:1:9db0ecba-7b97-11ee-918e-48a47209a1e7', 'sid-05', '4afb5c69-81cd-11ee-8386-48a47209a1e7', '4afbf8b8-81cd-11ee-8386-48a47209a1e7', '', NULL, NULL, NULL, 'purchase_man', '2023-11-13 10:57:43.883', NULL, '2023-11-13 11:08:36.381', 652498, NULL, 50, NULL, NULL, NULL, '');
INSERT INTO `act_hi_taskinst` VALUES ('6ddf0e83-7eb1-11ee-83ef-48a47209a1e7', 'flowv1:1:9db0ecba-7b97-11ee-918e-48a47209a1e7', 'sid-05', '52167b14-7eb1-11ee-83ef-48a47209a1e7', '5216c843-7eb1-11ee-83ef-48a47209a1e7', '', NULL, NULL, NULL, 'purchase_man', '2023-11-09 11:38:21.271', NULL, '2023-11-09 11:38:35.042', 13771, NULL, 50, NULL, NULL, NULL, '');
INSERT INTO `act_hi_taskinst` VALUES ('7614f476-7eb1-11ee-83ef-48a47209a1e7', 'flowv1:1:9db0ecba-7b97-11ee-918e-48a47209a1e7', 'sid-04', '52167b14-7eb1-11ee-83ef-48a47209a1e7', '5216c843-7eb1-11ee-83ef-48a47209a1e7', '', NULL, NULL, NULL, 'supper_manage', '2023-11-09 11:38:35.046', NULL, '2023-11-09 11:38:44.001', 8955, NULL, 50, NULL, NULL, NULL, '');
INSERT INTO `act_hi_taskinst` VALUES ('7a7fdb57-7e10-11ee-93b6-48a47209a1e7', 'flowv1:1:9db0ecba-7b97-11ee-918e-48a47209a1e7', 'sid-06', '32b8b594-7e0b-11ee-8f85-48a47209a1e7', '32bed023-7e0b-11ee-8f85-48a47209a1e7', '', NULL, NULL, NULL, 'in_store', '2023-11-08 16:26:13.484', NULL, '2023-11-08 16:27:38.852', 85368, NULL, 50, NULL, NULL, NULL, '');
INSERT INTO `act_hi_taskinst` VALUES ('7af7ddae-8290-11ee-ae8d-48a47209a1e7', 'flowv2:1:9aadeb08-828e-11ee-9548-48a47209a1e7', 'sid-05', 'bbae71a3-828f-11ee-ae8d-48a47209a1e7', 'bbafd142-828f-11ee-ae8d-48a47209a1e7', '', NULL, NULL, NULL, 'purchase_man', '2023-11-14 09:52:34.503', NULL, '2023-11-14 09:52:39.976', 5473, NULL, 50, NULL, NULL, NULL, '');
INSERT INTO `act_hi_taskinst` VALUES ('7b6bfd68-7eb1-11ee-83ef-48a47209a1e7', 'flowv1:1:9db0ecba-7b97-11ee-918e-48a47209a1e7', 'sid-05', '52167b14-7eb1-11ee-83ef-48a47209a1e7', '5216c843-7eb1-11ee-83ef-48a47209a1e7', '', NULL, NULL, NULL, 'purchase_man', '2023-11-09 11:38:44.005', NULL, '2023-11-09 11:38:49.909', 5904, NULL, 50, NULL, NULL, NULL, '');
INSERT INTO `act_hi_taskinst` VALUES ('7e3be521-8290-11ee-ae8d-48a47209a1e7', 'flowv2:1:9aadeb08-828e-11ee-9548-48a47209a1e7', 'sid-04', 'bbae71a3-828f-11ee-ae8d-48a47209a1e7', 'bbafd142-828f-11ee-ae8d-48a47209a1e7', '', NULL, NULL, NULL, 'supper_manage', '2023-11-14 09:52:39.982', NULL, '2023-11-14 09:52:51.953', 11971, NULL, 50, NULL, NULL, NULL, '');
INSERT INTO `act_hi_taskinst` VALUES ('7ef17aaa-7eb1-11ee-83ef-48a47209a1e7', 'flowv1:1:9db0ecba-7b97-11ee-918e-48a47209a1e7', 'sid-06', '52167b14-7eb1-11ee-83ef-48a47209a1e7', '5216c843-7eb1-11ee-83ef-48a47209a1e7', '', NULL, NULL, NULL, 'in_store', '2023-11-09 11:38:49.913', NULL, '2023-11-09 11:39:14.152', 24239, NULL, 50, NULL, NULL, NULL, '');
INSERT INTO `act_hi_taskinst` VALUES ('855fbed3-8290-11ee-ae8d-48a47209a1e7', 'flowv2:1:9aadeb08-828e-11ee-9548-48a47209a1e7', 'sid-05', 'bbae71a3-828f-11ee-ae8d-48a47209a1e7', 'bbafd142-828f-11ee-ae8d-48a47209a1e7', '', NULL, NULL, NULL, 'purchase_man', '2023-11-14 09:52:51.961', NULL, '2023-11-14 09:53:38.912', 46951, NULL, 50, NULL, NULL, NULL, '');
INSERT INTO `act_hi_taskinst` VALUES ('8d64f8fd-7eb1-11ee-83ef-48a47209a1e7', 'flowv1:1:9db0ecba-7b97-11ee-918e-48a47209a1e7', 'sid-07', '52167b14-7eb1-11ee-83ef-48a47209a1e7', '5216c843-7eb1-11ee-83ef-48a47209a1e7', '', NULL, NULL, NULL, 'supper_manage', '2023-11-09 11:39:14.158', NULL, '2023-11-09 11:39:18.715', 4557, NULL, 50, NULL, NULL, NULL, '');
INSERT INTO `act_hi_taskinst` VALUES ('901ced0f-7eb1-11ee-83ef-48a47209a1e7', 'flowv1:1:9db0ecba-7b97-11ee-918e-48a47209a1e7', 'sid-09', '52167b14-7eb1-11ee-83ef-48a47209a1e7', '5216c843-7eb1-11ee-83ef-48a47209a1e7', '', NULL, NULL, NULL, 'out_store', '2023-11-09 11:39:18.719', NULL, '2023-11-09 11:39:41.028', 22309, NULL, 50, NULL, NULL, NULL, '');
INSERT INTO `act_hi_taskinst` VALUES ('9b7acd11-7ec4-11ee-9a80-48a47209a1e7', 'flowv1:1:9db0ecba-7b97-11ee-918e-48a47209a1e7', 'sid-06', 'b9ddfc0e-7eb4-11ee-83ef-48a47209a1e7', 'b9de232d-7eb4-11ee-83ef-48a47209a1e7', '', NULL, NULL, NULL, 'in_store', '2023-11-09 13:55:38.227', NULL, '2023-11-09 13:57:05.304', 87077, NULL, 50, NULL, NULL, NULL, '');
INSERT INTO `act_hi_taskinst` VALUES ('9d69ecc2-7eb1-11ee-83ef-48a47209a1e7', 'flowv1:1:9db0ecba-7b97-11ee-918e-48a47209a1e7', 'sid-10', '52167b14-7eb1-11ee-83ef-48a47209a1e7', '5216c843-7eb1-11ee-83ef-48a47209a1e7', '', NULL, NULL, NULL, 'supper_manage', '2023-11-09 11:39:41.034', NULL, '2023-11-09 11:39:54.786', 13752, NULL, 50, NULL, NULL, NULL, '');
INSERT INTO `act_hi_taskinst` VALUES ('9e948acf-7e12-11ee-93b6-48a47209a1e7', 'flowv1:1:9db0ecba-7b97-11ee-918e-48a47209a1e7', 'sid-10', '32b8b594-7e0b-11ee-8f85-48a47209a1e7', '32bed023-7e0b-11ee-8f85-48a47209a1e7', '', NULL, NULL, NULL, 'supper_manage', '2023-11-08 16:41:33.011', NULL, '2023-11-08 16:44:04.257', 151246, NULL, 50, NULL, NULL, NULL, '');
INSERT INTO `act_hi_taskinst` VALUES ('9fb126c5-7ea3-11ee-9b02-48a47209a1e7', 'flowv1:1:9db0ecba-7b97-11ee-918e-48a47209a1e7', 'sid-01', '9fb0d893-7ea3-11ee-9b02-48a47209a1e7', '9fb0ffb2-7ea3-11ee-9b02-48a47209a1e7', '', NULL, NULL, NULL, 'station_master', '2023-11-09 09:59:31.902', NULL, '2023-11-09 09:59:31.996', 94, NULL, 50, NULL, NULL, NULL, '');
INSERT INTO `act_hi_taskinst` VALUES ('9fc0de38-7ea3-11ee-9b02-48a47209a1e7', 'flowv1:1:9db0ecba-7b97-11ee-918e-48a47209a1e7', 'sid-02', '9fb0d893-7ea3-11ee-9b02-48a47209a1e7', '9fb0ffb2-7ea3-11ee-9b02-48a47209a1e7', '', NULL, NULL, NULL, 'supper_manage', '2023-11-09 09:59:32.005', NULL, '2023-11-09 10:01:26.456', 114451, NULL, 50, NULL, NULL, NULL, '');
INSERT INTO `act_hi_taskinst` VALUES ('a129599f-81d6-11ee-90b5-48a47209a1e7', 'flowv1:1:9db0ecba-7b97-11ee-918e-48a47209a1e7', 'sid-01', 'a12784cd-81d6-11ee-90b5-48a47209a1e7', 'a128bd5c-81d6-11ee-90b5-48a47209a1e7', '', NULL, NULL, NULL, 'station_master', '2023-11-13 11:42:12.189', NULL, '2023-11-13 11:42:12.308', 119, NULL, 50, NULL, NULL, NULL, '');
INSERT INTO `act_hi_taskinst` VALUES ('a13ce1a2-81d6-11ee-90b5-48a47209a1e7', 'flowv1:1:9db0ecba-7b97-11ee-918e-48a47209a1e7', 'sid-02', 'a12784cd-81d6-11ee-90b5-48a47209a1e7', 'a128bd5c-81d6-11ee-90b5-48a47209a1e7', '', NULL, NULL, NULL, 'supper_manage', '2023-11-13 11:42:12.317', NULL, '2023-11-13 11:42:47.810', 35493, NULL, 50, NULL, NULL, NULL, '');
INSERT INTO `act_hi_taskinst` VALUES ('a15ca995-8290-11ee-ae8d-48a47209a1e7', 'flowv2:1:9aadeb08-828e-11ee-9548-48a47209a1e7', 'sid-06', 'bbae71a3-828f-11ee-ae8d-48a47209a1e7', 'bbafd142-828f-11ee-ae8d-48a47209a1e7', '', NULL, NULL, NULL, 'in_store', '2023-11-14 09:53:38.917', NULL, '2023-11-14 09:56:03.775', 144858, NULL, 50, NULL, NULL, NULL, '');
INSERT INTO `act_hi_taskinst` VALUES ('aa674445-7ea2-11ee-9b02-48a47209a1e7', 'flowv1:1:9db0ecba-7b97-11ee-918e-48a47209a1e7', 'sid-01', 'aa66f613-7ea2-11ee-9b02-48a47209a1e7', 'aa674442-7ea2-11ee-9b02-48a47209a1e7', '', NULL, NULL, NULL, 'station_master', '2023-11-09 09:52:40.376', NULL, '2023-11-09 09:52:40.472', 96, NULL, 50, NULL, NULL, NULL, '');
INSERT INTO `act_hi_taskinst` VALUES ('aa7722c8-7ea2-11ee-9b02-48a47209a1e7', 'flowv1:1:9db0ecba-7b97-11ee-918e-48a47209a1e7', 'sid-02', 'aa66f613-7ea2-11ee-9b02-48a47209a1e7', 'aa674442-7ea2-11ee-9b02-48a47209a1e7', '', NULL, NULL, NULL, 'supper_manage', '2023-11-09 09:52:40.480', NULL, '2023-11-09 09:53:24.532', 44052, NULL, 50, NULL, NULL, NULL, '');
INSERT INTO `act_hi_taskinst` VALUES ('ad63335a-7e10-11ee-93b6-48a47209a1e7', 'flowv1:1:9db0ecba-7b97-11ee-918e-48a47209a1e7', 'sid-07', '32b8b594-7e0b-11ee-8f85-48a47209a1e7', '32bed023-7e0b-11ee-8f85-48a47209a1e7', '', NULL, NULL, NULL, 'supper_manage', '2023-11-08 16:27:38.860', NULL, '2023-11-08 16:27:44.561', 5701, NULL, 50, NULL, NULL, NULL, '');
INSERT INTO `act_hi_taskinst` VALUES ('b0ca050c-7e10-11ee-93b6-48a47209a1e7', 'flowv1:1:9db0ecba-7b97-11ee-918e-48a47209a1e7', 'sid-09', '32b8b594-7e0b-11ee-8f85-48a47209a1e7', '32bed023-7e0b-11ee-8f85-48a47209a1e7', '', NULL, NULL, NULL, 'out_store', '2023-11-08 16:27:44.567', NULL, '2023-11-08 16:41:32.994', 828427, NULL, 50, NULL, NULL, NULL, '');
INSERT INTO `act_hi_taskinst` VALUES ('b4577612-81d2-11ee-8386-48a47209a1e7', 'flowv1:1:9db0ecba-7b97-11ee-918e-48a47209a1e7', 'sid-07', '4afb5c69-81cd-11ee-8386-48a47209a1e7', '4afbf8b8-81cd-11ee-8386-48a47209a1e7', '', NULL, NULL, NULL, 'supper_manage', '2023-11-13 11:14:06.381', NULL, '2023-11-13 11:14:17.171', 10790, NULL, 50, NULL, NULL, NULL, '');
INSERT INTO `act_hi_taskinst` VALUES ('b666d1d6-81d6-11ee-90b5-48a47209a1e7', 'flowv1:1:9db0ecba-7b97-11ee-918e-48a47209a1e7', 'sid-07', 'a12784cd-81d6-11ee-90b5-48a47209a1e7', 'a128bd5c-81d6-11ee-90b5-48a47209a1e7', '', NULL, NULL, NULL, 'supper_manage', '2023-11-13 11:42:47.824', NULL, '2023-11-13 11:42:55.141', 7317, NULL, 50, NULL, NULL, NULL, '');
INSERT INTO `act_hi_taskinst` VALUES ('b9de2330-7eb4-11ee-83ef-48a47209a1e7', 'flowv1:1:9db0ecba-7b97-11ee-918e-48a47209a1e7', 'sid-01', 'b9ddfc0e-7eb4-11ee-83ef-48a47209a1e7', 'b9de232d-7eb4-11ee-83ef-48a47209a1e7', '', NULL, NULL, NULL, 'station_master', '2023-11-09 12:01:57.262', NULL, '2023-11-09 12:01:57.304', 42, NULL, 50, NULL, NULL, NULL, '');
INSERT INTO `act_hi_taskinst` VALUES ('b9e54f23-7eb4-11ee-83ef-48a47209a1e7', 'flowv1:1:9db0ecba-7b97-11ee-918e-48a47209a1e7', 'sid-02', 'b9ddfc0e-7eb4-11ee-83ef-48a47209a1e7', 'b9de232d-7eb4-11ee-83ef-48a47209a1e7', '', NULL, NULL, NULL, 'supper_manage', '2023-11-09 12:01:57.309', NULL, '2023-11-09 12:01:59.035', 1726, NULL, 50, NULL, NULL, NULL, '');
INSERT INTO `act_hi_taskinst` VALUES ('bac43888-81d6-11ee-90b5-48a47209a1e7', 'flowv1:1:9db0ecba-7b97-11ee-918e-48a47209a1e7', 'sid-09', 'a12784cd-81d6-11ee-90b5-48a47209a1e7', 'a128bd5c-81d6-11ee-90b5-48a47209a1e7', '', NULL, NULL, NULL, 'out_store', '2023-11-13 11:42:55.147', NULL, '2023-11-13 11:46:37.625', 222478, NULL, 50, NULL, NULL, NULL, '');
INSERT INTO `act_hi_taskinst` VALUES ('bac67eb4-81d2-11ee-8386-48a47209a1e7', 'flowv1:1:9db0ecba-7b97-11ee-918e-48a47209a1e7', 'sid-09', '4afb5c69-81cd-11ee-8386-48a47209a1e7', '4afbf8b8-81cd-11ee-8386-48a47209a1e7', '', NULL, NULL, NULL, 'out_store', '2023-11-13 11:14:17.175', NULL, '2023-11-13 11:15:10.315', 53140, NULL, 50, NULL, NULL, NULL, '');
INSERT INTO `act_hi_taskinst` VALUES ('baee0c97-7eb4-11ee-83ef-48a47209a1e7', 'flowv1:1:9db0ecba-7b97-11ee-918e-48a47209a1e7', 'sid-03', 'b9ddfc0e-7eb4-11ee-83ef-48a47209a1e7', 'b9de232d-7eb4-11ee-83ef-48a47209a1e7', '', NULL, NULL, NULL, 'purchase_man', '2023-11-09 12:01:59.044', NULL, '2023-11-09 13:53:10.427', 6671383, NULL, 50, NULL, NULL, NULL, '');
INSERT INTO `act_hi_taskinst` VALUES ('bbb52875-828f-11ee-ae8d-48a47209a1e7', 'flowv2:1:9aadeb08-828e-11ee-9548-48a47209a1e7', 'sid-01', 'bbae71a3-828f-11ee-ae8d-48a47209a1e7', 'bbafd142-828f-11ee-ae8d-48a47209a1e7', '', NULL, NULL, NULL, 'station_master', '2023-11-14 09:47:13.622', NULL, '2023-11-14 09:47:13.735', 113, NULL, 50, NULL, NULL, NULL, '');
INSERT INTO `act_hi_taskinst` VALUES ('bbc79f08-828f-11ee-ae8d-48a47209a1e7', 'flowv2:1:9aadeb08-828e-11ee-9548-48a47209a1e7', 'sid-02', 'bbae71a3-828f-11ee-ae8d-48a47209a1e7', 'bbafd142-828f-11ee-ae8d-48a47209a1e7', '', NULL, NULL, NULL, 'supper_manage', '2023-11-14 09:47:13.742', NULL, '2023-11-14 09:47:26.985', 13243, NULL, 50, NULL, NULL, NULL, '');
INSERT INTO `act_hi_taskinst` VALUES ('c2977930-7e0f-11ee-93b6-48a47209a1e7', 'flowv1:1:9db0ecba-7b97-11ee-918e-48a47209a1e7', 'sid-05', '32b8b594-7e0b-11ee-8f85-48a47209a1e7', '32bed023-7e0b-11ee-8f85-48a47209a1e7', '', NULL, NULL, NULL, 'purchase_man', '2023-11-08 16:21:04.938', NULL, '2023-11-08 16:24:07.041', 182103, NULL, 50, NULL, NULL, NULL, '');
INSERT INTO `act_hi_taskinst` VALUES ('c3b112ac-828f-11ee-ae8d-48a47209a1e7', 'flowv2:1:9aadeb08-828e-11ee-9548-48a47209a1e7', 'sid-03', 'bbae71a3-828f-11ee-ae8d-48a47209a1e7', 'bbafd142-828f-11ee-ae8d-48a47209a1e7', '', NULL, NULL, NULL, 'purchase_man', '2023-11-14 09:47:27.017', NULL, '2023-11-14 09:47:49.562', 22545, NULL, 50, NULL, NULL, NULL, '');
INSERT INTO `act_hi_taskinst` VALUES ('c4bee37c-7ea2-11ee-9b02-48a47209a1e7', 'flowv1:1:9db0ecba-7b97-11ee-918e-48a47209a1e7', 'sid-07', 'aa66f613-7ea2-11ee-9b02-48a47209a1e7', 'aa674442-7ea2-11ee-9b02-48a47209a1e7', '', NULL, NULL, NULL, 'supper_manage', '2023-11-09 09:53:24.571', NULL, '2023-11-09 09:53:54.272', 29701, NULL, 50, NULL, NULL, NULL, '');
INSERT INTO `act_hi_taskinst` VALUES ('cb224fe9-81d3-11ee-90b5-48a47209a1e7', 'flowv1:1:9db0ecba-7b97-11ee-918e-48a47209a1e7', 'sid-01', 'cb1d6dd7-81d3-11ee-90b5-48a47209a1e7', 'cb1ecd76-81d3-11ee-90b5-48a47209a1e7', '', NULL, NULL, NULL, 'station_master', '2023-11-13 11:21:54.117', NULL, '2023-11-13 11:21:54.216', 99, NULL, 50, NULL, NULL, NULL, '');
INSERT INTO `act_hi_taskinst` VALUES ('cb333fdc-81d3-11ee-90b5-48a47209a1e7', 'flowv1:1:9db0ecba-7b97-11ee-918e-48a47209a1e7', 'sid-02', 'cb1d6dd7-81d3-11ee-90b5-48a47209a1e7', 'cb1ecd76-81d3-11ee-90b5-48a47209a1e7', '', NULL, NULL, NULL, 'supper_manage', '2023-11-13 11:21:54.229', NULL, '2023-11-13 11:22:10.457', 16228, NULL, 50, NULL, NULL, NULL, '');
INSERT INTO `act_hi_taskinst` VALUES ('cf624ea4-7ec4-11ee-9a80-48a47209a1e7', 'flowv1:1:9db0ecba-7b97-11ee-918e-48a47209a1e7', 'sid-07', 'b9ddfc0e-7eb4-11ee-83ef-48a47209a1e7', 'b9de232d-7eb4-11ee-83ef-48a47209a1e7', '', NULL, NULL, NULL, 'supper_manage', '2023-11-09 13:57:05.308', NULL, '2023-11-09 13:57:12.276', 6968, NULL, 50, NULL, NULL, NULL, '');
INSERT INTO `act_hi_taskinst` VALUES ('d121ee0f-828f-11ee-ae8d-48a47209a1e7', 'flowv2:1:9aadeb08-828e-11ee-9548-48a47209a1e7', 'sid-04', 'bbae71a3-828f-11ee-ae8d-48a47209a1e7', 'bbafd142-828f-11ee-ae8d-48a47209a1e7', '', NULL, NULL, NULL, 'supper_manage', '2023-11-14 09:47:49.566', NULL, '2023-11-14 09:48:11.303', 21737, NULL, 50, NULL, NULL, NULL, '');
INSERT INTO `act_hi_taskinst` VALUES ('d38a7486-7ec4-11ee-9a80-48a47209a1e7', 'flowv1:1:9db0ecba-7b97-11ee-918e-48a47209a1e7', 'sid-09', 'b9ddfc0e-7eb4-11ee-83ef-48a47209a1e7', 'b9de232d-7eb4-11ee-83ef-48a47209a1e7', '', NULL, NULL, NULL, 'out_store', '2023-11-09 13:57:12.282', NULL, '2023-11-09 13:58:59.046', 106764, NULL, 50, NULL, NULL, NULL, '');
INSERT INTO `act_hi_taskinst` VALUES ('d4e369c0-81d3-11ee-90b5-48a47209a1e7', 'flowv1:1:9db0ecba-7b97-11ee-918e-48a47209a1e7', 'sid-07', 'cb1d6dd7-81d3-11ee-90b5-48a47209a1e7', 'cb1ecd76-81d3-11ee-90b5-48a47209a1e7', '', NULL, NULL, NULL, 'supper_manage', '2023-11-13 11:22:10.482', NULL, '2023-11-13 11:22:27.851', 17369, NULL, 50, NULL, NULL, NULL, '');
INSERT INTO `act_hi_taskinst` VALUES ('d675a5ee-7ea2-11ee-9b02-48a47209a1e7', 'flowv1:1:9db0ecba-7b97-11ee-918e-48a47209a1e7', 'sid-09', 'aa66f613-7ea2-11ee-9b02-48a47209a1e7', 'aa674442-7ea2-11ee-9b02-48a47209a1e7', '', NULL, NULL, NULL, 'out_store', '2023-11-09 09:53:54.290', NULL, '2023-11-09 09:54:30.188', 35898, NULL, 50, NULL, NULL, NULL, '');
INSERT INTO `act_hi_taskinst` VALUES ('da73ee57-81d2-11ee-8386-48a47209a1e7', 'flowv1:1:9db0ecba-7b97-11ee-918e-48a47209a1e7', 'sid-10', '4afb5c69-81cd-11ee-8386-48a47209a1e7', '4afbf8b8-81cd-11ee-8386-48a47209a1e7', '', NULL, NULL, NULL, 'supper_manage', '2023-11-13 11:15:10.321', NULL, '2023-11-13 11:19:15.763', 245442, NULL, 50, NULL, NULL, NULL, '');
INSERT INTO `act_hi_taskinst` VALUES ('de177ef2-828f-11ee-ae8d-48a47209a1e7', 'flowv2:1:9aadeb08-828e-11ee-9548-48a47209a1e7', 'sid-05', 'bbae71a3-828f-11ee-ae8d-48a47209a1e7', 'bbafd142-828f-11ee-ae8d-48a47209a1e7', '', NULL, NULL, NULL, 'purchase_man', '2023-11-14 09:48:11.308', NULL, '2023-11-14 09:50:47.809', 156501, NULL, 50, NULL, NULL, NULL, '');
INSERT INTO `act_hi_taskinst` VALUES ('df3e5292-81d3-11ee-90b5-48a47209a1e7', 'flowv1:1:9db0ecba-7b97-11ee-918e-48a47209a1e7', 'sid-09', 'cb1d6dd7-81d3-11ee-90b5-48a47209a1e7', 'cb1ecd76-81d3-11ee-90b5-48a47209a1e7', '', NULL, NULL, NULL, 'out_store', '2023-11-13 11:22:27.855', NULL, '2023-11-13 11:33:25.788', 657933, NULL, 50, NULL, NULL, NULL, '');
INSERT INTO `act_hi_taskinst` VALUES ('e405faa6-7ea3-11ee-a3ef-48a47209a1e7', 'flowv1:1:9db0ecba-7b97-11ee-918e-48a47209a1e7', 'sid-07', '9fb0d893-7ea3-11ee-9b02-48a47209a1e7', '9fb0ffb2-7ea3-11ee-9b02-48a47209a1e7', '', NULL, NULL, NULL, 'supper_manage', '2023-11-09 10:01:26.544', NULL, '2023-11-09 10:01:33.690', 7146, NULL, 50, NULL, NULL, NULL, '');
INSERT INTO `act_hi_taskinst` VALUES ('e7ce3132-81ce-11ee-8386-48a47209a1e7', 'flowv1:1:9db0ecba-7b97-11ee-918e-48a47209a1e7', 'sid-03', '4afb5c69-81cd-11ee-8386-48a47209a1e7', '4afbf8b8-81cd-11ee-8386-48a47209a1e7', '', NULL, NULL, NULL, 'purchase_man', '2023-11-13 10:46:54.736', NULL, '2023-11-13 10:48:02.504', 67768, NULL, 50, NULL, NULL, NULL, '');
INSERT INTO `act_hi_taskinst` VALUES ('e849e5e8-7ea3-11ee-a3ef-48a47209a1e7', 'flowv1:1:9db0ecba-7b97-11ee-918e-48a47209a1e7', 'sid-09', '9fb0d893-7ea3-11ee-9b02-48a47209a1e7', '9fb0ffb2-7ea3-11ee-9b02-48a47209a1e7', '', NULL, NULL, NULL, 'out_store', '2023-11-09 10:01:33.699', NULL, '2023-11-09 10:01:57.097', 23398, NULL, 50, NULL, NULL, NULL, '');
INSERT INTO `act_hi_taskinst` VALUES ('ebdc7811-7ea2-11ee-9b02-48a47209a1e7', 'flowv1:1:9db0ecba-7b97-11ee-918e-48a47209a1e7', 'sid-10', 'aa66f613-7ea2-11ee-9b02-48a47209a1e7', 'aa674442-7ea2-11ee-9b02-48a47209a1e7', '', NULL, NULL, NULL, 'supper_manage', '2023-11-09 09:54:30.196', NULL, '2023-11-09 09:54:47.866', 17670, NULL, 50, NULL, NULL, NULL, '');
INSERT INTO `act_hi_taskinst` VALUES ('efa8f77f-81d1-11ee-8386-48a47209a1e7', 'flowv1:1:9db0ecba-7b97-11ee-918e-48a47209a1e7', 'sid-06', '4afb5c69-81cd-11ee-8386-48a47209a1e7', '4afbf8b8-81cd-11ee-8386-48a47209a1e7', '', NULL, NULL, NULL, 'in_store', '2023-11-13 11:08:36.404', NULL, '2023-11-13 11:14:06.368', 329964, NULL, 50, NULL, NULL, NULL, '');
INSERT INTO `act_hi_taskinst` VALUES ('f60b19bb-81cf-11ee-8386-48a47209a1e7', 'flowv1:1:9db0ecba-7b97-11ee-918e-48a47209a1e7', 'sid-04', '4afb5c69-81cd-11ee-8386-48a47209a1e7', '4afbf8b8-81cd-11ee-8386-48a47209a1e7', '', NULL, NULL, NULL, 'supper_manage', '2023-11-13 10:54:28.120', NULL, '2023-11-13 10:57:43.879', 195759, NULL, 50, NULL, NULL, NULL, '');
INSERT INTO `act_hi_taskinst` VALUES ('f63d85db-7ea3-11ee-a3ef-48a47209a1e7', 'flowv1:1:9db0ecba-7b97-11ee-918e-48a47209a1e7', 'sid-10', '9fb0d893-7ea3-11ee-9b02-48a47209a1e7', '9fb0ffb2-7ea3-11ee-9b02-48a47209a1e7', '', NULL, NULL, NULL, 'supper_manage', '2023-11-09 10:01:57.106', NULL, '2023-11-09 10:02:25.693', 28587, NULL, 50, NULL, NULL, NULL, '');
INSERT INTO `act_hi_taskinst` VALUES ('f7b50088-8290-11ee-ae8d-48a47209a1e7', 'flowv2:1:9aadeb08-828e-11ee-9548-48a47209a1e7', 'sid-07', 'bbae71a3-828f-11ee-ae8d-48a47209a1e7', 'bbafd142-828f-11ee-ae8d-48a47209a1e7', '', NULL, NULL, NULL, 'supper_manage', '2023-11-14 09:56:03.780', NULL, NULL, NULL, NULL, 50, NULL, NULL, NULL, '');

-- ----------------------------
-- Table structure for act_hi_varinst
-- ----------------------------
DROP TABLE IF EXISTS `act_hi_varinst`;
CREATE TABLE `act_hi_varinst`  (
  `ID_` varchar(64) CHARACTER SET utf8 COLLATE utf8_bin NOT NULL,
  `PROC_INST_ID_` varchar(64) CHARACTER SET utf8 COLLATE utf8_bin NULL DEFAULT NULL,
  `EXECUTION_ID_` varchar(64) CHARACTER SET utf8 COLLATE utf8_bin NULL DEFAULT NULL,
  `TASK_ID_` varchar(64) CHARACTER SET utf8 COLLATE utf8_bin NULL DEFAULT NULL,
  `NAME_` varchar(255) CHARACTER SET utf8 COLLATE utf8_bin NOT NULL,
  `VAR_TYPE_` varchar(100) CHARACTER SET utf8 COLLATE utf8_bin NULL DEFAULT NULL,
  `REV_` int NULL DEFAULT NULL,
  `BYTEARRAY_ID_` varchar(64) CHARACTER SET utf8 COLLATE utf8_bin NULL DEFAULT NULL,
  `DOUBLE_` double NULL DEFAULT NULL,
  `LONG_` bigint NULL DEFAULT NULL,
  `TEXT_` varchar(4000) CHARACTER SET utf8 COLLATE utf8_bin NULL DEFAULT NULL,
  `TEXT2_` varchar(4000) CHARACTER SET utf8 COLLATE utf8_bin NULL DEFAULT NULL,
  `CREATE_TIME_` datetime(3) NULL DEFAULT NULL,
  `LAST_UPDATED_TIME_` datetime(3) NULL DEFAULT NULL,
  PRIMARY KEY (`ID_`) USING BTREE,
  INDEX `ACT_IDX_HI_PROCVAR_PROC_INST`(`PROC_INST_ID_` ASC) USING BTREE,
  INDEX `ACT_IDX_HI_PROCVAR_NAME_TYPE`(`NAME_` ASC, `VAR_TYPE_` ASC) USING BTREE,
  INDEX `ACT_IDX_HI_PROCVAR_TASK_ID`(`TASK_ID_` ASC) USING BTREE
) ENGINE = InnoDB CHARACTER SET = utf8 COLLATE = utf8_bin ROW_FORMAT = Dynamic;

-- ----------------------------
-- Records of act_hi_varinst
-- ----------------------------
INSERT INTO `act_hi_varinst` VALUES ('32bd4975-7e0b-11ee-8f85-48a47209a1e7', '32b8b594-7e0b-11ee-8f85-48a47209a1e7', '32b8b594-7e0b-11ee-8f85-48a47209a1e7', NULL, 'produce_man', 'string', 0, NULL, NULL, NULL, 'produce_man', NULL, '2023-11-08 15:48:25.608', '2023-11-08 15:48:25.608');
INSERT INTO `act_hi_varinst` VALUES ('32be33d7-7e0b-11ee-8f85-48a47209a1e7', '32b8b594-7e0b-11ee-8f85-48a47209a1e7', '32b8b594-7e0b-11ee-8f85-48a47209a1e7', NULL, 'purchase_man', 'string', 0, NULL, NULL, NULL, 'purchase_man', NULL, '2023-11-08 15:48:25.614', '2023-11-08 15:48:25.614');
INSERT INTO `act_hi_varinst` VALUES ('32be5ae9-7e0b-11ee-8f85-48a47209a1e7', '32b8b594-7e0b-11ee-8f85-48a47209a1e7', '32b8b594-7e0b-11ee-8f85-48a47209a1e7', NULL, 'station_master', 'string', 0, NULL, NULL, NULL, 'station_master', NULL, '2023-11-08 15:48:25.614', '2023-11-08 15:48:25.614');
INSERT INTO `act_hi_varinst` VALUES ('32be5aeb-7e0b-11ee-8f85-48a47209a1e7', '32b8b594-7e0b-11ee-8f85-48a47209a1e7', '32b8b594-7e0b-11ee-8f85-48a47209a1e7', NULL, 'in_store', 'string', 0, NULL, NULL, NULL, 'in_store', NULL, '2023-11-08 15:48:25.614', '2023-11-08 15:48:25.614');
INSERT INTO `act_hi_varinst` VALUES ('32be5aed-7e0b-11ee-8f85-48a47209a1e7', '32b8b594-7e0b-11ee-8f85-48a47209a1e7', '32b8b594-7e0b-11ee-8f85-48a47209a1e7', NULL, 'supper_manage', 'string', 0, NULL, NULL, NULL, 'supper_manage', NULL, '2023-11-08 15:48:25.614', '2023-11-08 15:48:25.614');
INSERT INTO `act_hi_varinst` VALUES ('32be5aef-7e0b-11ee-8f85-48a47209a1e7', '32b8b594-7e0b-11ee-8f85-48a47209a1e7', '32b8b594-7e0b-11ee-8f85-48a47209a1e7', NULL, 'out_store', 'string', 0, NULL, NULL, NULL, 'out_store', NULL, '2023-11-08 15:48:25.614', '2023-11-08 15:48:25.614');
INSERT INTO `act_hi_varinst` VALUES ('32be5af1-7e0b-11ee-8f85-48a47209a1e7', '32b8b594-7e0b-11ee-8f85-48a47209a1e7', '32b8b594-7e0b-11ee-8f85-48a47209a1e7', NULL, 'status', 'integer', 0, NULL, NULL, 1, '1', NULL, '2023-11-08 15:48:25.614', '2023-11-08 15:48:25.614');
INSERT INTO `act_hi_varinst` VALUES ('32f781f4-7ed1-11ee-9c08-48a47209a1e7', '32f70cc3-7ed1-11ee-9c08-48a47209a1e7', '32f70cc3-7ed1-11ee-9c08-48a47209a1e7', NULL, 'produce_man', 'string', 0, NULL, NULL, NULL, 'produce_man', NULL, '2023-11-09 15:25:46.341', '2023-11-09 15:25:46.341');
INSERT INTO `act_hi_varinst` VALUES ('32f7d016-7ed1-11ee-9c08-48a47209a1e7', '32f70cc3-7ed1-11ee-9c08-48a47209a1e7', '32f70cc3-7ed1-11ee-9c08-48a47209a1e7', NULL, 'purchase_man', 'string', 0, NULL, NULL, NULL, 'purchase_man', NULL, '2023-11-09 15:25:46.343', '2023-11-09 15:25:46.343');
INSERT INTO `act_hi_varinst` VALUES ('32f7d018-7ed1-11ee-9c08-48a47209a1e7', '32f70cc3-7ed1-11ee-9c08-48a47209a1e7', '32f70cc3-7ed1-11ee-9c08-48a47209a1e7', NULL, 'station_master', 'string', 0, NULL, NULL, NULL, 'station_master', NULL, '2023-11-09 15:25:46.343', '2023-11-09 15:25:46.343');
INSERT INTO `act_hi_varinst` VALUES ('32f7d01a-7ed1-11ee-9c08-48a47209a1e7', '32f70cc3-7ed1-11ee-9c08-48a47209a1e7', '32f70cc3-7ed1-11ee-9c08-48a47209a1e7', NULL, 'in_store', 'string', 0, NULL, NULL, NULL, 'in_store', NULL, '2023-11-09 15:25:46.343', '2023-11-09 15:25:46.343');
INSERT INTO `act_hi_varinst` VALUES ('32f7d01c-7ed1-11ee-9c08-48a47209a1e7', '32f70cc3-7ed1-11ee-9c08-48a47209a1e7', '32f70cc3-7ed1-11ee-9c08-48a47209a1e7', NULL, 'supper_manage', 'string', 0, NULL, NULL, NULL, 'supper_manage', NULL, '2023-11-09 15:25:46.343', '2023-11-09 15:25:46.343');
INSERT INTO `act_hi_varinst` VALUES ('32f7d01e-7ed1-11ee-9c08-48a47209a1e7', '32f70cc3-7ed1-11ee-9c08-48a47209a1e7', '32f70cc3-7ed1-11ee-9c08-48a47209a1e7', NULL, 'out_store', 'string', 0, NULL, NULL, NULL, 'out_store', NULL, '2023-11-09 15:25:46.343', '2023-11-09 15:25:46.343');
INSERT INTO `act_hi_varinst` VALUES ('32f7d020-7ed1-11ee-9c08-48a47209a1e7', '32f70cc3-7ed1-11ee-9c08-48a47209a1e7', '32f70cc3-7ed1-11ee-9c08-48a47209a1e7', NULL, 'status', 'integer', 0, NULL, NULL, 0, '0', NULL, '2023-11-09 15:25:46.343', '2023-11-09 15:25:46.343');
INSERT INTO `act_hi_varinst` VALUES ('4afb837a-81cd-11ee-8386-48a47209a1e7', '4afb5c69-81cd-11ee-8386-48a47209a1e7', '4afb5c69-81cd-11ee-8386-48a47209a1e7', NULL, 'produce_man', 'string', 0, NULL, NULL, NULL, 'produce_man', NULL, '2023-11-13 10:35:22.134', '2023-11-13 10:35:22.134');
INSERT INTO `act_hi_varinst` VALUES ('4afbaa8c-81cd-11ee-8386-48a47209a1e7', '4afb5c69-81cd-11ee-8386-48a47209a1e7', '4afb5c69-81cd-11ee-8386-48a47209a1e7', NULL, 'purchase_man', 'string', 0, NULL, NULL, NULL, 'purchase_man', NULL, '2023-11-13 10:35:22.135', '2023-11-13 10:35:22.135');
INSERT INTO `act_hi_varinst` VALUES ('4afbd19e-81cd-11ee-8386-48a47209a1e7', '4afb5c69-81cd-11ee-8386-48a47209a1e7', '4afb5c69-81cd-11ee-8386-48a47209a1e7', NULL, 'station_master', 'string', 0, NULL, NULL, NULL, 'station_master', NULL, '2023-11-13 10:35:22.136', '2023-11-13 10:35:22.136');
INSERT INTO `act_hi_varinst` VALUES ('4afbd1a0-81cd-11ee-8386-48a47209a1e7', '4afb5c69-81cd-11ee-8386-48a47209a1e7', '4afb5c69-81cd-11ee-8386-48a47209a1e7', NULL, 'in_store', 'string', 0, NULL, NULL, NULL, 'in_store', NULL, '2023-11-13 10:35:22.136', '2023-11-13 10:35:22.136');
INSERT INTO `act_hi_varinst` VALUES ('4afbd1a2-81cd-11ee-8386-48a47209a1e7', '4afb5c69-81cd-11ee-8386-48a47209a1e7', '4afb5c69-81cd-11ee-8386-48a47209a1e7', NULL, 'supper_manage', 'string', 0, NULL, NULL, NULL, 'supper_manage', NULL, '2023-11-13 10:35:22.136', '2023-11-13 10:35:22.136');
INSERT INTO `act_hi_varinst` VALUES ('4afbd1a4-81cd-11ee-8386-48a47209a1e7', '4afb5c69-81cd-11ee-8386-48a47209a1e7', '4afb5c69-81cd-11ee-8386-48a47209a1e7', NULL, 'out_store', 'string', 0, NULL, NULL, NULL, 'out_store', NULL, '2023-11-13 10:35:22.136', '2023-11-13 10:35:22.136');
INSERT INTO `act_hi_varinst` VALUES ('4afbd1a6-81cd-11ee-8386-48a47209a1e7', '4afb5c69-81cd-11ee-8386-48a47209a1e7', '4afb5c69-81cd-11ee-8386-48a47209a1e7', NULL, 'status', 'integer', 0, NULL, NULL, 1, '1', NULL, '2023-11-13 10:35:22.136', '2023-11-13 10:35:22.136');
INSERT INTO `act_hi_varinst` VALUES ('52167b15-7eb1-11ee-83ef-48a47209a1e7', '52167b14-7eb1-11ee-83ef-48a47209a1e7', '52167b14-7eb1-11ee-83ef-48a47209a1e7', NULL, 'produce_man', 'string', 0, NULL, NULL, NULL, 'produce_man', NULL, '2023-11-09 11:37:34.658', '2023-11-09 11:37:34.658');
INSERT INTO `act_hi_varinst` VALUES ('5216a227-7eb1-11ee-83ef-48a47209a1e7', '52167b14-7eb1-11ee-83ef-48a47209a1e7', '52167b14-7eb1-11ee-83ef-48a47209a1e7', NULL, 'purchase_man', 'string', 0, NULL, NULL, NULL, 'purchase_man', NULL, '2023-11-09 11:37:34.659', '2023-11-09 11:37:34.659');
INSERT INTO `act_hi_varinst` VALUES ('5216a229-7eb1-11ee-83ef-48a47209a1e7', '52167b14-7eb1-11ee-83ef-48a47209a1e7', '52167b14-7eb1-11ee-83ef-48a47209a1e7', NULL, 'station_master', 'string', 0, NULL, NULL, NULL, 'station_master', NULL, '2023-11-09 11:37:34.659', '2023-11-09 11:37:34.659');
INSERT INTO `act_hi_varinst` VALUES ('5216a22b-7eb1-11ee-83ef-48a47209a1e7', '52167b14-7eb1-11ee-83ef-48a47209a1e7', '52167b14-7eb1-11ee-83ef-48a47209a1e7', NULL, 'in_store', 'string', 0, NULL, NULL, NULL, 'in_store', NULL, '2023-11-09 11:37:34.659', '2023-11-09 11:37:34.659');
INSERT INTO `act_hi_varinst` VALUES ('5216a22d-7eb1-11ee-83ef-48a47209a1e7', '52167b14-7eb1-11ee-83ef-48a47209a1e7', '52167b14-7eb1-11ee-83ef-48a47209a1e7', NULL, 'supper_manage', 'string', 0, NULL, NULL, NULL, 'supper_manage', NULL, '2023-11-09 11:37:34.659', '2023-11-09 11:37:34.659');
INSERT INTO `act_hi_varinst` VALUES ('5216a22f-7eb1-11ee-83ef-48a47209a1e7', '52167b14-7eb1-11ee-83ef-48a47209a1e7', '52167b14-7eb1-11ee-83ef-48a47209a1e7', NULL, 'out_store', 'string', 0, NULL, NULL, NULL, 'out_store', NULL, '2023-11-09 11:37:34.659', '2023-11-09 11:37:34.659');
INSERT INTO `act_hi_varinst` VALUES ('5216a231-7eb1-11ee-83ef-48a47209a1e7', '52167b14-7eb1-11ee-83ef-48a47209a1e7', '52167b14-7eb1-11ee-83ef-48a47209a1e7', NULL, 'status', 'integer', 0, NULL, NULL, 1, '1', NULL, '2023-11-09 11:37:34.659', '2023-11-09 11:37:34.659');
INSERT INTO `act_hi_varinst` VALUES ('9fb0d894-7ea3-11ee-9b02-48a47209a1e7', '9fb0d893-7ea3-11ee-9b02-48a47209a1e7', '9fb0d893-7ea3-11ee-9b02-48a47209a1e7', NULL, 'produce_man', 'string', 0, NULL, NULL, NULL, 'produce_man', NULL, '2023-11-09 09:59:31.900', '2023-11-09 09:59:31.900');
INSERT INTO `act_hi_varinst` VALUES ('9fb0d896-7ea3-11ee-9b02-48a47209a1e7', '9fb0d893-7ea3-11ee-9b02-48a47209a1e7', '9fb0d893-7ea3-11ee-9b02-48a47209a1e7', NULL, 'purchase_man', 'string', 0, NULL, NULL, NULL, 'purchase_man', NULL, '2023-11-09 09:59:31.900', '2023-11-09 09:59:31.900');
INSERT INTO `act_hi_varinst` VALUES ('9fb0d898-7ea3-11ee-9b02-48a47209a1e7', '9fb0d893-7ea3-11ee-9b02-48a47209a1e7', '9fb0d893-7ea3-11ee-9b02-48a47209a1e7', NULL, 'station_master', 'string', 0, NULL, NULL, NULL, 'station_master', NULL, '2023-11-09 09:59:31.900', '2023-11-09 09:59:31.900');
INSERT INTO `act_hi_varinst` VALUES ('9fb0ffaa-7ea3-11ee-9b02-48a47209a1e7', '9fb0d893-7ea3-11ee-9b02-48a47209a1e7', '9fb0d893-7ea3-11ee-9b02-48a47209a1e7', NULL, 'in_store', 'string', 0, NULL, NULL, NULL, 'in_store', NULL, '2023-11-09 09:59:31.901', '2023-11-09 09:59:31.901');
INSERT INTO `act_hi_varinst` VALUES ('9fb0ffac-7ea3-11ee-9b02-48a47209a1e7', '9fb0d893-7ea3-11ee-9b02-48a47209a1e7', '9fb0d893-7ea3-11ee-9b02-48a47209a1e7', NULL, 'supper_manage', 'string', 0, NULL, NULL, NULL, 'supper_manage', NULL, '2023-11-09 09:59:31.901', '2023-11-09 09:59:31.901');
INSERT INTO `act_hi_varinst` VALUES ('9fb0ffae-7ea3-11ee-9b02-48a47209a1e7', '9fb0d893-7ea3-11ee-9b02-48a47209a1e7', '9fb0d893-7ea3-11ee-9b02-48a47209a1e7', NULL, 'out_store', 'string', 0, NULL, NULL, NULL, 'out_store', NULL, '2023-11-09 09:59:31.901', '2023-11-09 09:59:31.901');
INSERT INTO `act_hi_varinst` VALUES ('9fb0ffb0-7ea3-11ee-9b02-48a47209a1e7', '9fb0d893-7ea3-11ee-9b02-48a47209a1e7', '9fb0d893-7ea3-11ee-9b02-48a47209a1e7', NULL, 'status', 'integer', 0, NULL, NULL, 0, '0', NULL, '2023-11-09 09:59:31.901', '2023-11-09 09:59:31.901');
INSERT INTO `act_hi_varinst` VALUES ('a128481e-81d6-11ee-90b5-48a47209a1e7', 'a12784cd-81d6-11ee-90b5-48a47209a1e7', 'a12784cd-81d6-11ee-90b5-48a47209a1e7', NULL, 'produce_man', 'string', 0, NULL, NULL, NULL, 'produce_man', NULL, '2023-11-13 11:42:12.182', '2023-11-13 11:42:12.182');
INSERT INTO `act_hi_varinst` VALUES ('a1289640-81d6-11ee-90b5-48a47209a1e7', 'a12784cd-81d6-11ee-90b5-48a47209a1e7', 'a12784cd-81d6-11ee-90b5-48a47209a1e7', NULL, 'purchase_man', 'string', 0, NULL, NULL, NULL, 'purchase_man', NULL, '2023-11-13 11:42:12.184', '2023-11-13 11:42:12.184');
INSERT INTO `act_hi_varinst` VALUES ('a1289642-81d6-11ee-90b5-48a47209a1e7', 'a12784cd-81d6-11ee-90b5-48a47209a1e7', 'a12784cd-81d6-11ee-90b5-48a47209a1e7', NULL, 'station_master', 'string', 0, NULL, NULL, NULL, 'station_master', NULL, '2023-11-13 11:42:12.184', '2023-11-13 11:42:12.184');
INSERT INTO `act_hi_varinst` VALUES ('a1289644-81d6-11ee-90b5-48a47209a1e7', 'a12784cd-81d6-11ee-90b5-48a47209a1e7', 'a12784cd-81d6-11ee-90b5-48a47209a1e7', NULL, 'in_store', 'string', 0, NULL, NULL, NULL, 'in_store', NULL, '2023-11-13 11:42:12.184', '2023-11-13 11:42:12.184');
INSERT INTO `act_hi_varinst` VALUES ('a128bd56-81d6-11ee-90b5-48a47209a1e7', 'a12784cd-81d6-11ee-90b5-48a47209a1e7', 'a12784cd-81d6-11ee-90b5-48a47209a1e7', NULL, 'supper_manage', 'string', 0, NULL, NULL, NULL, 'supper_manage', NULL, '2023-11-13 11:42:12.185', '2023-11-13 11:42:12.185');
INSERT INTO `act_hi_varinst` VALUES ('a128bd58-81d6-11ee-90b5-48a47209a1e7', 'a12784cd-81d6-11ee-90b5-48a47209a1e7', 'a12784cd-81d6-11ee-90b5-48a47209a1e7', NULL, 'out_store', 'string', 0, NULL, NULL, NULL, 'out_store', NULL, '2023-11-13 11:42:12.185', '2023-11-13 11:42:12.185');
INSERT INTO `act_hi_varinst` VALUES ('a128bd5a-81d6-11ee-90b5-48a47209a1e7', 'a12784cd-81d6-11ee-90b5-48a47209a1e7', 'a12784cd-81d6-11ee-90b5-48a47209a1e7', NULL, 'status', 'integer', 0, NULL, NULL, 0, '0', NULL, '2023-11-13 11:42:12.185', '2023-11-13 11:42:12.185');
INSERT INTO `act_hi_varinst` VALUES ('aa66f614-7ea2-11ee-9b02-48a47209a1e7', 'aa66f613-7ea2-11ee-9b02-48a47209a1e7', 'aa66f613-7ea2-11ee-9b02-48a47209a1e7', NULL, 'produce_man', 'string', 0, NULL, NULL, NULL, 'produce_man', NULL, '2023-11-09 09:52:40.374', '2023-11-09 09:52:40.374');
INSERT INTO `act_hi_varinst` VALUES ('aa671d26-7ea2-11ee-9b02-48a47209a1e7', 'aa66f613-7ea2-11ee-9b02-48a47209a1e7', 'aa66f613-7ea2-11ee-9b02-48a47209a1e7', NULL, 'purchase_man', 'string', 0, NULL, NULL, NULL, 'purchase_man', NULL, '2023-11-09 09:52:40.375', '2023-11-09 09:52:40.375');
INSERT INTO `act_hi_varinst` VALUES ('aa671d28-7ea2-11ee-9b02-48a47209a1e7', 'aa66f613-7ea2-11ee-9b02-48a47209a1e7', 'aa66f613-7ea2-11ee-9b02-48a47209a1e7', NULL, 'station_master', 'string', 0, NULL, NULL, NULL, 'station_master', NULL, '2023-11-09 09:52:40.375', '2023-11-09 09:52:40.375');
INSERT INTO `act_hi_varinst` VALUES ('aa671d2a-7ea2-11ee-9b02-48a47209a1e7', 'aa66f613-7ea2-11ee-9b02-48a47209a1e7', 'aa66f613-7ea2-11ee-9b02-48a47209a1e7', NULL, 'in_store', 'string', 0, NULL, NULL, NULL, 'in_store', NULL, '2023-11-09 09:52:40.375', '2023-11-09 09:52:40.375');
INSERT INTO `act_hi_varinst` VALUES ('aa671d2c-7ea2-11ee-9b02-48a47209a1e7', 'aa66f613-7ea2-11ee-9b02-48a47209a1e7', 'aa66f613-7ea2-11ee-9b02-48a47209a1e7', NULL, 'supper_manage', 'string', 0, NULL, NULL, NULL, 'supper_manage', NULL, '2023-11-09 09:52:40.375', '2023-11-09 09:52:40.375');
INSERT INTO `act_hi_varinst` VALUES ('aa671d2e-7ea2-11ee-9b02-48a47209a1e7', 'aa66f613-7ea2-11ee-9b02-48a47209a1e7', 'aa66f613-7ea2-11ee-9b02-48a47209a1e7', NULL, 'out_store', 'string', 0, NULL, NULL, NULL, 'out_store', NULL, '2023-11-09 09:52:40.375', '2023-11-09 09:52:40.375');
INSERT INTO `act_hi_varinst` VALUES ('aa674440-7ea2-11ee-9b02-48a47209a1e7', 'aa66f613-7ea2-11ee-9b02-48a47209a1e7', 'aa66f613-7ea2-11ee-9b02-48a47209a1e7', NULL, 'status', 'integer', 0, NULL, NULL, 0, '0', NULL, '2023-11-09 09:52:40.376', '2023-11-09 09:52:40.376');
INSERT INTO `act_hi_varinst` VALUES ('b9ddfc0f-7eb4-11ee-83ef-48a47209a1e7', 'b9ddfc0e-7eb4-11ee-83ef-48a47209a1e7', 'b9ddfc0e-7eb4-11ee-83ef-48a47209a1e7', NULL, 'produce_man', 'string', 0, NULL, NULL, NULL, 'produce_man', NULL, '2023-11-09 12:01:57.261', '2023-11-09 12:01:57.261');
INSERT INTO `act_hi_varinst` VALUES ('b9ddfc11-7eb4-11ee-83ef-48a47209a1e7', 'b9ddfc0e-7eb4-11ee-83ef-48a47209a1e7', 'b9ddfc0e-7eb4-11ee-83ef-48a47209a1e7', NULL, 'purchase_man', 'string', 0, NULL, NULL, NULL, 'purchase_man', NULL, '2023-11-09 12:01:57.261', '2023-11-09 12:01:57.261');
INSERT INTO `act_hi_varinst` VALUES ('b9ddfc13-7eb4-11ee-83ef-48a47209a1e7', 'b9ddfc0e-7eb4-11ee-83ef-48a47209a1e7', 'b9ddfc0e-7eb4-11ee-83ef-48a47209a1e7', NULL, 'station_master', 'string', 0, NULL, NULL, NULL, 'station_master', NULL, '2023-11-09 12:01:57.261', '2023-11-09 12:01:57.261');
INSERT INTO `act_hi_varinst` VALUES ('b9ddfc15-7eb4-11ee-83ef-48a47209a1e7', 'b9ddfc0e-7eb4-11ee-83ef-48a47209a1e7', 'b9ddfc0e-7eb4-11ee-83ef-48a47209a1e7', NULL, 'in_store', 'string', 0, NULL, NULL, NULL, 'in_store', NULL, '2023-11-09 12:01:57.261', '2023-11-09 12:01:57.261');
INSERT INTO `act_hi_varinst` VALUES ('b9ddfc17-7eb4-11ee-83ef-48a47209a1e7', 'b9ddfc0e-7eb4-11ee-83ef-48a47209a1e7', 'b9ddfc0e-7eb4-11ee-83ef-48a47209a1e7', NULL, 'supper_manage', 'string', 0, NULL, NULL, NULL, 'supper_manage', NULL, '2023-11-09 12:01:57.261', '2023-11-09 12:01:57.261');
INSERT INTO `act_hi_varinst` VALUES ('b9de2329-7eb4-11ee-83ef-48a47209a1e7', 'b9ddfc0e-7eb4-11ee-83ef-48a47209a1e7', 'b9ddfc0e-7eb4-11ee-83ef-48a47209a1e7', NULL, 'out_store', 'string', 0, NULL, NULL, NULL, 'out_store', NULL, '2023-11-09 12:01:57.262', '2023-11-09 12:01:57.262');
INSERT INTO `act_hi_varinst` VALUES ('b9de232b-7eb4-11ee-83ef-48a47209a1e7', 'b9ddfc0e-7eb4-11ee-83ef-48a47209a1e7', 'b9ddfc0e-7eb4-11ee-83ef-48a47209a1e7', NULL, 'status', 'integer', 0, NULL, NULL, 1, '1', NULL, '2023-11-09 12:01:57.262', '2023-11-09 12:01:57.262');
INSERT INTO `act_hi_varinst` VALUES ('bbaf34f4-828f-11ee-ae8d-48a47209a1e7', 'bbae71a3-828f-11ee-ae8d-48a47209a1e7', 'bbae71a3-828f-11ee-ae8d-48a47209a1e7', NULL, 'produce_man', 'string', 0, NULL, NULL, NULL, 'produce_man', NULL, '2023-11-14 09:47:13.582', '2023-11-14 09:47:13.582');
INSERT INTO `act_hi_varinst` VALUES ('bbaf8316-828f-11ee-ae8d-48a47209a1e7', 'bbae71a3-828f-11ee-ae8d-48a47209a1e7', 'bbae71a3-828f-11ee-ae8d-48a47209a1e7', NULL, 'purchase_man', 'string', 0, NULL, NULL, NULL, 'purchase_man', NULL, '2023-11-14 09:47:13.584', '2023-11-14 09:47:13.584');
INSERT INTO `act_hi_varinst` VALUES ('bbaf8318-828f-11ee-ae8d-48a47209a1e7', 'bbae71a3-828f-11ee-ae8d-48a47209a1e7', 'bbae71a3-828f-11ee-ae8d-48a47209a1e7', NULL, 'station_master', 'string', 0, NULL, NULL, NULL, 'station_master', NULL, '2023-11-14 09:47:13.584', '2023-11-14 09:47:13.584');
INSERT INTO `act_hi_varinst` VALUES ('bbaf831a-828f-11ee-ae8d-48a47209a1e7', 'bbae71a3-828f-11ee-ae8d-48a47209a1e7', 'bbae71a3-828f-11ee-ae8d-48a47209a1e7', NULL, 'in_store', 'string', 0, NULL, NULL, NULL, 'in_store', NULL, '2023-11-14 09:47:13.584', '2023-11-14 09:47:13.584');
INSERT INTO `act_hi_varinst` VALUES ('bbafaa2c-828f-11ee-ae8d-48a47209a1e7', 'bbae71a3-828f-11ee-ae8d-48a47209a1e7', 'bbae71a3-828f-11ee-ae8d-48a47209a1e7', NULL, 'supper_manage', 'string', 0, NULL, NULL, NULL, 'supper_manage', NULL, '2023-11-14 09:47:13.585', '2023-11-14 09:47:13.585');
INSERT INTO `act_hi_varinst` VALUES ('bbafaa2e-828f-11ee-ae8d-48a47209a1e7', 'bbae71a3-828f-11ee-ae8d-48a47209a1e7', 'bbae71a3-828f-11ee-ae8d-48a47209a1e7', NULL, 'out_store', 'string', 0, NULL, NULL, NULL, 'out_store', NULL, '2023-11-14 09:47:13.585', '2023-11-14 09:47:13.585');
INSERT INTO `act_hi_varinst` VALUES ('bbafaa30-828f-11ee-ae8d-48a47209a1e7', 'bbae71a3-828f-11ee-ae8d-48a47209a1e7', 'bbae71a3-828f-11ee-ae8d-48a47209a1e7', NULL, 'status', 'integer', 0, NULL, NULL, 1, '1', NULL, '2023-11-14 09:47:13.585', '2023-11-14 09:47:13.585');
INSERT INTO `act_hi_varinst` VALUES ('cb1e0a18-81d3-11ee-90b5-48a47209a1e7', 'cb1d6dd7-81d3-11ee-90b5-48a47209a1e7', 'cb1d6dd7-81d3-11ee-90b5-48a47209a1e7', NULL, 'produce_man', 'string', 0, NULL, NULL, NULL, 'produce_man', NULL, '2023-11-13 11:21:54.089', '2023-11-13 11:21:54.089');
INSERT INTO `act_hi_varinst` VALUES ('cb1e7f4a-81d3-11ee-90b5-48a47209a1e7', 'cb1d6dd7-81d3-11ee-90b5-48a47209a1e7', 'cb1d6dd7-81d3-11ee-90b5-48a47209a1e7', NULL, 'purchase_man', 'string', 0, NULL, NULL, NULL, 'purchase_man', NULL, '2023-11-13 11:21:54.092', '2023-11-13 11:21:54.092');
INSERT INTO `act_hi_varinst` VALUES ('cb1e7f4c-81d3-11ee-90b5-48a47209a1e7', 'cb1d6dd7-81d3-11ee-90b5-48a47209a1e7', 'cb1d6dd7-81d3-11ee-90b5-48a47209a1e7', NULL, 'station_master', 'string', 0, NULL, NULL, NULL, 'station_master', NULL, '2023-11-13 11:21:54.092', '2023-11-13 11:21:54.092');
INSERT INTO `act_hi_varinst` VALUES ('cb1e7f4e-81d3-11ee-90b5-48a47209a1e7', 'cb1d6dd7-81d3-11ee-90b5-48a47209a1e7', 'cb1d6dd7-81d3-11ee-90b5-48a47209a1e7', NULL, 'in_store', 'string', 0, NULL, NULL, NULL, 'in_store', NULL, '2023-11-13 11:21:54.092', '2023-11-13 11:21:54.092');
INSERT INTO `act_hi_varinst` VALUES ('cb1e7f50-81d3-11ee-90b5-48a47209a1e7', 'cb1d6dd7-81d3-11ee-90b5-48a47209a1e7', 'cb1d6dd7-81d3-11ee-90b5-48a47209a1e7', NULL, 'supper_manage', 'string', 0, NULL, NULL, NULL, 'supper_manage', NULL, '2023-11-13 11:21:54.092', '2023-11-13 11:21:54.092');
INSERT INTO `act_hi_varinst` VALUES ('cb1e7f52-81d3-11ee-90b5-48a47209a1e7', 'cb1d6dd7-81d3-11ee-90b5-48a47209a1e7', 'cb1d6dd7-81d3-11ee-90b5-48a47209a1e7', NULL, 'out_store', 'string', 0, NULL, NULL, NULL, 'out_store', NULL, '2023-11-13 11:21:54.092', '2023-11-13 11:21:54.092');
INSERT INTO `act_hi_varinst` VALUES ('cb1e7f54-81d3-11ee-90b5-48a47209a1e7', 'cb1d6dd7-81d3-11ee-90b5-48a47209a1e7', 'cb1d6dd7-81d3-11ee-90b5-48a47209a1e7', NULL, 'status', 'integer', 0, NULL, NULL, 0, '0', NULL, '2023-11-13 11:21:54.092', '2023-11-13 11:21:54.092');

-- ----------------------------
-- Table structure for act_procdef_info
-- ----------------------------
DROP TABLE IF EXISTS `act_procdef_info`;
CREATE TABLE `act_procdef_info`  (
  `ID_` varchar(64) CHARACTER SET utf8 COLLATE utf8_bin NOT NULL,
  `PROC_DEF_ID_` varchar(64) CHARACTER SET utf8 COLLATE utf8_bin NOT NULL,
  `REV_` int NULL DEFAULT NULL,
  `INFO_JSON_ID_` varchar(64) CHARACTER SET utf8 COLLATE utf8_bin NULL DEFAULT NULL,
  PRIMARY KEY (`ID_`) USING BTREE,
  UNIQUE INDEX `ACT_UNIQ_INFO_PROCDEF`(`PROC_DEF_ID_` ASC) USING BTREE,
  INDEX `ACT_IDX_INFO_PROCDEF`(`PROC_DEF_ID_` ASC) USING BTREE,
  INDEX `ACT_FK_INFO_JSON_BA`(`INFO_JSON_ID_` ASC) USING BTREE,
  CONSTRAINT `ACT_FK_INFO_JSON_BA` FOREIGN KEY (`INFO_JSON_ID_`) REFERENCES `act_ge_bytearray` (`ID_`) ON DELETE RESTRICT ON UPDATE RESTRICT,
  CONSTRAINT `ACT_FK_INFO_PROCDEF` FOREIGN KEY (`PROC_DEF_ID_`) REFERENCES `act_re_procdef` (`ID_`) ON DELETE RESTRICT ON UPDATE RESTRICT
) ENGINE = InnoDB CHARACTER SET = utf8 COLLATE = utf8_bin ROW_FORMAT = Dynamic;

-- ----------------------------
-- Records of act_procdef_info
-- ----------------------------

-- ----------------------------
-- Table structure for act_re_deployment
-- ----------------------------
DROP TABLE IF EXISTS `act_re_deployment`;
CREATE TABLE `act_re_deployment`  (
  `ID_` varchar(64) CHARACTER SET utf8 COLLATE utf8_bin NOT NULL,
  `NAME_` varchar(255) CHARACTER SET utf8 COLLATE utf8_bin NULL DEFAULT NULL,
  `CATEGORY_` varchar(255) CHARACTER SET utf8 COLLATE utf8_bin NULL DEFAULT NULL,
  `KEY_` varchar(255) CHARACTER SET utf8 COLLATE utf8_bin NULL DEFAULT NULL,
  `TENANT_ID_` varchar(255) CHARACTER SET utf8 COLLATE utf8_bin NULL DEFAULT '',
  `DEPLOY_TIME_` timestamp(3) NULL DEFAULT NULL,
  `ENGINE_VERSION_` varchar(255) CHARACTER SET utf8 COLLATE utf8_bin NULL DEFAULT NULL,
  PRIMARY KEY (`ID_`) USING BTREE
) ENGINE = InnoDB CHARACTER SET = utf8 COLLATE = utf8_bin ROW_FORMAT = Dynamic;

-- ----------------------------
-- Records of act_re_deployment
-- ----------------------------
INSERT INTO `act_re_deployment` VALUES ('9a804b52-828e-11ee-9548-48a47209a1e7', 'SpringAutoDeployment', NULL, NULL, '', '2023-11-14 09:39:08.396', NULL);
INSERT INTO `act_re_deployment` VALUES ('9d860c26-7b97-11ee-918e-48a47209a1e7', 'SpringAutoDeployment', NULL, NULL, '', '2023-11-05 12:56:00.810', NULL);

-- ----------------------------
-- Table structure for act_re_model
-- ----------------------------
DROP TABLE IF EXISTS `act_re_model`;
CREATE TABLE `act_re_model`  (
  `ID_` varchar(64) CHARACTER SET utf8 COLLATE utf8_bin NOT NULL,
  `REV_` int NULL DEFAULT NULL,
  `NAME_` varchar(255) CHARACTER SET utf8 COLLATE utf8_bin NULL DEFAULT NULL,
  `KEY_` varchar(255) CHARACTER SET utf8 COLLATE utf8_bin NULL DEFAULT NULL,
  `CATEGORY_` varchar(255) CHARACTER SET utf8 COLLATE utf8_bin NULL DEFAULT NULL,
  `CREATE_TIME_` timestamp(3) NULL DEFAULT NULL,
  `LAST_UPDATE_TIME_` timestamp(3) NULL DEFAULT NULL,
  `VERSION_` int NULL DEFAULT NULL,
  `META_INFO_` varchar(4000) CHARACTER SET utf8 COLLATE utf8_bin NULL DEFAULT NULL,
  `DEPLOYMENT_ID_` varchar(64) CHARACTER SET utf8 COLLATE utf8_bin NULL DEFAULT NULL,
  `EDITOR_SOURCE_VALUE_ID_` varchar(64) CHARACTER SET utf8 COLLATE utf8_bin NULL DEFAULT NULL,
  `EDITOR_SOURCE_EXTRA_VALUE_ID_` varchar(64) CHARACTER SET utf8 COLLATE utf8_bin NULL DEFAULT NULL,
  `TENANT_ID_` varchar(255) CHARACTER SET utf8 COLLATE utf8_bin NULL DEFAULT '',
  PRIMARY KEY (`ID_`) USING BTREE,
  INDEX `ACT_FK_MODEL_SOURCE`(`EDITOR_SOURCE_VALUE_ID_` ASC) USING BTREE,
  INDEX `ACT_FK_MODEL_SOURCE_EXTRA`(`EDITOR_SOURCE_EXTRA_VALUE_ID_` ASC) USING BTREE,
  INDEX `ACT_FK_MODEL_DEPLOYMENT`(`DEPLOYMENT_ID_` ASC) USING BTREE,
  CONSTRAINT `ACT_FK_MODEL_DEPLOYMENT` FOREIGN KEY (`DEPLOYMENT_ID_`) REFERENCES `act_re_deployment` (`ID_`) ON DELETE RESTRICT ON UPDATE RESTRICT,
  CONSTRAINT `ACT_FK_MODEL_SOURCE` FOREIGN KEY (`EDITOR_SOURCE_VALUE_ID_`) REFERENCES `act_ge_bytearray` (`ID_`) ON DELETE RESTRICT ON UPDATE RESTRICT,
  CONSTRAINT `ACT_FK_MODEL_SOURCE_EXTRA` FOREIGN KEY (`EDITOR_SOURCE_EXTRA_VALUE_ID_`) REFERENCES `act_ge_bytearray` (`ID_`) ON DELETE RESTRICT ON UPDATE RESTRICT
) ENGINE = InnoDB CHARACTER SET = utf8 COLLATE = utf8_bin ROW_FORMAT = Dynamic;

-- ----------------------------
-- Records of act_re_model
-- ----------------------------

-- ----------------------------
-- Table structure for act_re_procdef
-- ----------------------------
DROP TABLE IF EXISTS `act_re_procdef`;
CREATE TABLE `act_re_procdef`  (
  `ID_` varchar(64) CHARACTER SET utf8 COLLATE utf8_bin NOT NULL,
  `REV_` int NULL DEFAULT NULL,
  `CATEGORY_` varchar(255) CHARACTER SET utf8 COLLATE utf8_bin NULL DEFAULT NULL,
  `NAME_` varchar(255) CHARACTER SET utf8 COLLATE utf8_bin NULL DEFAULT NULL,
  `KEY_` varchar(255) CHARACTER SET utf8 COLLATE utf8_bin NOT NULL,
  `VERSION_` int NOT NULL,
  `DEPLOYMENT_ID_` varchar(64) CHARACTER SET utf8 COLLATE utf8_bin NULL DEFAULT NULL,
  `RESOURCE_NAME_` varchar(4000) CHARACTER SET utf8 COLLATE utf8_bin NULL DEFAULT NULL,
  `DGRM_RESOURCE_NAME_` varchar(4000) CHARACTER SET utf8 COLLATE utf8_bin NULL DEFAULT NULL,
  `DESCRIPTION_` varchar(4000) CHARACTER SET utf8 COLLATE utf8_bin NULL DEFAULT NULL,
  `HAS_START_FORM_KEY_` tinyint NULL DEFAULT NULL,
  `HAS_GRAPHICAL_NOTATION_` tinyint NULL DEFAULT NULL,
  `SUSPENSION_STATE_` int NULL DEFAULT NULL,
  `TENANT_ID_` varchar(255) CHARACTER SET utf8 COLLATE utf8_bin NULL DEFAULT '',
  `ENGINE_VERSION_` varchar(255) CHARACTER SET utf8 COLLATE utf8_bin NULL DEFAULT NULL,
  PRIMARY KEY (`ID_`) USING BTREE,
  UNIQUE INDEX `ACT_UNIQ_PROCDEF`(`KEY_` ASC, `VERSION_` ASC, `TENANT_ID_` ASC) USING BTREE
) ENGINE = InnoDB CHARACTER SET = utf8 COLLATE = utf8_bin ROW_FORMAT = Dynamic;

-- ----------------------------
-- Records of act_re_procdef
-- ----------------------------
INSERT INTO `act_re_procdef` VALUES ('demo2:1:9db113cc-7b97-11ee-918e-48a47209a1e7', 1, 'http://www.activiti.org/processdef', 'demo2', 'demo2', 1, '9d860c26-7b97-11ee-918e-48a47209a1e7', 'D:\\project\\warehouse\\warehouse-backend\\target\\classes\\processes\\demo2.bpmn20.xml', NULL, NULL, 0, 1, 1, '', NULL);
INSERT INTO `act_re_procdef` VALUES ('demo2:2:9aadeb0a-828e-11ee-9548-48a47209a1e7', 1, 'http://www.activiti.org/processdef', 'demo2', 'demo2', 2, '9a804b52-828e-11ee-9548-48a47209a1e7', 'D:\\project\\warehouse\\warehouse-backend\\target\\classes\\processes\\demo2.bpmn20.xml', NULL, NULL, 0, 1, 1, '', NULL);
INSERT INTO `act_re_procdef` VALUES ('flowv1:1:9db0ecba-7b97-11ee-918e-48a47209a1e7', 1, 'http://www.activiti.org/processdef', 'flowv1', 'flowv1', 1, '9d860c26-7b97-11ee-918e-48a47209a1e7', 'D:\\project\\warehouse\\warehouse-backend\\target\\classes\\processes\\flowv1.bpmn20.xml', NULL, NULL, 0, 1, 1, '', NULL);
INSERT INTO `act_re_procdef` VALUES ('flowv1:2:9aadeb07-828e-11ee-9548-48a47209a1e7', 1, 'http://www.activiti.org/processdef', 'flowv1', 'flowv1', 2, '9a804b52-828e-11ee-9548-48a47209a1e7', 'D:\\project\\warehouse\\warehouse-backend\\target\\classes\\processes\\flowv1.bpmn20.xml', NULL, NULL, 0, 1, 1, '', NULL);
INSERT INTO `act_re_procdef` VALUES ('flowv2:1:9aadeb08-828e-11ee-9548-48a47209a1e7', 1, 'http://www.activiti.org/processdef', 'flowv2', 'flowv2', 1, '9a804b52-828e-11ee-9548-48a47209a1e7', 'D:\\project\\warehouse\\warehouse-backend\\target\\classes\\processes\\flowv2.bpmn20.xml', NULL, NULL, 0, 1, 1, '', NULL);
INSERT INTO `act_re_procdef` VALUES ('test2:1:9db113cb-7b97-11ee-918e-48a47209a1e7', 1, 'http://www.activiti.org/processdef', 'test2', 'test2', 1, '9d860c26-7b97-11ee-918e-48a47209a1e7', 'D:\\project\\warehouse\\warehouse-backend\\target\\classes\\processes\\test2.bpmn20.xml', NULL, NULL, 0, 1, 1, '', NULL);
INSERT INTO `act_re_procdef` VALUES ('test2:2:9aadeb09-828e-11ee-9548-48a47209a1e7', 1, 'http://www.activiti.org/processdef', 'test2', 'test2', 2, '9a804b52-828e-11ee-9548-48a47209a1e7', 'D:\\project\\warehouse\\warehouse-backend\\target\\classes\\processes\\test2.bpmn20.xml', NULL, NULL, 0, 1, 1, '', NULL);

-- ----------------------------
-- Table structure for act_ru_deadletter_job
-- ----------------------------
DROP TABLE IF EXISTS `act_ru_deadletter_job`;
CREATE TABLE `act_ru_deadletter_job`  (
  `ID_` varchar(64) CHARACTER SET utf8 COLLATE utf8_bin NOT NULL,
  `REV_` int NULL DEFAULT NULL,
  `TYPE_` varchar(255) CHARACTER SET utf8 COLLATE utf8_bin NOT NULL,
  `EXCLUSIVE_` tinyint(1) NULL DEFAULT NULL,
  `EXECUTION_ID_` varchar(64) CHARACTER SET utf8 COLLATE utf8_bin NULL DEFAULT NULL,
  `PROCESS_INSTANCE_ID_` varchar(64) CHARACTER SET utf8 COLLATE utf8_bin NULL DEFAULT NULL,
  `PROC_DEF_ID_` varchar(64) CHARACTER SET utf8 COLLATE utf8_bin NULL DEFAULT NULL,
  `EXCEPTION_STACK_ID_` varchar(64) CHARACTER SET utf8 COLLATE utf8_bin NULL DEFAULT NULL,
  `EXCEPTION_MSG_` varchar(4000) CHARACTER SET utf8 COLLATE utf8_bin NULL DEFAULT NULL,
  `DUEDATE_` timestamp(3) NULL DEFAULT NULL,
  `REPEAT_` varchar(255) CHARACTER SET utf8 COLLATE utf8_bin NULL DEFAULT NULL,
  `HANDLER_TYPE_` varchar(255) CHARACTER SET utf8 COLLATE utf8_bin NULL DEFAULT NULL,
  `HANDLER_CFG_` varchar(4000) CHARACTER SET utf8 COLLATE utf8_bin NULL DEFAULT NULL,
  `TENANT_ID_` varchar(255) CHARACTER SET utf8 COLLATE utf8_bin NULL DEFAULT '',
  PRIMARY KEY (`ID_`) USING BTREE,
  INDEX `ACT_FK_DEADLETTER_JOB_EXECUTION`(`EXECUTION_ID_` ASC) USING BTREE,
  INDEX `ACT_FK_DEADLETTER_JOB_PROCESS_INSTANCE`(`PROCESS_INSTANCE_ID_` ASC) USING BTREE,
  INDEX `ACT_FK_DEADLETTER_JOB_PROC_DEF`(`PROC_DEF_ID_` ASC) USING BTREE,
  INDEX `ACT_FK_DEADLETTER_JOB_EXCEPTION`(`EXCEPTION_STACK_ID_` ASC) USING BTREE,
  CONSTRAINT `ACT_FK_DEADLETTER_JOB_EXCEPTION` FOREIGN KEY (`EXCEPTION_STACK_ID_`) REFERENCES `act_ge_bytearray` (`ID_`) ON DELETE RESTRICT ON UPDATE RESTRICT,
  CONSTRAINT `ACT_FK_DEADLETTER_JOB_EXECUTION` FOREIGN KEY (`EXECUTION_ID_`) REFERENCES `act_ru_execution` (`ID_`) ON DELETE RESTRICT ON UPDATE RESTRICT,
  CONSTRAINT `ACT_FK_DEADLETTER_JOB_PROC_DEF` FOREIGN KEY (`PROC_DEF_ID_`) REFERENCES `act_re_procdef` (`ID_`) ON DELETE RESTRICT ON UPDATE RESTRICT,
  CONSTRAINT `ACT_FK_DEADLETTER_JOB_PROCESS_INSTANCE` FOREIGN KEY (`PROCESS_INSTANCE_ID_`) REFERENCES `act_ru_execution` (`ID_`) ON DELETE RESTRICT ON UPDATE RESTRICT
) ENGINE = InnoDB CHARACTER SET = utf8 COLLATE = utf8_bin ROW_FORMAT = Dynamic;

-- ----------------------------
-- Records of act_ru_deadletter_job
-- ----------------------------

-- ----------------------------
-- Table structure for act_ru_event_subscr
-- ----------------------------
DROP TABLE IF EXISTS `act_ru_event_subscr`;
CREATE TABLE `act_ru_event_subscr`  (
  `ID_` varchar(64) CHARACTER SET utf8 COLLATE utf8_bin NOT NULL,
  `REV_` int NULL DEFAULT NULL,
  `EVENT_TYPE_` varchar(255) CHARACTER SET utf8 COLLATE utf8_bin NOT NULL,
  `EVENT_NAME_` varchar(255) CHARACTER SET utf8 COLLATE utf8_bin NULL DEFAULT NULL,
  `EXECUTION_ID_` varchar(64) CHARACTER SET utf8 COLLATE utf8_bin NULL DEFAULT NULL,
  `PROC_INST_ID_` varchar(64) CHARACTER SET utf8 COLLATE utf8_bin NULL DEFAULT NULL,
  `ACTIVITY_ID_` varchar(64) CHARACTER SET utf8 COLLATE utf8_bin NULL DEFAULT NULL,
  `CONFIGURATION_` varchar(255) CHARACTER SET utf8 COLLATE utf8_bin NULL DEFAULT NULL,
  `CREATED_` timestamp(3) NOT NULL DEFAULT CURRENT_TIMESTAMP(3),
  `PROC_DEF_ID_` varchar(64) CHARACTER SET utf8 COLLATE utf8_bin NULL DEFAULT NULL,
  `TENANT_ID_` varchar(255) CHARACTER SET utf8 COLLATE utf8_bin NULL DEFAULT '',
  PRIMARY KEY (`ID_`) USING BTREE,
  INDEX `ACT_IDX_EVENT_SUBSCR_CONFIG_`(`CONFIGURATION_` ASC) USING BTREE,
  INDEX `ACT_FK_EVENT_EXEC`(`EXECUTION_ID_` ASC) USING BTREE,
  CONSTRAINT `ACT_FK_EVENT_EXEC` FOREIGN KEY (`EXECUTION_ID_`) REFERENCES `act_ru_execution` (`ID_`) ON DELETE RESTRICT ON UPDATE RESTRICT
) ENGINE = InnoDB CHARACTER SET = utf8 COLLATE = utf8_bin ROW_FORMAT = Dynamic;

-- ----------------------------
-- Records of act_ru_event_subscr
-- ----------------------------

-- ----------------------------
-- Table structure for act_ru_execution
-- ----------------------------
DROP TABLE IF EXISTS `act_ru_execution`;
CREATE TABLE `act_ru_execution`  (
  `ID_` varchar(64) CHARACTER SET utf8 COLLATE utf8_bin NOT NULL,
  `REV_` int NULL DEFAULT NULL,
  `PROC_INST_ID_` varchar(64) CHARACTER SET utf8 COLLATE utf8_bin NULL DEFAULT NULL,
  `BUSINESS_KEY_` varchar(255) CHARACTER SET utf8 COLLATE utf8_bin NULL DEFAULT NULL,
  `PARENT_ID_` varchar(64) CHARACTER SET utf8 COLLATE utf8_bin NULL DEFAULT NULL,
  `PROC_DEF_ID_` varchar(64) CHARACTER SET utf8 COLLATE utf8_bin NULL DEFAULT NULL,
  `SUPER_EXEC_` varchar(64) CHARACTER SET utf8 COLLATE utf8_bin NULL DEFAULT NULL,
  `ROOT_PROC_INST_ID_` varchar(64) CHARACTER SET utf8 COLLATE utf8_bin NULL DEFAULT NULL,
  `ACT_ID_` varchar(255) CHARACTER SET utf8 COLLATE utf8_bin NULL DEFAULT NULL,
  `IS_ACTIVE_` tinyint NULL DEFAULT NULL,
  `IS_CONCURRENT_` tinyint NULL DEFAULT NULL,
  `IS_SCOPE_` tinyint NULL DEFAULT NULL,
  `IS_EVENT_SCOPE_` tinyint NULL DEFAULT NULL,
  `IS_MI_ROOT_` tinyint NULL DEFAULT NULL,
  `SUSPENSION_STATE_` int NULL DEFAULT NULL,
  `CACHED_ENT_STATE_` int NULL DEFAULT NULL,
  `TENANT_ID_` varchar(255) CHARACTER SET utf8 COLLATE utf8_bin NULL DEFAULT '',
  `NAME_` varchar(255) CHARACTER SET utf8 COLLATE utf8_bin NULL DEFAULT NULL,
  `START_TIME_` datetime(3) NULL DEFAULT NULL,
  `START_USER_ID_` varchar(255) CHARACTER SET utf8 COLLATE utf8_bin NULL DEFAULT NULL,
  `LOCK_TIME_` timestamp(3) NULL DEFAULT NULL,
  `IS_COUNT_ENABLED_` tinyint NULL DEFAULT NULL,
  `EVT_SUBSCR_COUNT_` int NULL DEFAULT NULL,
  `TASK_COUNT_` int NULL DEFAULT NULL,
  `JOB_COUNT_` int NULL DEFAULT NULL,
  `TIMER_JOB_COUNT_` int NULL DEFAULT NULL,
  `SUSP_JOB_COUNT_` int NULL DEFAULT NULL,
  `DEADLETTER_JOB_COUNT_` int NULL DEFAULT NULL,
  `VAR_COUNT_` int NULL DEFAULT NULL,
  `ID_LINK_COUNT_` int NULL DEFAULT NULL,
  PRIMARY KEY (`ID_`) USING BTREE,
  INDEX `ACT_IDX_EXEC_BUSKEY`(`BUSINESS_KEY_` ASC) USING BTREE,
  INDEX `ACT_IDC_EXEC_ROOT`(`ROOT_PROC_INST_ID_` ASC) USING BTREE,
  INDEX `ACT_FK_EXE_PROCINST`(`PROC_INST_ID_` ASC) USING BTREE,
  INDEX `ACT_FK_EXE_PARENT`(`PARENT_ID_` ASC) USING BTREE,
  INDEX `ACT_FK_EXE_SUPER`(`SUPER_EXEC_` ASC) USING BTREE,
  INDEX `ACT_FK_EXE_PROCDEF`(`PROC_DEF_ID_` ASC) USING BTREE,
  CONSTRAINT `ACT_FK_EXE_PARENT` FOREIGN KEY (`PARENT_ID_`) REFERENCES `act_ru_execution` (`ID_`) ON DELETE CASCADE ON UPDATE RESTRICT,
  CONSTRAINT `ACT_FK_EXE_PROCDEF` FOREIGN KEY (`PROC_DEF_ID_`) REFERENCES `act_re_procdef` (`ID_`) ON DELETE RESTRICT ON UPDATE RESTRICT,
  CONSTRAINT `ACT_FK_EXE_PROCINST` FOREIGN KEY (`PROC_INST_ID_`) REFERENCES `act_ru_execution` (`ID_`) ON DELETE CASCADE ON UPDATE CASCADE,
  CONSTRAINT `ACT_FK_EXE_SUPER` FOREIGN KEY (`SUPER_EXEC_`) REFERENCES `act_ru_execution` (`ID_`) ON DELETE CASCADE ON UPDATE RESTRICT
) ENGINE = InnoDB CHARACTER SET = utf8 COLLATE = utf8_bin ROW_FORMAT = Dynamic;

-- ----------------------------
-- Records of act_ru_execution
-- ----------------------------
INSERT INTO `act_ru_execution` VALUES ('bbae71a3-828f-11ee-ae8d-48a47209a1e7', 1, 'bbae71a3-828f-11ee-ae8d-48a47209a1e7', NULL, NULL, 'flowv2:1:9aadeb08-828e-11ee-9548-48a47209a1e7', NULL, 'bbae71a3-828f-11ee-ae8d-48a47209a1e7', NULL, 1, 0, 1, 0, 0, 1, NULL, '', NULL, '2023-11-14 09:47:13.577', NULL, NULL, 0, 0, 0, 0, 0, 0, 0, 0, 0);
INSERT INTO `act_ru_execution` VALUES ('bbafd142-828f-11ee-ae8d-48a47209a1e7', 13, 'bbae71a3-828f-11ee-ae8d-48a47209a1e7', NULL, 'bbae71a3-828f-11ee-ae8d-48a47209a1e7', 'flowv2:1:9aadeb08-828e-11ee-9548-48a47209a1e7', NULL, 'bbae71a3-828f-11ee-ae8d-48a47209a1e7', 'sid-07', 1, 0, 0, 0, 0, 1, NULL, '', NULL, '2023-11-14 09:47:13.586', NULL, NULL, 0, 0, 0, 0, 0, 0, 0, 0, 0);

-- ----------------------------
-- Table structure for act_ru_identitylink
-- ----------------------------
DROP TABLE IF EXISTS `act_ru_identitylink`;
CREATE TABLE `act_ru_identitylink`  (
  `ID_` varchar(64) CHARACTER SET utf8 COLLATE utf8_bin NOT NULL,
  `REV_` int NULL DEFAULT NULL,
  `GROUP_ID_` varchar(255) CHARACTER SET utf8 COLLATE utf8_bin NULL DEFAULT NULL,
  `TYPE_` varchar(255) CHARACTER SET utf8 COLLATE utf8_bin NULL DEFAULT NULL,
  `USER_ID_` varchar(255) CHARACTER SET utf8 COLLATE utf8_bin NULL DEFAULT NULL,
  `TASK_ID_` varchar(64) CHARACTER SET utf8 COLLATE utf8_bin NULL DEFAULT NULL,
  `PROC_INST_ID_` varchar(64) CHARACTER SET utf8 COLLATE utf8_bin NULL DEFAULT NULL,
  `PROC_DEF_ID_` varchar(64) CHARACTER SET utf8 COLLATE utf8_bin NULL DEFAULT NULL,
  PRIMARY KEY (`ID_`) USING BTREE,
  INDEX `ACT_IDX_IDENT_LNK_USER`(`USER_ID_` ASC) USING BTREE,
  INDEX `ACT_IDX_IDENT_LNK_GROUP`(`GROUP_ID_` ASC) USING BTREE,
  INDEX `ACT_IDX_ATHRZ_PROCEDEF`(`PROC_DEF_ID_` ASC) USING BTREE,
  INDEX `ACT_FK_TSKASS_TASK`(`TASK_ID_` ASC) USING BTREE,
  INDEX `ACT_FK_IDL_PROCINST`(`PROC_INST_ID_` ASC) USING BTREE,
  CONSTRAINT `ACT_FK_ATHRZ_PROCEDEF` FOREIGN KEY (`PROC_DEF_ID_`) REFERENCES `act_re_procdef` (`ID_`) ON DELETE RESTRICT ON UPDATE RESTRICT,
  CONSTRAINT `ACT_FK_IDL_PROCINST` FOREIGN KEY (`PROC_INST_ID_`) REFERENCES `act_ru_execution` (`ID_`) ON DELETE RESTRICT ON UPDATE RESTRICT,
  CONSTRAINT `ACT_FK_TSKASS_TASK` FOREIGN KEY (`TASK_ID_`) REFERENCES `act_ru_task` (`ID_`) ON DELETE RESTRICT ON UPDATE RESTRICT
) ENGINE = InnoDB CHARACTER SET = utf8 COLLATE = utf8_bin ROW_FORMAT = Dynamic;

-- ----------------------------
-- Records of act_ru_identitylink
-- ----------------------------
INSERT INTO `act_ru_identitylink` VALUES ('a15d1ec6-8290-11ee-ae8d-48a47209a1e7', 1, NULL, 'participant', 'in_store', NULL, 'bbae71a3-828f-11ee-ae8d-48a47209a1e7', NULL);
INSERT INTO `act_ru_identitylink` VALUES ('bbb54f86-828f-11ee-ae8d-48a47209a1e7', 1, NULL, 'participant', 'station_master', NULL, 'bbae71a3-828f-11ee-ae8d-48a47209a1e7', NULL);
INSERT INTO `act_ru_identitylink` VALUES ('bbc81439-828f-11ee-ae8d-48a47209a1e7', 1, NULL, 'participant', 'supper_manage', NULL, 'bbae71a3-828f-11ee-ae8d-48a47209a1e7', NULL);
INSERT INTO `act_ru_identitylink` VALUES ('c3b160cd-828f-11ee-ae8d-48a47209a1e7', 1, NULL, 'participant', 'purchase_man', NULL, 'bbae71a3-828f-11ee-ae8d-48a47209a1e7', NULL);

-- ----------------------------
-- Table structure for act_ru_integration
-- ----------------------------
DROP TABLE IF EXISTS `act_ru_integration`;
CREATE TABLE `act_ru_integration`  (
  `ID_` varchar(64) CHARACTER SET utf8 COLLATE utf8_bin NOT NULL,
  `EXECUTION_ID_` varchar(64) CHARACTER SET utf8 COLLATE utf8_bin NULL DEFAULT NULL,
  `PROCESS_INSTANCE_ID_` varchar(64) CHARACTER SET utf8 COLLATE utf8_bin NULL DEFAULT NULL,
  `PROC_DEF_ID_` varchar(64) CHARACTER SET utf8 COLLATE utf8_bin NULL DEFAULT NULL,
  `FLOW_NODE_ID_` varchar(64) CHARACTER SET utf8 COLLATE utf8_bin NULL DEFAULT NULL,
  `CREATED_DATE_` timestamp(3) NULL DEFAULT NULL,
  PRIMARY KEY (`ID_`) USING BTREE,
  INDEX `ACT_FK_INT_EXECUTION`(`EXECUTION_ID_` ASC) USING BTREE,
  INDEX `ACT_FK_INT_PROC_INST`(`PROCESS_INSTANCE_ID_` ASC) USING BTREE,
  INDEX `ACT_FK_INT_PROC_DEF`(`PROC_DEF_ID_` ASC) USING BTREE,
  CONSTRAINT `ACT_FK_INT_EXECUTION` FOREIGN KEY (`EXECUTION_ID_`) REFERENCES `act_ru_execution` (`ID_`) ON DELETE CASCADE ON UPDATE RESTRICT,
  CONSTRAINT `ACT_FK_INT_PROC_DEF` FOREIGN KEY (`PROC_DEF_ID_`) REFERENCES `act_re_procdef` (`ID_`) ON DELETE RESTRICT ON UPDATE RESTRICT,
  CONSTRAINT `ACT_FK_INT_PROC_INST` FOREIGN KEY (`PROCESS_INSTANCE_ID_`) REFERENCES `act_ru_execution` (`ID_`) ON DELETE RESTRICT ON UPDATE RESTRICT
) ENGINE = InnoDB CHARACTER SET = utf8 COLLATE = utf8_bin ROW_FORMAT = Dynamic;

-- ----------------------------
-- Records of act_ru_integration
-- ----------------------------

-- ----------------------------
-- Table structure for act_ru_job
-- ----------------------------
DROP TABLE IF EXISTS `act_ru_job`;
CREATE TABLE `act_ru_job`  (
  `ID_` varchar(64) CHARACTER SET utf8 COLLATE utf8_bin NOT NULL,
  `REV_` int NULL DEFAULT NULL,
  `TYPE_` varchar(255) CHARACTER SET utf8 COLLATE utf8_bin NOT NULL,
  `LOCK_EXP_TIME_` timestamp(3) NULL DEFAULT NULL,
  `LOCK_OWNER_` varchar(255) CHARACTER SET utf8 COLLATE utf8_bin NULL DEFAULT NULL,
  `EXCLUSIVE_` tinyint(1) NULL DEFAULT NULL,
  `EXECUTION_ID_` varchar(64) CHARACTER SET utf8 COLLATE utf8_bin NULL DEFAULT NULL,
  `PROCESS_INSTANCE_ID_` varchar(64) CHARACTER SET utf8 COLLATE utf8_bin NULL DEFAULT NULL,
  `PROC_DEF_ID_` varchar(64) CHARACTER SET utf8 COLLATE utf8_bin NULL DEFAULT NULL,
  `RETRIES_` int NULL DEFAULT NULL,
  `EXCEPTION_STACK_ID_` varchar(64) CHARACTER SET utf8 COLLATE utf8_bin NULL DEFAULT NULL,
  `EXCEPTION_MSG_` varchar(4000) CHARACTER SET utf8 COLLATE utf8_bin NULL DEFAULT NULL,
  `DUEDATE_` timestamp(3) NULL DEFAULT NULL,
  `REPEAT_` varchar(255) CHARACTER SET utf8 COLLATE utf8_bin NULL DEFAULT NULL,
  `HANDLER_TYPE_` varchar(255) CHARACTER SET utf8 COLLATE utf8_bin NULL DEFAULT NULL,
  `HANDLER_CFG_` varchar(4000) CHARACTER SET utf8 COLLATE utf8_bin NULL DEFAULT NULL,
  `TENANT_ID_` varchar(255) CHARACTER SET utf8 COLLATE utf8_bin NULL DEFAULT '',
  PRIMARY KEY (`ID_`) USING BTREE,
  INDEX `ACT_FK_JOB_EXECUTION`(`EXECUTION_ID_` ASC) USING BTREE,
  INDEX `ACT_FK_JOB_PROCESS_INSTANCE`(`PROCESS_INSTANCE_ID_` ASC) USING BTREE,
  INDEX `ACT_FK_JOB_PROC_DEF`(`PROC_DEF_ID_` ASC) USING BTREE,
  INDEX `ACT_FK_JOB_EXCEPTION`(`EXCEPTION_STACK_ID_` ASC) USING BTREE,
  CONSTRAINT `ACT_FK_JOB_EXCEPTION` FOREIGN KEY (`EXCEPTION_STACK_ID_`) REFERENCES `act_ge_bytearray` (`ID_`) ON DELETE RESTRICT ON UPDATE RESTRICT,
  CONSTRAINT `ACT_FK_JOB_EXECUTION` FOREIGN KEY (`EXECUTION_ID_`) REFERENCES `act_ru_execution` (`ID_`) ON DELETE RESTRICT ON UPDATE RESTRICT,
  CONSTRAINT `ACT_FK_JOB_PROC_DEF` FOREIGN KEY (`PROC_DEF_ID_`) REFERENCES `act_re_procdef` (`ID_`) ON DELETE RESTRICT ON UPDATE RESTRICT,
  CONSTRAINT `ACT_FK_JOB_PROCESS_INSTANCE` FOREIGN KEY (`PROCESS_INSTANCE_ID_`) REFERENCES `act_ru_execution` (`ID_`) ON DELETE RESTRICT ON UPDATE RESTRICT
) ENGINE = InnoDB CHARACTER SET = utf8 COLLATE = utf8_bin ROW_FORMAT = Dynamic;

-- ----------------------------
-- Records of act_ru_job
-- ----------------------------

-- ----------------------------
-- Table structure for act_ru_suspended_job
-- ----------------------------
DROP TABLE IF EXISTS `act_ru_suspended_job`;
CREATE TABLE `act_ru_suspended_job`  (
  `ID_` varchar(64) CHARACTER SET utf8 COLLATE utf8_bin NOT NULL,
  `REV_` int NULL DEFAULT NULL,
  `TYPE_` varchar(255) CHARACTER SET utf8 COLLATE utf8_bin NOT NULL,
  `EXCLUSIVE_` tinyint(1) NULL DEFAULT NULL,
  `EXECUTION_ID_` varchar(64) CHARACTER SET utf8 COLLATE utf8_bin NULL DEFAULT NULL,
  `PROCESS_INSTANCE_ID_` varchar(64) CHARACTER SET utf8 COLLATE utf8_bin NULL DEFAULT NULL,
  `PROC_DEF_ID_` varchar(64) CHARACTER SET utf8 COLLATE utf8_bin NULL DEFAULT NULL,
  `RETRIES_` int NULL DEFAULT NULL,
  `EXCEPTION_STACK_ID_` varchar(64) CHARACTER SET utf8 COLLATE utf8_bin NULL DEFAULT NULL,
  `EXCEPTION_MSG_` varchar(4000) CHARACTER SET utf8 COLLATE utf8_bin NULL DEFAULT NULL,
  `DUEDATE_` timestamp(3) NULL DEFAULT NULL,
  `REPEAT_` varchar(255) CHARACTER SET utf8 COLLATE utf8_bin NULL DEFAULT NULL,
  `HANDLER_TYPE_` varchar(255) CHARACTER SET utf8 COLLATE utf8_bin NULL DEFAULT NULL,
  `HANDLER_CFG_` varchar(4000) CHARACTER SET utf8 COLLATE utf8_bin NULL DEFAULT NULL,
  `TENANT_ID_` varchar(255) CHARACTER SET utf8 COLLATE utf8_bin NULL DEFAULT '',
  PRIMARY KEY (`ID_`) USING BTREE,
  INDEX `ACT_FK_SUSPENDED_JOB_EXECUTION`(`EXECUTION_ID_` ASC) USING BTREE,
  INDEX `ACT_FK_SUSPENDED_JOB_PROCESS_INSTANCE`(`PROCESS_INSTANCE_ID_` ASC) USING BTREE,
  INDEX `ACT_FK_SUSPENDED_JOB_PROC_DEF`(`PROC_DEF_ID_` ASC) USING BTREE,
  INDEX `ACT_FK_SUSPENDED_JOB_EXCEPTION`(`EXCEPTION_STACK_ID_` ASC) USING BTREE,
  CONSTRAINT `ACT_FK_SUSPENDED_JOB_EXCEPTION` FOREIGN KEY (`EXCEPTION_STACK_ID_`) REFERENCES `act_ge_bytearray` (`ID_`) ON DELETE RESTRICT ON UPDATE RESTRICT,
  CONSTRAINT `ACT_FK_SUSPENDED_JOB_EXECUTION` FOREIGN KEY (`EXECUTION_ID_`) REFERENCES `act_ru_execution` (`ID_`) ON DELETE RESTRICT ON UPDATE RESTRICT,
  CONSTRAINT `ACT_FK_SUSPENDED_JOB_PROC_DEF` FOREIGN KEY (`PROC_DEF_ID_`) REFERENCES `act_re_procdef` (`ID_`) ON DELETE RESTRICT ON UPDATE RESTRICT,
  CONSTRAINT `ACT_FK_SUSPENDED_JOB_PROCESS_INSTANCE` FOREIGN KEY (`PROCESS_INSTANCE_ID_`) REFERENCES `act_ru_execution` (`ID_`) ON DELETE RESTRICT ON UPDATE RESTRICT
) ENGINE = InnoDB CHARACTER SET = utf8 COLLATE = utf8_bin ROW_FORMAT = Dynamic;

-- ----------------------------
-- Records of act_ru_suspended_job
-- ----------------------------

-- ----------------------------
-- Table structure for act_ru_task
-- ----------------------------
DROP TABLE IF EXISTS `act_ru_task`;
CREATE TABLE `act_ru_task`  (
  `ID_` varchar(64) CHARACTER SET utf8 COLLATE utf8_bin NOT NULL,
  `REV_` int NULL DEFAULT NULL,
  `EXECUTION_ID_` varchar(64) CHARACTER SET utf8 COLLATE utf8_bin NULL DEFAULT NULL,
  `PROC_INST_ID_` varchar(64) CHARACTER SET utf8 COLLATE utf8_bin NULL DEFAULT NULL,
  `PROC_DEF_ID_` varchar(64) CHARACTER SET utf8 COLLATE utf8_bin NULL DEFAULT NULL,
  `NAME_` varchar(255) CHARACTER SET utf8 COLLATE utf8_bin NULL DEFAULT NULL,
  `PARENT_TASK_ID_` varchar(64) CHARACTER SET utf8 COLLATE utf8_bin NULL DEFAULT NULL,
  `DESCRIPTION_` varchar(4000) CHARACTER SET utf8 COLLATE utf8_bin NULL DEFAULT NULL,
  `TASK_DEF_KEY_` varchar(255) CHARACTER SET utf8 COLLATE utf8_bin NULL DEFAULT NULL,
  `OWNER_` varchar(255) CHARACTER SET utf8 COLLATE utf8_bin NULL DEFAULT NULL,
  `ASSIGNEE_` varchar(255) CHARACTER SET utf8 COLLATE utf8_bin NULL DEFAULT NULL,
  `DELEGATION_` varchar(64) CHARACTER SET utf8 COLLATE utf8_bin NULL DEFAULT NULL,
  `PRIORITY_` int NULL DEFAULT NULL,
  `CREATE_TIME_` timestamp(3) NULL DEFAULT NULL,
  `DUE_DATE_` datetime(3) NULL DEFAULT NULL,
  `CATEGORY_` varchar(255) CHARACTER SET utf8 COLLATE utf8_bin NULL DEFAULT NULL,
  `SUSPENSION_STATE_` int NULL DEFAULT NULL,
  `TENANT_ID_` varchar(255) CHARACTER SET utf8 COLLATE utf8_bin NULL DEFAULT '',
  `FORM_KEY_` varchar(255) CHARACTER SET utf8 COLLATE utf8_bin NULL DEFAULT NULL,
  `CLAIM_TIME_` datetime(3) NULL DEFAULT NULL,
  PRIMARY KEY (`ID_`) USING BTREE,
  INDEX `ACT_IDX_TASK_CREATE`(`CREATE_TIME_` ASC) USING BTREE,
  INDEX `ACT_FK_TASK_EXE`(`EXECUTION_ID_` ASC) USING BTREE,
  INDEX `ACT_FK_TASK_PROCINST`(`PROC_INST_ID_` ASC) USING BTREE,
  INDEX `ACT_FK_TASK_PROCDEF`(`PROC_DEF_ID_` ASC) USING BTREE,
  CONSTRAINT `ACT_FK_TASK_EXE` FOREIGN KEY (`EXECUTION_ID_`) REFERENCES `act_ru_execution` (`ID_`) ON DELETE RESTRICT ON UPDATE RESTRICT,
  CONSTRAINT `ACT_FK_TASK_PROCDEF` FOREIGN KEY (`PROC_DEF_ID_`) REFERENCES `act_re_procdef` (`ID_`) ON DELETE RESTRICT ON UPDATE RESTRICT,
  CONSTRAINT `ACT_FK_TASK_PROCINST` FOREIGN KEY (`PROC_INST_ID_`) REFERENCES `act_ru_execution` (`ID_`) ON DELETE RESTRICT ON UPDATE RESTRICT
) ENGINE = InnoDB CHARACTER SET = utf8 COLLATE = utf8_bin ROW_FORMAT = Dynamic;

-- ----------------------------
-- Records of act_ru_task
-- ----------------------------
INSERT INTO `act_ru_task` VALUES ('f7b50088-8290-11ee-ae8d-48a47209a1e7', 1, 'bbafd142-828f-11ee-ae8d-48a47209a1e7', 'bbae71a3-828f-11ee-ae8d-48a47209a1e7', 'flowv2:1:9aadeb08-828e-11ee-9548-48a47209a1e7', '', NULL, NULL, 'sid-07', NULL, 'supper_manage', NULL, 50, '2023-11-14 09:56:03.779', NULL, NULL, 1, '', NULL, NULL);

-- ----------------------------
-- Table structure for act_ru_timer_job
-- ----------------------------
DROP TABLE IF EXISTS `act_ru_timer_job`;
CREATE TABLE `act_ru_timer_job`  (
  `ID_` varchar(64) CHARACTER SET utf8 COLLATE utf8_bin NOT NULL,
  `REV_` int NULL DEFAULT NULL,
  `TYPE_` varchar(255) CHARACTER SET utf8 COLLATE utf8_bin NOT NULL,
  `LOCK_EXP_TIME_` timestamp(3) NULL DEFAULT NULL,
  `LOCK_OWNER_` varchar(255) CHARACTER SET utf8 COLLATE utf8_bin NULL DEFAULT NULL,
  `EXCLUSIVE_` tinyint(1) NULL DEFAULT NULL,
  `EXECUTION_ID_` varchar(64) CHARACTER SET utf8 COLLATE utf8_bin NULL DEFAULT NULL,
  `PROCESS_INSTANCE_ID_` varchar(64) CHARACTER SET utf8 COLLATE utf8_bin NULL DEFAULT NULL,
  `PROC_DEF_ID_` varchar(64) CHARACTER SET utf8 COLLATE utf8_bin NULL DEFAULT NULL,
  `RETRIES_` int NULL DEFAULT NULL,
  `EXCEPTION_STACK_ID_` varchar(64) CHARACTER SET utf8 COLLATE utf8_bin NULL DEFAULT NULL,
  `EXCEPTION_MSG_` varchar(4000) CHARACTER SET utf8 COLLATE utf8_bin NULL DEFAULT NULL,
  `DUEDATE_` timestamp(3) NULL DEFAULT NULL,
  `REPEAT_` varchar(255) CHARACTER SET utf8 COLLATE utf8_bin NULL DEFAULT NULL,
  `HANDLER_TYPE_` varchar(255) CHARACTER SET utf8 COLLATE utf8_bin NULL DEFAULT NULL,
  `HANDLER_CFG_` varchar(4000) CHARACTER SET utf8 COLLATE utf8_bin NULL DEFAULT NULL,
  `TENANT_ID_` varchar(255) CHARACTER SET utf8 COLLATE utf8_bin NULL DEFAULT '',
  PRIMARY KEY (`ID_`) USING BTREE,
  INDEX `ACT_FK_TIMER_JOB_EXECUTION`(`EXECUTION_ID_` ASC) USING BTREE,
  INDEX `ACT_FK_TIMER_JOB_PROCESS_INSTANCE`(`PROCESS_INSTANCE_ID_` ASC) USING BTREE,
  INDEX `ACT_FK_TIMER_JOB_PROC_DEF`(`PROC_DEF_ID_` ASC) USING BTREE,
  INDEX `ACT_FK_TIMER_JOB_EXCEPTION`(`EXCEPTION_STACK_ID_` ASC) USING BTREE,
  CONSTRAINT `ACT_FK_TIMER_JOB_EXCEPTION` FOREIGN KEY (`EXCEPTION_STACK_ID_`) REFERENCES `act_ge_bytearray` (`ID_`) ON DELETE RESTRICT ON UPDATE RESTRICT,
  CONSTRAINT `ACT_FK_TIMER_JOB_EXECUTION` FOREIGN KEY (`EXECUTION_ID_`) REFERENCES `act_ru_execution` (`ID_`) ON DELETE RESTRICT ON UPDATE RESTRICT,
  CONSTRAINT `ACT_FK_TIMER_JOB_PROC_DEF` FOREIGN KEY (`PROC_DEF_ID_`) REFERENCES `act_re_procdef` (`ID_`) ON DELETE RESTRICT ON UPDATE RESTRICT,
  CONSTRAINT `ACT_FK_TIMER_JOB_PROCESS_INSTANCE` FOREIGN KEY (`PROCESS_INSTANCE_ID_`) REFERENCES `act_ru_execution` (`ID_`) ON DELETE RESTRICT ON UPDATE RESTRICT
) ENGINE = InnoDB CHARACTER SET = utf8 COLLATE = utf8_bin ROW_FORMAT = Dynamic;

-- ----------------------------
-- Records of act_ru_timer_job
-- ----------------------------

-- ----------------------------
-- Table structure for act_ru_variable
-- ----------------------------
DROP TABLE IF EXISTS `act_ru_variable`;
CREATE TABLE `act_ru_variable`  (
  `ID_` varchar(64) CHARACTER SET utf8 COLLATE utf8_bin NOT NULL,
  `REV_` int NULL DEFAULT NULL,
  `TYPE_` varchar(255) CHARACTER SET utf8 COLLATE utf8_bin NOT NULL,
  `NAME_` varchar(255) CHARACTER SET utf8 COLLATE utf8_bin NOT NULL,
  `EXECUTION_ID_` varchar(64) CHARACTER SET utf8 COLLATE utf8_bin NULL DEFAULT NULL,
  `PROC_INST_ID_` varchar(64) CHARACTER SET utf8 COLLATE utf8_bin NULL DEFAULT NULL,
  `TASK_ID_` varchar(64) CHARACTER SET utf8 COLLATE utf8_bin NULL DEFAULT NULL,
  `BYTEARRAY_ID_` varchar(64) CHARACTER SET utf8 COLLATE utf8_bin NULL DEFAULT NULL,
  `DOUBLE_` double NULL DEFAULT NULL,
  `LONG_` bigint NULL DEFAULT NULL,
  `TEXT_` varchar(4000) CHARACTER SET utf8 COLLATE utf8_bin NULL DEFAULT NULL,
  `TEXT2_` varchar(4000) CHARACTER SET utf8 COLLATE utf8_bin NULL DEFAULT NULL,
  PRIMARY KEY (`ID_`) USING BTREE,
  INDEX `ACT_IDX_VARIABLE_TASK_ID`(`TASK_ID_` ASC) USING BTREE,
  INDEX `ACT_FK_VAR_EXE`(`EXECUTION_ID_` ASC) USING BTREE,
  INDEX `ACT_FK_VAR_PROCINST`(`PROC_INST_ID_` ASC) USING BTREE,
  INDEX `ACT_FK_VAR_BYTEARRAY`(`BYTEARRAY_ID_` ASC) USING BTREE,
  CONSTRAINT `ACT_FK_VAR_BYTEARRAY` FOREIGN KEY (`BYTEARRAY_ID_`) REFERENCES `act_ge_bytearray` (`ID_`) ON DELETE RESTRICT ON UPDATE RESTRICT,
  CONSTRAINT `ACT_FK_VAR_EXE` FOREIGN KEY (`EXECUTION_ID_`) REFERENCES `act_ru_execution` (`ID_`) ON DELETE RESTRICT ON UPDATE RESTRICT,
  CONSTRAINT `ACT_FK_VAR_PROCINST` FOREIGN KEY (`PROC_INST_ID_`) REFERENCES `act_ru_execution` (`ID_`) ON DELETE RESTRICT ON UPDATE RESTRICT
) ENGINE = InnoDB CHARACTER SET = utf8 COLLATE = utf8_bin ROW_FORMAT = Dynamic;

-- ----------------------------
-- Records of act_ru_variable
-- ----------------------------
INSERT INTO `act_ru_variable` VALUES ('bbaf34f4-828f-11ee-ae8d-48a47209a1e7', 1, 'string', 'produce_man', 'bbae71a3-828f-11ee-ae8d-48a47209a1e7', 'bbae71a3-828f-11ee-ae8d-48a47209a1e7', NULL, NULL, NULL, NULL, 'produce_man', NULL);
INSERT INTO `act_ru_variable` VALUES ('bbaf8316-828f-11ee-ae8d-48a47209a1e7', 1, 'string', 'purchase_man', 'bbae71a3-828f-11ee-ae8d-48a47209a1e7', 'bbae71a3-828f-11ee-ae8d-48a47209a1e7', NULL, NULL, NULL, NULL, 'purchase_man', NULL);
INSERT INTO `act_ru_variable` VALUES ('bbaf8318-828f-11ee-ae8d-48a47209a1e7', 1, 'string', 'station_master', 'bbae71a3-828f-11ee-ae8d-48a47209a1e7', 'bbae71a3-828f-11ee-ae8d-48a47209a1e7', NULL, NULL, NULL, NULL, 'station_master', NULL);
INSERT INTO `act_ru_variable` VALUES ('bbaf831a-828f-11ee-ae8d-48a47209a1e7', 1, 'string', 'in_store', 'bbae71a3-828f-11ee-ae8d-48a47209a1e7', 'bbae71a3-828f-11ee-ae8d-48a47209a1e7', NULL, NULL, NULL, NULL, 'in_store', NULL);
INSERT INTO `act_ru_variable` VALUES ('bbafaa2c-828f-11ee-ae8d-48a47209a1e7', 1, 'string', 'supper_manage', 'bbae71a3-828f-11ee-ae8d-48a47209a1e7', 'bbae71a3-828f-11ee-ae8d-48a47209a1e7', NULL, NULL, NULL, NULL, 'supper_manage', NULL);
INSERT INTO `act_ru_variable` VALUES ('bbafaa2e-828f-11ee-ae8d-48a47209a1e7', 1, 'string', 'out_store', 'bbae71a3-828f-11ee-ae8d-48a47209a1e7', 'bbae71a3-828f-11ee-ae8d-48a47209a1e7', NULL, NULL, NULL, NULL, 'out_store', NULL);
INSERT INTO `act_ru_variable` VALUES ('bbafaa30-828f-11ee-ae8d-48a47209a1e7', 1, 'integer', 'status', 'bbae71a3-828f-11ee-ae8d-48a47209a1e7', 'bbae71a3-828f-11ee-ae8d-48a47209a1e7', NULL, NULL, NULL, 1, '1', NULL);

-- ----------------------------
-- Table structure for auth_info
-- ----------------------------
DROP TABLE IF EXISTS `auth_info`;
CREATE TABLE `auth_info`  (
  `auth_id` int NOT NULL AUTO_INCREMENT,
  `parent_id` int NULL DEFAULT NULL COMMENT 'id0',
  `auth_name` varchar(100) CHARACTER SET utf8 COLLATE utf8_general_ci NULL DEFAULT NULL,
  `auth_desc` varchar(300) CHARACTER SET utf8 COLLATE utf8_general_ci NULL DEFAULT NULL,
  `auth_grade` int NULL DEFAULT NULL,
  `auth_type` char(1) CHARACTER SET utf8 COLLATE utf8_general_ci NULL DEFAULT NULL COMMENT '1  2   3  ',
  `auth_url` varchar(100) CHARACTER SET utf8 COLLATE utf8_general_ci NULL DEFAULT NULL,
  `auth_code` varchar(100) CHARACTER SET utf8 COLLATE utf8_general_ci NULL DEFAULT NULL,
  `auth_order` int NULL DEFAULT NULL,
  `auth_state` char(1) CHARACTER SET utf8 COLLATE utf8_general_ci NULL DEFAULT '1' COMMENT '1  0 ',
  `create_by` int NULL DEFAULT NULL,
  `create_time` datetime NULL DEFAULT NULL,
  `update_by` int NULL DEFAULT NULL,
  `update_time` datetime NULL DEFAULT NULL,
  PRIMARY KEY (`auth_id`) USING BTREE
) ENGINE = InnoDB AUTO_INCREMENT = 114 CHARACTER SET = utf8 COLLATE = utf8_general_ci COMMENT = '' ROW_FORMAT = DYNAMIC;

-- ----------------------------
-- Records of auth_info
-- ----------------------------
INSERT INTO `auth_info` VALUES (1, 0, '', '', 1, '1', NULL, NULL, 0, '1', 1, '2017-11-14 16:54:13', 1, '2017-11-14 16:54:17');
INSERT INTO `auth_info` VALUES (2, 1, '', '', 2, '2', '/user/index', NULL, 0, '1', 1, '2017-11-14 16:56:11', 1, '2017-11-14 16:56:15');
INSERT INTO `auth_info` VALUES (3, 2, '', '', 3, '3', NULL, 'user-addUser', 0, '1', 1, '2017-11-14 16:56:59', 1, '2017-11-14 16:57:02');
INSERT INTO `auth_info` VALUES (4, 0, '', '', 1, '1', NULL, NULL, 0, '1', 1, '2017-11-14 16:57:48', 1, '2017-11-14 16:57:52');
INSERT INTO `auth_info` VALUES (5, 4, '', '', 2, '2', '/role/index', NULL, 0, '1', 1, '2017-11-14 16:58:47', 1, '2017-11-14 16:58:50');
INSERT INTO `auth_info` VALUES (6, 5, '', '', 3, '3', NULL, 'role-addRole', 0, '1', 1, '2017-11-14 16:59:25', 1, '2017-11-14 16:59:29');
INSERT INTO `auth_info` VALUES (7, 0, '', '', 1, '1', NULL, NULL, 0, '0', 1, '2017-11-14 17:00:13', 1, '2017-11-14 17:00:18');
INSERT INTO `auth_info` VALUES (8, 7, '', '', 2, '2', '/auth/index', NULL, 0, '1', 1, '2017-11-14 17:02:11', 1, '2017-11-14 17:02:14');
INSERT INTO `auth_info` VALUES (9, 8, '', '', 3, '3', NULL, 'auth-addAuth', 0, '1', 1, '2017-11-14 17:03:48', 1, '2017-11-14 17:03:52');
INSERT INTO `auth_info` VALUES (10, 2, '', '', 3, '3', '', 'user-deleteUser', 0, '1', 1, '2017-11-23 11:56:17', NULL, NULL);
INSERT INTO `auth_info` VALUES (19, 0, '', '', 1, '1', '', '', 0, '0', 1, '2017-11-23 17:31:08', NULL, NULL);
INSERT INTO `auth_info` VALUES (20, 19, '', '', 2, '2', '', '', 0, '0', 1, '2017-11-23 17:31:42', NULL, NULL);
INSERT INTO `auth_info` VALUES (21, 20, '', '', 3, '3', '', 'updateOrder', 0, '0', 0, '2017-11-24 14:33:23', NULL, NULL);
INSERT INTO `auth_info` VALUES (22, 20, '', '', 3, '3', '', 'auth-delete', 0, '0', 0, '2017-11-24 14:34:32', NULL, NULL);
INSERT INTO `auth_info` VALUES (23, 2, '', '', 3, '3', '', 'user-findUser', 0, '1', 1, '2017-11-28 10:10:53', NULL, NULL);
INSERT INTO `auth_info` VALUES (24, 2, '', '', 3, '3', '', 'user-updateUser', 0, '1', 0, '2017-11-28 10:12:51', NULL, NULL);
INSERT INTO `auth_info` VALUES (25, 2, '', '', 3, '3', '', 'user-assignRole', 0, '1', 1, '2017-11-28 10:15:27', NULL, NULL);
INSERT INTO `auth_info` VALUES (26, 2, '', '', 3, '3', '', 'user-updateAuth', 0, '1', 1, '2017-11-28 10:16:07', NULL, NULL);
INSERT INTO `auth_info` VALUES (27, 5, '', '', 3, '3', '', 'role-updateRole', 0, '1', 1, '2017-11-28 10:16:40', NULL, NULL);
INSERT INTO `auth_info` VALUES (28, 5, '', '', 3, '3', '', 'role-findRole', 0, '1', 1, '2017-11-28 10:17:12', NULL, NULL);
INSERT INTO `auth_info` VALUES (30, 5, '', '', 3, '3', '', 'role-deleteRole', 0, '1', 1, '2017-11-28 10:23:14', NULL, NULL);
INSERT INTO `auth_info` VALUES (31, 5, '', '', 3, '3', '', 'role-updateAuth', 0, '1', 1, '2017-11-28 10:24:35', NULL, NULL);
INSERT INTO `auth_info` VALUES (32, 8, '', '', 3, '3', '', 'auth-updateAuth', 0, '1', 1, '2017-11-28 10:25:08', NULL, NULL);
INSERT INTO `auth_info` VALUES (33, 8, '', '', 3, '3', NULL, 'auth-deleteAuth', 0, '1', 0, '2022-03-29 10:10:03', NULL, NULL);
INSERT INTO `auth_info` VALUES (34, 8, '', '', 3, '3', NULL, 'auth-restartAuth', 0, '1', 0, '2022-03-29 10:10:50', NULL, NULL);
INSERT INTO `auth_info` VALUES (35, 2, '', '', 3, '3', '', 'user-updateState', 0, '1', 1, '2017-11-28 10:49:40', NULL, NULL);
INSERT INTO `auth_info` VALUES (36, 2, '', '', 3, '3', '', 'user-resetPwd', 0, '1', 1, '2017-11-28 10:53:27', NULL, NULL);
INSERT INTO `auth_info` VALUES (37, 5, '', '', 3, '3', '', 'role-updateState', 0, '1', 1, '2017-11-28 11:12:23', NULL, NULL);
INSERT INTO `auth_info` VALUES (38, 19, '', '', 2, '2', '', '', 1, '0', 1, '2017-11-29 11:35:57', NULL, NULL);
INSERT INTO `auth_info` VALUES (41, 19, '', '', 2, '2', '', '', 1, '0', 1, '2017-11-29 11:56:04', NULL, NULL);
INSERT INTO `auth_info` VALUES (42, 0, '', '', 1, '1', '', '', 1, '1', 1, '2017-11-29 11:56:44', NULL, NULL);
INSERT INTO `auth_info` VALUES (43, 38, '', '', 3, '3', '', 'order-selectDetils', 1, '0', 1, '2017-11-29 11:57:29', NULL, NULL);
INSERT INTO `auth_info` VALUES (44, 38, '', '', 3, '3', '', 'order-updateDetils', 1, '0', 1, '2017-11-29 11:58:36', NULL, NULL);
INSERT INTO `auth_info` VALUES (46, 41, '', '', 3, '3', '', 'auth-flAuth', 1, '0', 1, '2017-11-30 15:16:02', NULL, NULL);
INSERT INTO `auth_info` VALUES (50, 42, '', '', 2, '2', '/commodity/index', '', 1, '1', 1, '2017-12-07 08:47:50', NULL, NULL);
INSERT INTO `auth_info` VALUES (53, 0, '', '', 1, '1', '', '', 1, '1', 1, '2017-12-11 14:53:02', NULL, NULL);
INSERT INTO `auth_info` VALUES (54, 0, '', '', 1, '1', '', '', 1, '1', 1, '2017-12-11 14:53:20', NULL, NULL);
INSERT INTO `auth_info` VALUES (55, 0, '', '', 1, '1', '', '', 1, '1', 1, '2017-12-11 14:53:31', NULL, NULL);
INSERT INTO `auth_info` VALUES (56, 53, '', '', 2, '2', '/purchase/index', '', 1, '1', 1, '2017-12-11 14:59:11', NULL, NULL);
INSERT INTO `auth_info` VALUES (57, 54, '', '', 2, '2', '/instore/index', '', 1, '1', 1, '2017-12-11 15:01:27', NULL, NULL);
INSERT INTO `auth_info` VALUES (58, 55, '', '', 2, '2', '/outstore/index', '', 1, '1', 1, '2017-12-11 15:02:03', NULL, NULL);
INSERT INTO `auth_info` VALUES (69, 0, '', '', 1, '1', '', '', 1, '1', 1, '2017-12-13 14:34:48', NULL, NULL);
INSERT INTO `auth_info` VALUES (70, 69, '', '', 2, '2', '/store/index', '', 1, '1', 1, '2017-12-13 14:36:32', NULL, NULL);
INSERT INTO `auth_info` VALUES (71, 68, '', '', 2, '2', '/transshipment/index', NULL, NULL, '1', NULL, NULL, NULL, NULL);
INSERT INTO `auth_info` VALUES (72, 0, '', '', 1, '1', '', '', 1, '1', 1, '2017-12-13 17:09:36', NULL, NULL);
INSERT INTO `auth_info` VALUES (74, 72, '', '', 2, '2', '/supply/index', '', 1, '1', 1, '2017-12-13 17:10:14', NULL, NULL);
INSERT INTO `auth_info` VALUES (76, 42, '', '', 2, '2', '/commodity/category', '', 1, '1', 1, '2017-12-14 11:16:38', NULL, NULL);
INSERT INTO `auth_info` VALUES (93, 50, '', '', 3, '3', '/product/product-page-list', 'select_product', 0, '1', 1, '2022-04-22 12:21:37', NULL, NULL);
INSERT INTO `auth_info` VALUES (94, 50, '', '', 3, '3', '/product/product-add', 'product-add', 0, '1', 1, '2022-04-22 12:23:17', NULL, NULL);
INSERT INTO `auth_info` VALUES (95, 57, '', '', 3, '3', '/instore/instore-confirm', 'instore-confirm', 0, '1', 1, '2022-04-22 12:25:36', NULL, NULL);
INSERT INTO `auth_info` VALUES (97, 50, '', '', 3, '3', '/purchase/purchase-add', 'purchase-add', 0, '1', 1, '2022-04-22 12:30:42', NULL, NULL);
INSERT INTO `auth_info` VALUES (98, 0, '', '', 1, '1', NULL, NULL, 0, '1', 1, NULL, NULL, NULL);
INSERT INTO `auth_info` VALUES (99, 98, '', '', 2, '2', '/contract/index', NULL, 1, '1', 1, '2023-09-19 16:22:53', NULL, NULL);
INSERT INTO `auth_info` VALUES (100, 0, '', '', 1, '1', NULL, NULL, 0, '1', 1, NULL, NULL, NULL);
INSERT INTO `auth_info` VALUES (101, 100, '', '', 2, '2', '/attendance/index', NULL, 1, '1', 1, NULL, NULL, NULL);
INSERT INTO `auth_info` VALUES (102, 0, '', '', 1, '1', NULL, NULL, 0, '1', NULL, NULL, NULL, NULL);
INSERT INTO `auth_info` VALUES (104, 102, '', '', 2, '2', '/task/index', NULL, 1, '1', 1, NULL, NULL, NULL);
INSERT INTO `auth_info` VALUES (105, 0, '', '', 1, '1', NULL, NULL, 0, '1', 1, '2023-11-08 16:54:00', NULL, NULL);
INSERT INTO `auth_info` VALUES (106, 105, '', '', 2, '2', '/summary/out', NULL, 1, '1', 1, '2023-11-08 16:54:46', NULL, NULL);
INSERT INTO `auth_info` VALUES (107, 105, '', '', 3, '3', '/summary/in', NULL, 1, '1', 1, '2023-11-08 16:56:31', NULL, NULL);
INSERT INTO `auth_info` VALUES (108, 0, '', '', 1, '1', NULL, NULL, 0, '1', 1, '2023-11-08 17:04:06', NULL, NULL);
INSERT INTO `auth_info` VALUES (109, 108, '', '', 2, '2', '/product/index', NULL, 1, '1', 1, '2023-11-08 17:04:39', NULL, NULL);
INSERT INTO `auth_info` VALUES (110, 108, '', '', 3, '3', '/ratio/index', NULL, 1, '1', 1, '2023-11-08 17:05:22', NULL, NULL);
INSERT INTO `auth_info` VALUES (111, 0, '', '', 0, '0', NULL, NULL, 1, '1', NULL, '2023-11-09 11:49:09', NULL, NULL);
INSERT INTO `auth_info` VALUES (112, 111, '', '', 1, '1', '/controller/index', NULL, 1, '1', NULL, '2023-11-09 11:49:40', NULL, NULL);
INSERT INTO `auth_info` VALUES (113, 105, '', '', 4, '4', '/settlement/index', NULL, 1, '1', NULL, '2023-11-10 11:39:06', NULL, NULL);

-- ----------------------------
-- Table structure for bus_log
-- ----------------------------
DROP TABLE IF EXISTS `bus_log`;
CREATE TABLE `bus_log`  (
  `id` bigint NOT NULL AUTO_INCREMENT COMMENT 'id',
  `bus_name` varchar(100) CHARACTER SET utf8 COLLATE utf8_general_ci NULL DEFAULT NULL COMMENT '',
  `bus_descrip` varchar(255) CHARACTER SET utf8 COLLATE utf8_general_ci NULL DEFAULT NULL COMMENT '',
  `oper_person` varchar(100) CHARACTER SET utf8 COLLATE utf8_general_ci NULL DEFAULT NULL COMMENT '',
  `oper_time` datetime NULL DEFAULT NULL COMMENT '',
  `ip_from` varchar(50) CHARACTER SET utf8 COLLATE utf8_general_ci NULL DEFAULT NULL COMMENT 'ip',
  PRIMARY KEY (`id`) USING BTREE
) ENGINE = InnoDB AUTO_INCREMENT = 173 CHARACTER SET = utf8 COLLATE = utf8_general_ci COMMENT = '' ROW_FORMAT = DYNAMIC;

-- ----------------------------
-- Records of bus_log
-- ----------------------------
INSERT INTO `bus_log` VALUES (89, '', '', '', '2023-10-17 15:34:26', NULL);
INSERT INTO `bus_log` VALUES (90, '', '', '', '2023-10-17 15:34:37', NULL);
INSERT INTO `bus_log` VALUES (91, '', '', '', '2023-10-17 15:34:47', NULL);
INSERT INTO `bus_log` VALUES (92, '', '', '', '2023-10-17 15:34:56', NULL);
INSERT INTO `bus_log` VALUES (93, '', '', '', '2023-10-17 15:36:47', NULL);
INSERT INTO `bus_log` VALUES (94, '', '', '', '2023-10-17 15:36:57', NULL);
INSERT INTO `bus_log` VALUES (95, '', '', '', '2023-10-17 15:37:03', NULL);
INSERT INTO `bus_log` VALUES (96, '', '', '', '2023-10-17 15:37:16', NULL);
INSERT INTO `bus_log` VALUES (97, '', '', '', '2023-10-17 15:37:17', NULL);
INSERT INTO `bus_log` VALUES (98, '', '', '', '2023-10-17 15:37:21', NULL);
INSERT INTO `bus_log` VALUES (99, '', '', '', '2023-10-17 15:43:08', NULL);
INSERT INTO `bus_log` VALUES (100, '', '', '', '2023-10-17 15:43:20', NULL);
INSERT INTO `bus_log` VALUES (101, '', '', '', '2023-10-17 15:50:53', NULL);
INSERT INTO `bus_log` VALUES (102, '', '', '', '2023-10-17 15:58:05', NULL);
INSERT INTO `bus_log` VALUES (103, '', '', '', '2023-10-17 15:59:40', NULL);
INSERT INTO `bus_log` VALUES (104, '', '', '', '2023-10-17 15:59:40', NULL);
INSERT INTO `bus_log` VALUES (105, '', '', '', '2023-10-17 15:59:44', NULL);
INSERT INTO `bus_log` VALUES (106, '', '', '', '2023-10-17 16:00:01', NULL);
INSERT INTO `bus_log` VALUES (107, '', '', NULL, '2023-10-17 16:14:53', NULL);
INSERT INTO `bus_log` VALUES (108, '', '', NULL, '2023-10-17 16:14:54', NULL);
INSERT INTO `bus_log` VALUES (109, '', '', NULL, '2023-10-17 16:14:58', NULL);
INSERT INTO `bus_log` VALUES (110, '', '', NULL, '2023-10-17 16:15:07', NULL);
INSERT INTO `bus_log` VALUES (111, '', '', NULL, '2023-10-17 16:15:10', NULL);
INSERT INTO `bus_log` VALUES (112, '', '', 'outadmin', '2023-10-17 16:15:16', NULL);
INSERT INTO `bus_log` VALUES (113, '', '', 'outadmin', '2023-10-17 16:16:58', NULL);
INSERT INTO `bus_log` VALUES (114, '', '', 'outadmin', '2023-10-17 16:17:02', NULL);
INSERT INTO `bus_log` VALUES (115, '', '', 'outadmin', '2023-10-17 16:17:05', NULL);
INSERT INTO `bus_log` VALUES (116, '', '', '', '2023-10-17 16:17:08', NULL);
INSERT INTO `bus_log` VALUES (117, '', '', '', '2023-10-17 16:18:04', NULL);
INSERT INTO `bus_log` VALUES (118, '', '', '', '2023-10-17 16:18:05', NULL);
INSERT INTO `bus_log` VALUES (119, '', '', '', '2023-10-17 16:18:10', NULL);
INSERT INTO `bus_log` VALUES (120, '', '', '', '2023-10-17 16:18:19', NULL);
INSERT INTO `bus_log` VALUES (121, '', '', '', '2023-10-17 16:18:39', NULL);
INSERT INTO `bus_log` VALUES (122, '', '', '', '2023-10-17 16:18:40', NULL);
INSERT INTO `bus_log` VALUES (123, '', '', '', '2023-10-17 16:18:44', NULL);
INSERT INTO `bus_log` VALUES (124, '', '', '', '2023-10-17 16:18:56', NULL);
INSERT INTO `bus_log` VALUES (125, '', '', '', '2023-10-17 16:19:00', NULL);
INSERT INTO `bus_log` VALUES (126, '', '', 'puradmin', '2023-10-17 16:19:05', NULL);
INSERT INTO `bus_log` VALUES (127, '', '', 'puradmin', '2023-10-17 16:19:46', NULL);
INSERT INTO `bus_log` VALUES (128, '', '', 'inadmin', '2023-10-17 16:19:54', NULL);
INSERT INTO `bus_log` VALUES (129, '', '', 'inadmin', '2023-10-17 16:20:14', NULL);
INSERT INTO `bus_log` VALUES (130, '', '', 'puradmin', '2023-10-17 16:20:23', NULL);
INSERT INTO `bus_log` VALUES (131, '', '', 'puradmin', '2023-10-17 16:20:49', NULL);
INSERT INTO `bus_log` VALUES (132, '', '', 'puradmin', '2023-10-17 16:24:01', NULL);
INSERT INTO `bus_log` VALUES (133, '', '', 'puradmin', '2023-10-17 16:24:07', NULL);
INSERT INTO `bus_log` VALUES (134, '', '', '', '2023-10-17 16:24:12', NULL);
INSERT INTO `bus_log` VALUES (135, '', '', '', '2023-10-17 16:27:26', NULL);
INSERT INTO `bus_log` VALUES (136, '', '', '', '2023-10-17 16:27:46', NULL);
INSERT INTO `bus_log` VALUES (137, '', '', '', '2023-10-17 16:27:46', NULL);
INSERT INTO `bus_log` VALUES (138, '', '', '', '2023-10-17 16:28:13', NULL);
INSERT INTO `bus_log` VALUES (139, '', '', 'puradmin', '2023-10-17 16:28:18', NULL);
INSERT INTO `bus_log` VALUES (140, '', '', 'puradmin', '2023-10-17 16:29:39', NULL);
INSERT INTO `bus_log` VALUES (141, '', '', 'puradmin', '2023-10-17 16:29:46', NULL);
INSERT INTO `bus_log` VALUES (142, '', '', 'puradmin', '2023-10-17 16:29:54', NULL);
INSERT INTO `bus_log` VALUES (143, '', '', 'inadmin', '2023-10-17 16:29:59', NULL);
INSERT INTO `bus_log` VALUES (144, '', '', 'inadmin', '2023-10-17 16:30:09', NULL);
INSERT INTO `bus_log` VALUES (145, '', '', 'puradmin', '2023-10-17 16:30:13', NULL);
INSERT INTO `bus_log` VALUES (146, '', '', 'puradmin', '2023-10-17 16:31:38', NULL);
INSERT INTO `bus_log` VALUES (147, '', '', 'inadmin', '2023-10-17 16:31:44', NULL);
INSERT INTO `bus_log` VALUES (148, '', '', 'inadmin', '2023-10-17 16:31:49', NULL);
INSERT INTO `bus_log` VALUES (149, '', '', '', '2023-10-17 16:31:53', NULL);
INSERT INTO `bus_log` VALUES (150, '', '', '', '2023-10-17 16:32:05', NULL);
INSERT INTO `bus_log` VALUES (151, '', '', '', '2023-10-17 16:32:06', NULL);
INSERT INTO `bus_log` VALUES (152, '', '', 'puradmin', '2023-10-17 16:32:35', NULL);
INSERT INTO `bus_log` VALUES (153, '', '', 'puradmin', '2023-10-17 16:33:33', NULL);
INSERT INTO `bus_log` VALUES (154, '', '', 'inadmin', '2023-10-17 16:33:42', NULL);
INSERT INTO `bus_log` VALUES (155, '', '', 'inadmin', '2023-10-17 16:35:12', NULL);
INSERT INTO `bus_log` VALUES (156, '', '', 'puradmin', '2023-10-17 16:35:18', NULL);
INSERT INTO `bus_log` VALUES (157, '', '', 'puradmin', '2023-10-17 16:36:19', NULL);
INSERT INTO `bus_log` VALUES (158, '', '', 'inadmin', '2023-10-17 16:36:25', NULL);
INSERT INTO `bus_log` VALUES (159, '', '', 'inadmin', '2023-10-17 16:37:05', NULL);
INSERT INTO `bus_log` VALUES (160, '', '', 'inadmin', '2023-10-17 16:37:08', NULL);
INSERT INTO `bus_log` VALUES (161, '', '', '', '2023-10-17 16:37:11', NULL);
INSERT INTO `bus_log` VALUES (162, '', '', '', '2023-10-17 16:37:16', NULL);
INSERT INTO `bus_log` VALUES (163, '', '', '', '2023-10-17 16:37:46', NULL);
INSERT INTO `bus_log` VALUES (164, '', '', '', '2023-10-17 16:38:35', NULL);
INSERT INTO `bus_log` VALUES (165, '', '', 'outadmin', '2023-10-17 16:38:41', NULL);
INSERT INTO `bus_log` VALUES (166, '', '', 'outadmin', '2023-10-17 16:40:39', NULL);
INSERT INTO `bus_log` VALUES (167, '', '', 'outadmin', '2023-10-17 16:41:02', NULL);
INSERT INTO `bus_log` VALUES (168, '', '', 'outadmin', '2023-10-17 16:41:05', NULL);
INSERT INTO `bus_log` VALUES (169, '', '', '', '2023-10-17 16:41:08', NULL);
INSERT INTO `bus_log` VALUES (170, '', '', '', '2023-10-19 14:35:18', NULL);
INSERT INTO `bus_log` VALUES (171, '', '', '', '2023-10-19 14:46:08', NULL);
INSERT INTO `bus_log` VALUES (172, '', '', '', '2023-10-19 14:48:39', NULL);
INSERT INTO `bus_log` VALUES (173, '', '', '', '2023-10-19 14:48:59', NULL);

-- ----------------------------
-- Table structure for buy_list
-- ----------------------------
DROP TABLE IF EXISTS `buy_list`;
CREATE TABLE `buy_list`  (
  `buy_id` int NOT NULL AUTO_INCREMENT COMMENT 'id',
  `material_id` int NULL DEFAULT NULL COMMENT 'id',
  `store_id` int NULL DEFAULT NULL COMMENT 'id',
  `supply_id` int NULL DEFAULT NULL COMMENT 'id',
  `buy_num` int NULL DEFAULT NULL COMMENT '',
  `fact_buy_num` int NULL DEFAULT NULL COMMENT '',
  `buy_time` datetime NULL DEFAULT NULL COMMENT '',
  `buy_user` varchar(20) CHARACTER SET utf8 COLLATE utf8_general_ci NULL DEFAULT NULL COMMENT '',
  `phone` varchar(20) CHARACTER SET utf8 COLLATE utf8_general_ci NULL DEFAULT NULL COMMENT '',
  `contract_id` int NULL DEFAULT NULL COMMENT 'id',
  `is_in` char(1) CHARACTER SET utf8 COLLATE utf8_general_ci NULL DEFAULT NULL COMMENT '0  1  2  3',
  `reason` varchar(255) CHARACTER SET utf8 COLLATE utf8_general_ci NULL DEFAULT NULL COMMENT '',
  PRIMARY KEY (`buy_id`) USING BTREE
) ENGINE = InnoDB AUTO_INCREMENT = 73 CHARACTER SET = utf8 COLLATE = utf8_general_ci COMMENT = '' ROW_FORMAT = DYNAMIC;

-- ----------------------------
-- Records of buy_list
-- ----------------------------
INSERT INTO `buy_list` VALUES (67, 42, 5, 10, 20, 20, '2023-11-08 16:05:20', '', '12312312312', 130, '3', NULL);
INSERT INTO `buy_list` VALUES (68, 36, 5, 8, 20, 20, '2023-11-08 16:12:06', '', '18822193131', 130, '3', NULL);
INSERT INTO `buy_list` VALUES (69, 36, 5, 8, 10, 10, '2023-11-09 11:38:01', '', '084957', 133, '3', NULL);
INSERT INTO `buy_list` VALUES (70, 38, 5, 7, 100, 100, '2023-11-09 13:53:00', '', '12312312312', 134, '3', NULL);
INSERT INTO `buy_list` VALUES (71, 37, 5, 10, 100, 100, '2023-11-13 10:47:59', '', '12312312312', 136, '3', NULL);
INSERT INTO `buy_list` VALUES (72, 36, 5, 8, 100, 100, '2023-11-14 09:47:48', '', '084957', 139, '3', NULL);

-- ----------------------------
-- Table structure for checkin
-- ----------------------------
DROP TABLE IF EXISTS `checkin`;
CREATE TABLE `checkin`  (
  `id` int UNSIGNED NOT NULL AUTO_INCREMENT,
  `user_id` int UNSIGNED NULL DEFAULT NULL,
  `address` varchar(255) CHARACTER SET utf8mb4 COLLATE utf8mb4_0900_ai_ci NULL DEFAULT NULL,
  `country` varchar(255) CHARACTER SET utf8mb4 COLLATE utf8mb4_0900_ai_ci NULL DEFAULT NULL,
  `province` varchar(255) CHARACTER SET utf8mb4 COLLATE utf8mb4_0900_ai_ci NULL DEFAULT NULL,
  `city` varchar(255) CHARACTER SET utf8mb4 COLLATE utf8mb4_0900_ai_ci NULL DEFAULT NULL,
  `district` varchar(255) CHARACTER SET utf8mb4 COLLATE utf8mb4_0900_ai_ci NULL DEFAULT NULL,
  `status` tinyint UNSIGNED NULL DEFAULT NULL,
  `risk` int UNSIGNED NULL DEFAULT NULL,
  `date` date NULL DEFAULT NULL,
  `create_time` datetime NULL DEFAULT NULL,
  PRIMARY KEY (`id`) USING BTREE
) ENGINE = InnoDB CHARACTER SET = utf8mb4 COLLATE = utf8mb4_0900_ai_ci ROW_FORMAT = DYNAMIC;

-- ----------------------------
-- Records of checkin
-- ----------------------------

-- ----------------------------
-- Table structure for contract
-- ----------------------------
DROP TABLE IF EXISTS `contract`;
CREATE TABLE `contract`  (
  `contract_id` int NOT NULL AUTO_INCREMENT COMMENT 'id',
  `contract_name` varchar(100) CHARACTER SET utf8 COLLATE utf8_general_ci NULL DEFAULT NULL COMMENT '',
  `caterial_id` int NULL DEFAULT NULL COMMENT 'id',
  `product_id` int NULL DEFAULT NULL COMMENT 'id',
  `product_num` double NULL DEFAULT NULL COMMENT '',
  `start_time` date NULL DEFAULT NULL COMMENT '',
  `end_time` date NULL DEFAULT NULL COMMENT '',
  `work_region` varchar(255) CHARACTER SET utf8 COLLATE utf8_general_ci NULL DEFAULT NULL COMMENT '',
  `product_material_id` int NULL DEFAULT NULL COMMENT '',
  `contract_state` char(1) CHARACTER SET utf8 COLLATE utf8_general_ci NULL DEFAULT NULL COMMENT '01  2  3  4',
  `if_purchase` char(1) CHARACTER SET utf8 COLLATE utf8_general_ci NULL DEFAULT NULL COMMENT '01',
  `files` varchar(500) CHARACTER SET utf8 COLLATE utf8_general_ci NULL DEFAULT NULL COMMENT '',
  `create_time` datetime NULL DEFAULT NULL COMMENT '',
  `update_time` datetime NULL DEFAULT NULL COMMENT '',
  PRIMARY KEY (`contract_id`) USING BTREE
) ENGINE = InnoDB AUTO_INCREMENT = 140 CHARACTER SET = utf8 COLLATE = utf8_general_ci COMMENT = '' ROW_FORMAT = DYNAMIC;

-- ----------------------------
-- Records of contract
-- ----------------------------
INSERT INTO `contract` VALUES (130, 'AC-20', NULL, 36, 100, '2023-11-01', '2023-11-30', '', NULL, '4', '1', 'D:/project/warehouse/image/contracthttp://localhost:9999/warehouse/contract/download-image/OIP.jpg', '2023-11-08 15:48:25', '2023-11-08 15:49:18');
INSERT INTO `contract` VALUES (131, 'AC20', NULL, 36, 100, '2023-11-02', '2023-11-16', '', NULL, '4', '0', 'D:/project/warehouse/image/contract\\OIP.jpg', '2023-11-09 09:45:35', '2023-11-09 09:54:30');
INSERT INTO `contract` VALUES (132, 'AC202', NULL, 36, 10, '2023-11-01', '2023-11-16', '', NULL, '4', '0', 'D:/project/warehouse/image/contract\\OIP.jpg', '2023-11-09 09:59:31', '2023-11-09 10:02:25');
INSERT INTO `contract` VALUES (133, 'AC-10', NULL, 37, 100, '2023-11-09', '2023-11-17', '', NULL, '4', '1', 'D:/project/warehouse/image/contract\\OIP.jpg', '2023-11-09 11:36:55', '2023-11-09 11:39:54');
INSERT INTO `contract` VALUES (134, 'AC10', NULL, 37, 100, '2023-11-08', '2023-11-23', '', NULL, '4', '1', 'D:/project/warehouse/image/contract\\OIP.jpg', '2023-11-09 12:01:50', '2023-11-09 13:59:18');
INSERT INTO `contract` VALUES (135, '', NULL, 36, 52, '2023-11-01', '2023-11-30', '7', NULL, '4', '0', 'D:/project/warehouse/image/contract\\OIP.jpg', '2023-11-09 15:25:46', '2023-11-10 11:12:57');
INSERT INTO `contract` VALUES (136, 'AC-10', NULL, 37, 123, '2023-11-01', '2023-11-13', '7', NULL, '4', '1', 'D:/project/warehouse/image/contract\\OIP.jpg', '2023-11-13 09:52:57', '2023-11-13 11:19:15');
INSERT INTO `contract` VALUES (137, 'AC-10-11', NULL, 37, 123, '2023-11-01', '2023-11-15', '6', NULL, '4', '0', 'D:/project/warehouse/image/contract\\yazio.jpg', '2023-11-13 11:21:54', '2023-11-13 11:56:47');
INSERT INTO `contract` VALUES (138, 'AC-10-12', NULL, 37, 123, '2023-11-01', '2023-11-13', '', NULL, '3', '0', 'D:/project/warehouse/image/contract\\OIP.jpg', '2023-11-13 11:42:12', '2023-11-13 11:46:37');
INSERT INTO `contract` VALUES (139, 'AC-20-11', NULL, 36, 123, '2023-11-01', '2023-11-15', '7', NULL, '2', '1', 'D:/project/warehouse/image/contract\\OIP.jpg', '2023-11-14 09:47:13', '2023-11-14 09:47:26');

-- ----------------------------
-- Table structure for face_model
-- ----------------------------
DROP TABLE IF EXISTS `face_model`;
CREATE TABLE `face_model`  (
  `id` int UNSIGNED NULL DEFAULT NULL,
  `user_id` int UNSIGNED NULL DEFAULT NULL,
  `face_model` text CHARACTER SET utf8mb4 COLLATE utf8mb4_0900_ai_ci NULL
) ENGINE = InnoDB CHARACTER SET = utf8mb4 COLLATE = utf8mb4_0900_ai_ci ROW_FORMAT = DYNAMIC;

-- ----------------------------
-- Records of face_model
-- ----------------------------
INSERT INTO `face_model` VALUES (1, 1, '/images/1.jpg');

-- ----------------------------
-- Table structure for flow
-- ----------------------------
DROP TABLE IF EXISTS `flow`;
CREATE TABLE `flow`  (
  `id` int NOT NULL AUTO_INCREMENT COMMENT 'id',
  `instance_id` varchar(255) CHARACTER SET utf8mb4 COLLATE utf8mb4_general_ci NULL DEFAULT NULL COMMENT 'id',
  `contract_id` int NULL DEFAULT NULL COMMENT 'id',
  `purchase_id` int NULL DEFAULT NULL COMMENT 'id',
  `in_store_id` int NULL DEFAULT NULL COMMENT 'id',
  `out_store_id` int NULL DEFAULT NULL COMMENT 'id',
  `state` int NULL DEFAULT NULL COMMENT '1=0=',
  `reason` varchar(255) CHARACTER SET utf8mb4 COLLATE utf8mb4_general_ci NULL DEFAULT NULL COMMENT '',
  `create_time` datetime NULL DEFAULT NULL COMMENT '',
  PRIMARY KEY (`id`) USING BTREE
) ENGINE = InnoDB AUTO_INCREMENT = 78 CHARACTER SET = utf8mb4 COLLATE = utf8mb4_general_ci ROW_FORMAT = DYNAMIC;

-- ----------------------------
-- Records of flow
-- ----------------------------
INSERT INTO `flow` VALUES (62, '32b8b594-7e0b-11ee-8f85-48a47209a1e7', 130, NULL, NULL, NULL, 1, NULL, '2023-11-08 15:48:25');
INSERT INTO `flow` VALUES (65, 'aa66f613-7ea2-11ee-9b02-48a47209a1e7', 131, NULL, NULL, NULL, 0, NULL, '2023-11-09 09:52:40');
INSERT INTO `flow` VALUES (66, '9fb0d893-7ea3-11ee-9b02-48a47209a1e7', 132, NULL, NULL, NULL, 0, NULL, '2023-11-09 09:59:31');
INSERT INTO `flow` VALUES (68, '52167b14-7eb1-11ee-83ef-48a47209a1e7', 133, NULL, NULL, NULL, 1, NULL, '2023-11-09 11:37:34');
INSERT INTO `flow` VALUES (70, 'b9ddfc0e-7eb4-11ee-83ef-48a47209a1e7', 134, NULL, NULL, NULL, 1, NULL, '2023-11-09 12:01:57');
INSERT INTO `flow` VALUES (71, '32f70cc3-7ed1-11ee-9c08-48a47209a1e7', 135, NULL, NULL, NULL, 0, NULL, '2023-11-09 15:25:46');
INSERT INTO `flow` VALUES (73, '4afb5c69-81cd-11ee-8386-48a47209a1e7', 136, NULL, NULL, NULL, 1, NULL, '2023-11-13 10:35:22');
INSERT INTO `flow` VALUES (74, 'cb1d6dd7-81d3-11ee-90b5-48a47209a1e7', 137, NULL, NULL, NULL, 0, NULL, '2023-11-13 11:21:54');
INSERT INTO `flow` VALUES (76, 'a12784cd-81d6-11ee-90b5-48a47209a1e7', 138, NULL, NULL, NULL, 0, NULL, '2023-11-13 11:42:12');
INSERT INTO `flow` VALUES (77, 'bbae71a3-828f-11ee-ae8d-48a47209a1e7', 139, NULL, NULL, NULL, 1, NULL, '2023-11-14 09:47:13');

-- ----------------------------
-- Table structure for holidays
-- ----------------------------
DROP TABLE IF EXISTS `holidays`;
CREATE TABLE `holidays`  (
  `id` int UNSIGNED NULL DEFAULT NULL,
  `date` date NULL DEFAULT NULL
) ENGINE = InnoDB CHARACTER SET = utf8mb4 COLLATE = utf8mb4_0900_ai_ci ROW_FORMAT = DYNAMIC;

-- ----------------------------
-- Records of holidays
-- ----------------------------

-- ----------------------------
-- Table structure for in_store
-- ----------------------------
DROP TABLE IF EXISTS `in_store`;
CREATE TABLE `in_store`  (
  `ins_id` int NOT NULL AUTO_INCREMENT COMMENT 'id',
  `store_id` int NULL DEFAULT NULL COMMENT 'id',
  `material_id` int NULL DEFAULT NULL COMMENT 'id',
  `in_num` double NOT NULL COMMENT '/',
  `relative_num` int NULL DEFAULT NULL COMMENT '',
  `price` decimal(10, 2) NULL DEFAULT NULL COMMENT '',
  `freight` decimal(10, 2) NULL DEFAULT NULL COMMENT '',
  `car_number` varchar(50) CHARACTER SET utf8 COLLATE utf8_general_ci NULL DEFAULT NULL COMMENT '',
  `contract_id` int NULL DEFAULT NULL COMMENT 'id',
  `supply_id` int NULL DEFAULT NULL COMMENT 'id',
  `remarks` varchar(255) CHARACTER SET utf8 COLLATE utf8_general_ci NULL DEFAULT NULL COMMENT '',
  `create_by` int NULL DEFAULT NULL COMMENT '',
  `create_time` datetime NULL DEFAULT NULL COMMENT '',
  `is_in` char(1) CHARACTER SET utf8 COLLATE utf8_general_ci NULL DEFAULT NULL COMMENT '0  1 ',
  PRIMARY KEY (`ins_id`) USING BTREE
) ENGINE = InnoDB AUTO_INCREMENT = 67 CHARACTER SET = utf8 COLLATE = utf8_general_ci COMMENT = '' ROW_FORMAT = DYNAMIC;

-- ----------------------------
-- Records of in_store
-- ----------------------------
INSERT INTO `in_store` VALUES (61, 5, 36, 20, 20, 16.70, NULL, '123123', 130, 8, NULL, 1, '2023-11-08 16:26:07', '1');
INSERT INTO `in_store` VALUES (62, 5, 42, 20, 20, 27.90, NULL, '1123123', 130, 10, NULL, 1, '2023-11-08 16:26:08', '1');
INSERT INTO `in_store` VALUES (63, 5, 36, 10, 10, 16.70, NULL, '123123', 133, 8, NULL, 1, '2023-11-09 11:38:48', '1');
INSERT INTO `in_store` VALUES (64, 5, 38, 100, 100, 12.80, NULL, '1123123', 134, 7, NULL, 1, '2023-11-09 13:55:34', '1');
INSERT INTO `in_store` VALUES (65, 5, 37, 100, 100, 11.10, 10.00, '123123', 136, 10, NULL, 38, '2023-11-13 11:10:19', '1');
INSERT INTO `in_store` VALUES (66, 5, 36, 100, 100, 16.70, NULL, '123123', 139, 8, NULL, 1, '2023-11-14 09:54:55', '1');

-- ----------------------------
-- Table structure for inspection
-- ----------------------------
DROP TABLE IF EXISTS `inspection`;
CREATE TABLE `inspection`  (
  `id` int NOT NULL AUTO_INCREMENT COMMENT 'id',
  `material_id` int NULL DEFAULT NULL COMMENT 'id',
  `supply_id` int NULL DEFAULT NULL COMMENT 'id',
  `inspection_result` char(1) CHARACTER SET utf8mb4 COLLATE utf8mb4_0900_ai_ci NULL DEFAULT NULL COMMENT '0 1',
  `create_time` datetime NULL DEFAULT NULL COMMENT '',
  `create_by` int NULL DEFAULT NULL COMMENT '',
  `update_time` datetime NULL DEFAULT NULL COMMENT '',
  `update_by` int NULL DEFAULT NULL COMMENT '',
  PRIMARY KEY (`id`) USING BTREE
) ENGINE = InnoDB AUTO_INCREMENT = 11 CHARACTER SET = utf8mb4 COLLATE = utf8mb4_0900_ai_ci ROW_FORMAT = DYNAMIC;

-- ----------------------------
-- Records of inspection
-- ----------------------------
INSERT INTO `inspection` VALUES (1, 36, 6, '1', NULL, NULL, NULL, NULL);
INSERT INTO `inspection` VALUES (2, 33, 6, '1', NULL, NULL, NULL, NULL);
INSERT INTO `inspection` VALUES (3, 36, 7, '1', NULL, NULL, NULL, NULL);
INSERT INTO `inspection` VALUES (4, 33, 7, '1', NULL, NULL, NULL, NULL);
INSERT INTO `inspection` VALUES (5, 37, 6, '1', NULL, NULL, NULL, NULL);
INSERT INTO `inspection` VALUES (6, 38, 6, '1', NULL, NULL, NULL, NULL);
INSERT INTO `inspection` VALUES (7, 39, 6, '1', NULL, NULL, NULL, NULL);
INSERT INTO `inspection` VALUES (8, 40, 6, '1', NULL, NULL, NULL, NULL);
INSERT INTO `inspection` VALUES (9, 42, 6, '1', NULL, NULL, NULL, NULL);
INSERT INTO `inspection` VALUES (10, 43, 6, '1', NULL, NULL, NULL, NULL);

-- ----------------------------
-- Table structure for material
-- ----------------------------
DROP TABLE IF EXISTS `material`;
CREATE TABLE `material`  (
  `material_id` int NOT NULL AUTO_INCREMENT COMMENT 'id',
  `store_id` int NULL DEFAULT NULL COMMENT 'id',
  `material_name` varchar(200) CHARACTER SET utf8 COLLATE utf8_general_ci NULL DEFAULT NULL COMMENT '',
  `material_num` decimal(10, 2) NULL DEFAULT NULL COMMENT '',
  `unit_id` int NULL DEFAULT NULL COMMENT 'id',
  `introduce` longtext CHARACTER SET utf8 COLLATE utf8_general_ci NULL COMMENT '',
  `create_time` datetime NULL DEFAULT NULL COMMENT '',
  `update_time` datetime NULL DEFAULT NULL COMMENT '',
  `create_by` int NULL DEFAULT NULL COMMENT '',
  `update_by` int NULL DEFAULT NULL COMMENT '',
  PRIMARY KEY (`material_id`) USING BTREE
) ENGINE = InnoDB AUTO_INCREMENT = 44 CHARACTER SET = utf8 COLLATE = utf8_general_ci COMMENT = '' ROW_FORMAT = DYNAMIC;

-- ----------------------------
-- Records of material
-- ----------------------------
INSERT INTO `material` VALUES (35, 5, '', 100.00, 8, '', '2023-10-23 10:19:26', '2023-10-23 10:37:32', 1, 1);
INSERT INTO `material` VALUES (36, 5, '7-10', 163.10, 8, '', '2023-10-25 08:54:58', NULL, 1, NULL);
INSERT INTO `material` VALUES (37, 5, '4-7', 61.87, 8, '', '2023-10-25 08:55:09', '2023-11-08 15:26:28', 1, 1);
INSERT INTO `material` VALUES (38, 5, '0-4', 56.95, 8, '', '2023-10-25 08:56:50', '2023-11-08 15:26:23', 1, 1);
INSERT INTO `material` VALUES (39, 5, '', 95.08, 8, '', '2023-10-25 08:57:12', NULL, 1, NULL);
INSERT INTO `material` VALUES (40, 5, '', 95.20, 8, '', '2023-10-25 08:57:23', NULL, 1, NULL);
INSERT INTO `material` VALUES (42, 5, '16-22', 100.00, 8, '', '2023-11-08 09:34:22', NULL, 1, NULL);
INSERT INTO `material` VALUES (43, 5, '10-16', 86.86, 8, '', '2023-11-08 09:34:33', NULL, 1, NULL);

-- ----------------------------
-- Table structure for material_supply
-- ----------------------------
DROP TABLE IF EXISTS `material_supply`;
CREATE TABLE `material_supply`  (
  `id` int NOT NULL AUTO_INCREMENT,
  `material_id` int NULL DEFAULT NULL COMMENT 'id',
  `supply_id` int NULL DEFAULT NULL COMMENT 'id',
  `quotation` decimal(10, 2) NULL DEFAULT NULL COMMENT '',
  PRIMARY KEY (`id`) USING BTREE
) ENGINE = InnoDB AUTO_INCREMENT = 141 CHARACTER SET = utf8mb4 COLLATE = utf8mb4_0900_ai_ci ROW_FORMAT = DYNAMIC;

-- ----------------------------
-- Records of material_supply
-- ----------------------------
INSERT INTO `material_supply` VALUES (80, 42, 13, 38.10);
INSERT INTO `material_supply` VALUES (81, 42, 10, 27.90);
INSERT INTO `material_supply` VALUES (82, 42, 15, 15.70);
INSERT INTO `material_supply` VALUES (83, 42, 11, 46.10);
INSERT INTO `material_supply` VALUES (84, 38, 8, 31.40);
INSERT INTO `material_supply` VALUES (85, 37, 9, 39.80);
INSERT INTO `material_supply` VALUES (86, 43, 8, 12.00);
INSERT INTO `material_supply` VALUES (88, 42, 6, 20.50);
INSERT INTO `material_supply` VALUES (89, 35, 10, 29.40);
INSERT INTO `material_supply` VALUES (90, 43, 11, 33.20);
INSERT INTO `material_supply` VALUES (91, 37, 14, 21.30);
INSERT INTO `material_supply` VALUES (92, 35, 11, 36.00);
INSERT INTO `material_supply` VALUES (93, 39, 10, 10.20);
INSERT INTO `material_supply` VALUES (94, 36, 15, 33.00);
INSERT INTO `material_supply` VALUES (95, 39, 15, 13.60);
INSERT INTO `material_supply` VALUES (97, 40, 11, 35.80);
INSERT INTO `material_supply` VALUES (99, 42, 14, 21.00);
INSERT INTO `material_supply` VALUES (100, 35, 6, 16.50);
INSERT INTO `material_supply` VALUES (101, 36, 8, 16.70);
INSERT INTO `material_supply` VALUES (105, 38, 13, 29.40);
INSERT INTO `material_supply` VALUES (106, 37, 10, 11.10);
INSERT INTO `material_supply` VALUES (110, 40, 10, 24.60);
INSERT INTO `material_supply` VALUES (111, 38, 11, 27.10);
INSERT INTO `material_supply` VALUES (113, 38, 10, 18.40);
INSERT INTO `material_supply` VALUES (114, 35, 12, 18.60);
INSERT INTO `material_supply` VALUES (116, 36, 11, 47.50);
INSERT INTO `material_supply` VALUES (117, 35, 15, 40.60);
INSERT INTO `material_supply` VALUES (120, 37, 7, 13.80);
INSERT INTO `material_supply` VALUES (121, 38, 7, 12.80);
INSERT INTO `material_supply` VALUES (122, 40, 6, 41.80);
INSERT INTO `material_supply` VALUES (123, 39, 9, 42.70);
INSERT INTO `material_supply` VALUES (125, 42, 9, 13.00);
INSERT INTO `material_supply` VALUES (127, 36, 13, 18.90);
INSERT INTO `material_supply` VALUES (130, 38, 12, 22.10);
INSERT INTO `material_supply` VALUES (136, 35, 7, 36.80);
INSERT INTO `material_supply` VALUES (139, 43, 9, 31.30);
INSERT INTO `material_supply` VALUES (140, 39, 12, 10.30);

-- ----------------------------
-- Table structure for out_store
-- ----------------------------
DROP TABLE IF EXISTS `out_store`;
CREATE TABLE `out_store`  (
  `outs_id` int NOT NULL AUTO_INCREMENT COMMENT 'id',
  `product_id` int NULL DEFAULT NULL COMMENT 'id',
  `store_id` int NULL DEFAULT NULL COMMENT 'id',
  `out_num` double NULL DEFAULT NULL COMMENT '',
  `sale_price` decimal(10, 2) NULL DEFAULT NULL COMMENT '',
  `work_region` varchar(255) CHARACTER SET utf8 COLLATE utf8_general_ci NULL DEFAULT NULL COMMENT '',
  `custom` varchar(200) CHARACTER SET utf8 COLLATE utf8_general_ci NULL DEFAULT NULL COMMENT '',
  `contract_id` int NULL DEFAULT NULL COMMENT 'id',
  `car_number` varchar(50) CHARACTER SET utf8 COLLATE utf8_general_ci NULL DEFAULT NULL COMMENT '',
  `remarks` varchar(255) CHARACTER SET utf8 COLLATE utf8_general_ci NULL DEFAULT NULL COMMENT '',
  `create_by` int NULL DEFAULT NULL COMMENT '',
  `create_time` datetime NULL DEFAULT NULL COMMENT '',
  `is_out` char(1) CHARACTER SET utf8 COLLATE utf8_general_ci NULL DEFAULT NULL COMMENT '0  1 ',
  PRIMARY KEY (`outs_id`) USING BTREE
) ENGINE = InnoDB AUTO_INCREMENT = 46 CHARACTER SET = utf8 COLLATE = utf8_general_ci COMMENT = '' ROW_FORMAT = DYNAMIC;

-- ----------------------------
-- Records of out_store
-- ----------------------------
INSERT INTO `out_store` VALUES (33, 36, 5, 20, 10.00, '', '', 130, '123123', NULL, 1, '2023-11-08 16:33:58', '1');
INSERT INTO `out_store` VALUES (34, 36, 5, 30, 10.00, '', '', 130, '123123', NULL, 1, '2023-11-08 16:36:37', '1');
INSERT INTO `out_store` VALUES (35, 36, 5, 50, 10.00, '', '6', 130, '123123', NULL, 1, '2023-11-08 16:41:27', '1');
INSERT INTO `out_store` VALUES (36, 36, 5, 100, 10.00, '', '', 131, '123123', NULL, 1, '2023-11-09 09:54:25', '1');
INSERT INTO `out_store` VALUES (37, 36, 5, 10, 10.00, '', '', 132, '123123', NULL, 1, '2023-11-09 10:01:54', '1');
INSERT INTO `out_store` VALUES (38, 37, 5, 100, 20.00, '', '', 133, '123123', NULL, 1, '2023-11-09 11:39:38', '1');
INSERT INTO `out_store` VALUES (39, 37, 5, 100, 20.00, '', '', 134, '12313', NULL, 1, '2023-11-09 13:58:55', '1');
INSERT INTO `out_store` VALUES (40, 36, 5, 52, 10.00, '7', '7', 135, '123123', NULL, 1, '2023-11-09 15:26:37', '1');
INSERT INTO `out_store` VALUES (41, 37, 5, 123, 10.00, '7', '7', 136, '123123', NULL, 37, '2023-11-13 11:15:07', '1');
INSERT INTO `out_store` VALUES (42, 37, 5, 23, 10.00, '6', '6', 137, '123123', NULL, 1, '2023-11-13 11:23:05', '1');
INSERT INTO `out_store` VALUES (43, 37, 5, 23, 10.00, '6', '6', 137, '123123', NULL, 1, '2023-11-13 11:31:50', '1');
INSERT INTO `out_store` VALUES (44, 37, 5, 77, 10.00, '6', '', 137, '123123', NULL, 1, '2023-11-13 11:32:48', '1');
INSERT INTO `out_store` VALUES (45, 37, 5, 123, 10.00, '', '', 138, '123123', NULL, 1, '2023-11-13 11:43:15', '1');

-- ----------------------------
-- Table structure for product
-- ----------------------------
DROP TABLE IF EXISTS `product`;
CREATE TABLE `product`  (
  `product_id` int NOT NULL AUTO_INCREMENT COMMENT 'id',
  `store_id` int NULL DEFAULT NULL COMMENT 'id',
  `product_name` varchar(200) CHARACTER SET utf8 COLLATE utf8_general_ci NULL DEFAULT NULL COMMENT '',
  `product_num` varchar(50) CHARACTER SET utf8 COLLATE utf8_general_ci NULL DEFAULT NULL COMMENT '',
  `unit_id` int NULL DEFAULT NULL COMMENT '',
  `sale_price` decimal(10, 2) NULL DEFAULT NULL COMMENT '',
  `create_time` datetime NULL DEFAULT NULL COMMENT '',
  `update_time` datetime NULL DEFAULT NULL COMMENT '',
  `create_by` int NULL DEFAULT NULL COMMENT '',
  `update_by` int NULL DEFAULT NULL COMMENT '',
  PRIMARY KEY (`product_id`) USING BTREE
) ENGINE = InnoDB AUTO_INCREMENT = 40 CHARACTER SET = utf8 COLLATE = utf8_general_ci COMMENT = '' ROW_FORMAT = DYNAMIC;

-- ----------------------------
-- Records of product
-- ----------------------------
INSERT INTO `product` VALUES (35, 5, '', '12', 8, 12.00, '2023-10-24 10:02:01', '2023-10-24 10:02:17', 1, 1);
INSERT INTO `product` VALUES (36, 5, 'AC-20', '123', 8, 1.00, '2023-10-25 08:53:09', '2023-10-25 08:53:41', 1, 1);
INSERT INTO `product` VALUES (37, 5, 'AC-10', '1', 8, NULL, '2023-10-25 08:53:21', NULL, 1, NULL);
INSERT INTO `product` VALUES (38, 5, 'AC-13', '1', 8, 1.00, '2023-10-25 08:53:56', NULL, 1, NULL);
INSERT INTO `product` VALUES (39, 5, 'AC-25', '1', 8, 1.00, '2023-10-25 08:54:14', NULL, 1, NULL);

-- ----------------------------
-- Table structure for product_material
-- ----------------------------
DROP TABLE IF EXISTS `product_material`;
CREATE TABLE `product_material`  (
  `id` int NOT NULL AUTO_INCREMENT,
  `product_id` int NULL DEFAULT NULL COMMENT 'id',
  `material_id` int NULL DEFAULT NULL COMMENT 'id',
  `ratio` double NULL DEFAULT NULL COMMENT '',
  `create_time` datetime NULL DEFAULT NULL COMMENT '',
  `update_time` datetime NULL DEFAULT NULL COMMENT '',
  `create_by` int NULL DEFAULT NULL COMMENT '',
  `update_by` int NULL DEFAULT NULL COMMENT '',
  PRIMARY KEY (`id`) USING BTREE
) ENGINE = InnoDB AUTO_INCREMENT = 16 CHARACTER SET = utf8mb4 COLLATE = utf8mb4_0900_ai_ci ROW_FORMAT = DYNAMIC;

-- ----------------------------
-- Records of product_material
-- ----------------------------
INSERT INTO `product_material` VALUES (1, 35, 35, 0.37, '2023-10-24 11:12:28', '2023-10-24 14:24:54', 1, 1);
INSERT INTO `product_material` VALUES (3, 37, 36, 0.3, '2023-10-25 08:58:04', NULL, 1, NULL);
INSERT INTO `product_material` VALUES (4, 37, 37, 0.31, '2023-10-25 08:58:15', NULL, 1, NULL);
INSERT INTO `product_material` VALUES (5, 37, 38, 0.35, '2023-10-25 08:58:27', NULL, 1, NULL);
INSERT INTO `product_material` VALUES (6, 37, 39, 0.04, '2023-10-25 08:58:39', NULL, 1, NULL);
INSERT INTO `product_material` VALUES (7, 36, 36, 0.17, '2023-11-08 09:33:26', NULL, 1, NULL);
INSERT INTO `product_material` VALUES (8, 36, 37, 0.12, '2023-11-08 09:37:26', NULL, 1, NULL);
INSERT INTO `product_material` VALUES (9, 36, 38, 0.28, '2023-11-08 09:37:37', NULL, 1, NULL);
INSERT INTO `product_material` VALUES (10, 36, 39, 0.02, '2023-11-08 09:37:49', NULL, 1, NULL);
INSERT INTO `product_material` VALUES (12, 36, 42, 0.19, '2023-11-08 09:38:17', NULL, 1, NULL);
INSERT INTO `product_material` VALUES (13, 36, 43, 0.22, '2023-11-08 09:38:56', NULL, 1, NULL);
INSERT INTO `product_material` VALUES (14, 37, 40, 0.039, '2023-11-09 14:39:29', NULL, 1, NULL);
INSERT INTO `product_material` VALUES (15, 36, 40, 0.055, '2023-11-09 14:39:41', NULL, 1, NULL);

-- ----------------------------
-- Table structure for product_type
-- ----------------------------
DROP TABLE IF EXISTS `product_type`;
CREATE TABLE `product_type`  (
  `type_id` int NOT NULL AUTO_INCREMENT,
  `parent_id` int NULL DEFAULT NULL,
  `type_code` varchar(50) CHARACTER SET utf8 COLLATE utf8_general_ci NULL DEFAULT NULL,
  `type_name` varchar(100) CHARACTER SET utf8 COLLATE utf8_general_ci NULL DEFAULT NULL,
  `type_desc` varchar(300) CHARACTER SET utf8 COLLATE utf8_general_ci NULL DEFAULT NULL,
  PRIMARY KEY (`type_id`) USING BTREE
) ENGINE = InnoDB CHARACTER SET = utf8 COLLATE = utf8_general_ci COMMENT = '' ROW_FORMAT = DYNAMIC;

-- ----------------------------
-- Records of product_type
-- ----------------------------

-- ----------------------------
-- Table structure for role
-- ----------------------------
DROP TABLE IF EXISTS `role`;
CREATE TABLE `role`  (
  `role_id` int NOT NULL AUTO_INCREMENT,
  `role_name` varchar(100) CHARACTER SET utf8 COLLATE utf8_general_ci NULL DEFAULT NULL,
  `role_desc` varchar(300) CHARACTER SET utf8 COLLATE utf8_general_ci NULL DEFAULT NULL,
  `role_code` varchar(100) CHARACTER SET utf8 COLLATE utf8_general_ci NULL DEFAULT NULL,
  `role_state` char(1) CHARACTER SET utf8 COLLATE utf8_general_ci NULL DEFAULT NULL COMMENT '1  0 ',
  `create_by` int NULL DEFAULT NULL,
  `create_time` datetime NULL DEFAULT NULL,
  `update_by` int NULL DEFAULT NULL,
  `update_time` datetime NULL DEFAULT NULL,
  PRIMARY KEY (`role_id`) USING BTREE
) ENGINE = InnoDB AUTO_INCREMENT = 19 CHARACTER SET = utf8 COLLATE = utf8_general_ci COMMENT = '' ROW_FORMAT = DYNAMIC;

-- ----------------------------
-- Records of role
-- ----------------------------
INSERT INTO `role` VALUES (1, '', '', 'supper_manage', '1', 1, '2017-11-14 16:49:12', 1, '2017-11-14 16:49:20');
INSERT INTO `role` VALUES (11, '', '', 'purchase_man', '1', 1, '2022-04-22 12:29:00', 1, '2022-04-22 13:56:29');
INSERT INTO `role` VALUES (12, '', '', 'in_store', '1', 1, '2022-04-22 13:56:17', NULL, NULL);
INSERT INTO `role` VALUES (13, '', '', 'commodity_manager', '1', 1, '2022-04-22 13:57:42', NULL, NULL);
INSERT INTO `role` VALUES (14, '', '', 'out_store', '1', 1, '2022-04-22 14:00:00', NULL, NULL);
INSERT INTO `role` VALUES (15, '', '', 'transshipment_manager', '1', 1, '2022-04-22 14:00:38', NULL, NULL);
INSERT INTO `role` VALUES (16, '', '', 'store_manager', '1', 1, '2022-04-24 15:12:56', NULL, NULL);
INSERT INTO `role` VALUES (17, '', '', 'produce_man', '1', 1, '2023-10-10 15:41:14', 1, '2023-10-10 15:41:21');
INSERT INTO `role` VALUES (18, '', '', 'station_master', '1', 1, '2023-11-01 11:21:40', 1, '2023-11-01 11:21:44');

-- ----------------------------
-- Table structure for role_auth
-- ----------------------------
DROP TABLE IF EXISTS `role_auth`;
CREATE TABLE `role_auth`  (
  `role_auth_id` int NOT NULL AUTO_INCREMENT,
  `role_id` int NULL DEFAULT NULL,
  `auth_id` int NULL DEFAULT NULL,
  PRIMARY KEY (`role_auth_id`) USING BTREE
) ENGINE = InnoDB AUTO_INCREMENT = 1451 CHARACTER SET = utf8 COLLATE = utf8_general_ci COMMENT = '' ROW_FORMAT = DYNAMIC;

-- ----------------------------
-- Records of role_auth
-- ----------------------------
INSERT INTO `role_auth` VALUES (1140, 14, 42);
INSERT INTO `role_auth` VALUES (1141, 14, 50);
INSERT INTO `role_auth` VALUES (1142, 14, 93);
INSERT INTO `role_auth` VALUES (1143, 14, 94);
INSERT INTO `role_auth` VALUES (1144, 14, 97);
INSERT INTO `role_auth` VALUES (1145, 14, 76);
INSERT INTO `role_auth` VALUES (1146, 14, 55);
INSERT INTO `role_auth` VALUES (1147, 14, 58);
INSERT INTO `role_auth` VALUES (1148, 14, 102);
INSERT INTO `role_auth` VALUES (1149, 14, 104);
INSERT INTO `role_auth` VALUES (1150, 11, 42);
INSERT INTO `role_auth` VALUES (1151, 11, 50);
INSERT INTO `role_auth` VALUES (1152, 11, 93);
INSERT INTO `role_auth` VALUES (1153, 11, 94);
INSERT INTO `role_auth` VALUES (1154, 11, 97);
INSERT INTO `role_auth` VALUES (1155, 11, 76);
INSERT INTO `role_auth` VALUES (1156, 11, 53);
INSERT INTO `role_auth` VALUES (1157, 11, 56);
INSERT INTO `role_auth` VALUES (1158, 11, 102);
INSERT INTO `role_auth` VALUES (1159, 11, 104);
INSERT INTO `role_auth` VALUES (1165, 12, 53);
INSERT INTO `role_auth` VALUES (1166, 12, 56);
INSERT INTO `role_auth` VALUES (1167, 12, 54);
INSERT INTO `role_auth` VALUES (1168, 12, 57);
INSERT INTO `role_auth` VALUES (1169, 12, 95);
INSERT INTO `role_auth` VALUES (1170, 12, 102);
INSERT INTO `role_auth` VALUES (1171, 12, 104);
INSERT INTO `role_auth` VALUES (1200, 18, 1);
INSERT INTO `role_auth` VALUES (1201, 18, 2);
INSERT INTO `role_auth` VALUES (1202, 18, 3);
INSERT INTO `role_auth` VALUES (1203, 18, 10);
INSERT INTO `role_auth` VALUES (1204, 18, 23);
INSERT INTO `role_auth` VALUES (1205, 18, 24);
INSERT INTO `role_auth` VALUES (1206, 18, 25);
INSERT INTO `role_auth` VALUES (1207, 18, 26);
INSERT INTO `role_auth` VALUES (1208, 18, 35);
INSERT INTO `role_auth` VALUES (1209, 18, 36);
INSERT INTO `role_auth` VALUES (1210, 18, 98);
INSERT INTO `role_auth` VALUES (1211, 18, 99);
INSERT INTO `role_auth` VALUES (1212, 18, 102);
INSERT INTO `role_auth` VALUES (1213, 18, 104);
INSERT INTO `role_auth` VALUES (1401, 1, 1);
INSERT INTO `role_auth` VALUES (1402, 1, 2);
INSERT INTO `role_auth` VALUES (1403, 1, 3);
INSERT INTO `role_auth` VALUES (1404, 1, 10);
INSERT INTO `role_auth` VALUES (1405, 1, 23);
INSERT INTO `role_auth` VALUES (1406, 1, 24);
INSERT INTO `role_auth` VALUES (1407, 1, 25);
INSERT INTO `role_auth` VALUES (1408, 1, 26);
INSERT INTO `role_auth` VALUES (1409, 1, 35);
INSERT INTO `role_auth` VALUES (1410, 1, 36);
INSERT INTO `role_auth` VALUES (1411, 1, 4);
INSERT INTO `role_auth` VALUES (1412, 1, 5);
INSERT INTO `role_auth` VALUES (1413, 1, 6);
INSERT INTO `role_auth` VALUES (1414, 1, 27);
INSERT INTO `role_auth` VALUES (1415, 1, 28);
INSERT INTO `role_auth` VALUES (1416, 1, 30);
INSERT INTO `role_auth` VALUES (1417, 1, 31);
INSERT INTO `role_auth` VALUES (1418, 1, 37);
INSERT INTO `role_auth` VALUES (1419, 1, 42);
INSERT INTO `role_auth` VALUES (1420, 1, 50);
INSERT INTO `role_auth` VALUES (1421, 1, 93);
INSERT INTO `role_auth` VALUES (1422, 1, 94);
INSERT INTO `role_auth` VALUES (1423, 1, 97);
INSERT INTO `role_auth` VALUES (1424, 1, 76);
INSERT INTO `role_auth` VALUES (1425, 1, 53);
INSERT INTO `role_auth` VALUES (1426, 1, 56);
INSERT INTO `role_auth` VALUES (1427, 1, 54);
INSERT INTO `role_auth` VALUES (1428, 1, 57);
INSERT INTO `role_auth` VALUES (1429, 1, 95);
INSERT INTO `role_auth` VALUES (1430, 1, 55);
INSERT INTO `role_auth` VALUES (1431, 1, 58);
INSERT INTO `role_auth` VALUES (1432, 1, 69);
INSERT INTO `role_auth` VALUES (1433, 1, 70);
INSERT INTO `role_auth` VALUES (1434, 1, 72);
INSERT INTO `role_auth` VALUES (1435, 1, 74);
INSERT INTO `role_auth` VALUES (1436, 1, 98);
INSERT INTO `role_auth` VALUES (1437, 1, 99);
INSERT INTO `role_auth` VALUES (1438, 1, 100);
INSERT INTO `role_auth` VALUES (1439, 1, 101);
INSERT INTO `role_auth` VALUES (1440, 1, 102);
INSERT INTO `role_auth` VALUES (1441, 1, 104);
INSERT INTO `role_auth` VALUES (1442, 1, 105);
INSERT INTO `role_auth` VALUES (1443, 1, 106);
INSERT INTO `role_auth` VALUES (1444, 1, 107);
INSERT INTO `role_auth` VALUES (1445, 1, 113);
INSERT INTO `role_auth` VALUES (1446, 1, 108);
INSERT INTO `role_auth` VALUES (1447, 1, 109);
INSERT INTO `role_auth` VALUES (1448, 1, 110);
INSERT INTO `role_auth` VALUES (1449, 1, 111);
INSERT INTO `role_auth` VALUES (1450, 1, 112);

-- ----------------------------
-- Table structure for store
-- ----------------------------
DROP TABLE IF EXISTS `store`;
CREATE TABLE `store`  (
  `store_id` int NOT NULL AUTO_INCREMENT,
  `store_name` varchar(100) CHARACTER SET utf8 COLLATE utf8_general_ci NULL DEFAULT NULL,
  `store_num` varchar(20) CHARACTER SET utf8 COLLATE utf8_general_ci NULL DEFAULT NULL,
  `store_address` varchar(100) CHARACTER SET utf8 COLLATE utf8_general_ci NULL DEFAULT NULL,
  `concat` varchar(50) CHARACTER SET utf8 COLLATE utf8_general_ci NULL DEFAULT NULL,
  `phone` varchar(20) CHARACTER SET utf8 COLLATE utf8_general_ci NULL DEFAULT NULL,
  PRIMARY KEY (`store_id`) USING BTREE
) ENGINE = InnoDB AUTO_INCREMENT = 6 CHARACTER SET = utf8 COLLATE = utf8_general_ci COMMENT = '' ROW_FORMAT = DYNAMIC;

-- ----------------------------
-- Records of store
-- ----------------------------
INSERT INTO `store` VALUES (5, '1', 'test', '1', '', '');

-- ----------------------------
-- Table structure for supply
-- ----------------------------
DROP TABLE IF EXISTS `supply`;
CREATE TABLE `supply`  (
  `supply_id` int NOT NULL AUTO_INCREMENT COMMENT 'id',
  `supply_num` varchar(20) CHARACTER SET utf8 COLLATE utf8_general_ci NULL DEFAULT NULL COMMENT '',
  `supply_name` varchar(100) CHARACTER SET utf8 COLLATE utf8_general_ci NULL DEFAULT NULL COMMENT '',
  `concat` varchar(50) CHARACTER SET utf8 COLLATE utf8_general_ci NULL DEFAULT NULL COMMENT '',
  `phone` varchar(20) CHARACTER SET utf8 COLLATE utf8_general_ci NULL DEFAULT NULL COMMENT '',
  `address` varchar(100) CHARACTER SET utf8 COLLATE utf8_general_ci NULL DEFAULT NULL COMMENT '',
  `is_delete` char(1) CHARACTER SET utf8 COLLATE utf8_general_ci NULL DEFAULT '0' COMMENT '0:  1:',
  PRIMARY KEY (`supply_id`) USING BTREE
) ENGINE = InnoDB AUTO_INCREMENT = 16 CHARACTER SET = utf8 COLLATE = utf8_general_ci COMMENT = '' ROW_FORMAT = DYNAMIC;

-- ----------------------------
-- Records of supply
-- ----------------------------
INSERT INTO `supply` VALUES (6, '', '', '', '', '', '0');
INSERT INTO `supply` VALUES (7, '', '', '', '18822193131', '', '0');
INSERT INTO `supply` VALUES (8, 'jialong', '', '', '18822193131', '', '0');
INSERT INTO `supply` VALUES (9, '', '', '', '18822193131', '', '0');
INSERT INTO `supply` VALUES (10, '', '', '', '', '', '0');
INSERT INTO `supply` VALUES (11, '', '', '', '12312312312', '', '0');
INSERT INTO `supply` VALUES (12, '', '', '', '12313123123', '', '0');
INSERT INTO `supply` VALUES (13, '', '', '', '12313212312', '', '0');
INSERT INTO `supply` VALUES (14, '', '', '', '12312312312', '', '0');
INSERT INTO `supply` VALUES (15, '', '', '', '12312312312', '', '0');

-- ----------------------------
-- Table structure for supply_payable
-- ----------------------------
DROP TABLE IF EXISTS `supply_payable`;
CREATE TABLE `supply_payable`  (
  `in_store_id` int NOT NULL COMMENT 'id',
  `money` decimal(10, 2) NULL DEFAULT NULL COMMENT '',
  `money_paid` decimal(10, 2) NULL DEFAULT NULL COMMENT '',
  `moeny_payable` decimal(10, 2) NULL DEFAULT NULL COMMENT '',
  `create_time` datetime NULL DEFAULT NULL COMMENT '',
  `invoice
_type` int NULL DEFAULT NULL COMMENT '',
  `remarks` varchar(255) CHARACTER SET utf8mb4 COLLATE utf8mb4_0900_ai_ci NULL DEFAULT NULL COMMENT '',
  PRIMARY KEY (`in_store_id`) USING BTREE
) ENGINE = InnoDB CHARACTER SET = utf8mb4 COLLATE = utf8mb4_0900_ai_ci ROW_FORMAT = DYNAMIC;

-- ----------------------------
-- Records of supply_payable
-- ----------------------------

-- ----------------------------
-- Table structure for sys_config
-- ----------------------------
DROP TABLE IF EXISTS `sys_config`;
CREATE TABLE `sys_config`  (
  `id` int UNSIGNED NULL DEFAULT NULL,
  `param_key` varchar(200) CHARACTER SET utf8mb4 COLLATE utf8mb4_0900_ai_ci NULL DEFAULT NULL,
  `param_value` varchar(200) CHARACTER SET utf8mb4 COLLATE utf8mb4_0900_ai_ci NULL DEFAULT NULL,
  `status` tinyint UNSIGNED NULL DEFAULT NULL,
  `remark` varchar(200) CHARACTER SET utf8mb4 COLLATE utf8mb4_0900_ai_ci NULL DEFAULT NULL
) ENGINE = InnoDB CHARACTER SET = utf8mb4 COLLATE = utf8mb4_0900_ai_ci ROW_FORMAT = DYNAMIC;

-- ----------------------------
-- Records of sys_config
-- ----------------------------
INSERT INTO `sys_config` VALUES (1, 'attendance_start_time', '06:00', 1, '');
INSERT INTO `sys_config` VALUES (2, 'attendance_time', '08:30', 1, '');
INSERT INTO `sys_config` VALUES (3, 'attendance_end_time', '23:59', 1, '');
INSERT INTO `sys_config` VALUES (4, 'closing_start_time', '16:30', 1, '');
INSERT INTO `sys_config` VALUES (5, 'closing_time', '17:30', 1, '');
INSERT INTO `sys_config` VALUES (6, 'closing_end_time', '23:59', 1, '');

-- ----------------------------
-- Table structure for unit
-- ----------------------------
DROP TABLE IF EXISTS `unit`;
CREATE TABLE `unit`  (
  `unit_id` int NOT NULL AUTO_INCREMENT,
  `unit_name` varchar(20) CHARACTER SET utf8 COLLATE utf8_general_ci NULL DEFAULT NULL,
  `unit_desc` varchar(20) CHARACTER SET utf8 COLLATE utf8_general_ci NULL DEFAULT NULL,
  PRIMARY KEY (`unit_id`) USING BTREE
) ENGINE = InnoDB AUTO_INCREMENT = 9 CHARACTER SET = utf8 COLLATE = utf8_general_ci COMMENT = '' ROW_FORMAT = DYNAMIC;

-- ----------------------------
-- Records of unit
-- ----------------------------
INSERT INTO `unit` VALUES (8, '', '');

-- ----------------------------
-- Table structure for user_info
-- ----------------------------
DROP TABLE IF EXISTS `user_info`;
CREATE TABLE `user_info`  (
  `user_id` int NOT NULL AUTO_INCREMENT,
  `user_code` varchar(50) CHARACTER SET utf8 COLLATE utf8_general_ci NULL DEFAULT NULL,
  `user_name` varchar(50) CHARACTER SET utf8 COLLATE utf8_general_ci NULL DEFAULT NULL,
  `user_pwd` varchar(100) CHARACTER SET utf8 COLLATE utf8_general_ci NULL DEFAULT NULL,
  `user_type` char(1) CHARACTER SET utf8 COLLATE utf8_general_ci NULL DEFAULT NULL COMMENT '1   2    3 ',
  `user_state` char(1) CHARACTER SET utf8 COLLATE utf8_general_ci NULL DEFAULT NULL COMMENT '0  1 ',
  `is_delete` char(1) CHARACTER SET utf8 COLLATE utf8_general_ci NULL DEFAULT NULL COMMENT '0  1 ',
  `create_by` int NULL DEFAULT NULL,
  `create_time` datetime NULL DEFAULT NULL,
  `update_by` int NULL DEFAULT NULL,
  `update_time` datetime NULL DEFAULT NULL,
  PRIMARY KEY (`user_id`) USING BTREE
) ENGINE = InnoDB AUTO_INCREMENT = 41 CHARACTER SET = utf8 COLLATE = utf8_general_ci COMMENT = '' ROW_FORMAT = DYNAMIC;

-- ----------------------------
-- Records of user_info
-- ----------------------------
INSERT INTO `user_info` VALUES (1, 'admin', '', 'c431d451c81e75ffac75a640590ed0a1', NULL, '1', '0', 1, '2017-11-14 15:14:31', 1, '2022-04-24 15:33:12');
INSERT INTO `user_info` VALUES (37, 'outadmin', 'outadmin', 'c431d451c81e75ffac75a640590ed0a1', NULL, '1', '0', 1, '2023-10-17 16:14:53', 1, '2023-10-17 16:14:55');
INSERT INTO `user_info` VALUES (38, 'puradmin', 'puradmin', 'c431d451c81e75ffac75a640590ed0a1', NULL, '1', '0', 1, '2023-10-17 16:18:04', 1, '2023-10-17 16:18:06');
INSERT INTO `user_info` VALUES (39, 'inadmin', 'inadmin', 'c431d451c81e75ffac75a640590ed0a1', NULL, '1', '0', 1, '2023-10-17 16:18:39', 1, '2023-10-17 16:18:40');
INSERT INTO `user_info` VALUES (40, 'staadmin', 'staadmin', 'c431d451c81e75ffac75a640590ed0a1', NULL, '1', '0', 1, '2023-11-01 11:23:03', 1, '2023-11-01 11:23:05');

-- ----------------------------
-- Table structure for user_role
-- ----------------------------
DROP TABLE IF EXISTS `user_role`;
CREATE TABLE `user_role`  (
  `user_role_id` int NOT NULL AUTO_INCREMENT,
  `role_id` int NULL DEFAULT NULL,
  `user_id` int NULL DEFAULT NULL,
  PRIMARY KEY (`user_role_id`) USING BTREE
) ENGINE = InnoDB AUTO_INCREMENT = 65 CHARACTER SET = utf8 COLLATE = utf8_general_ci COMMENT = '' ROW_FORMAT = DYNAMIC;

-- ----------------------------
-- Records of user_role
-- ----------------------------
INSERT INTO `user_role` VALUES (60, 1, 1);
INSERT INTO `user_role` VALUES (61, 14, 37);
INSERT INTO `user_role` VALUES (62, 11, 38);
INSERT INTO `user_role` VALUES (63, 12, 39);
INSERT INTO `user_role` VALUES (64, 18, 40);

-- ----------------------------
-- Table structure for workday
-- ----------------------------
DROP TABLE IF EXISTS `workday`;
CREATE TABLE `workday`  (
  `id` int NULL DEFAULT NULL,
  `date` date NULL DEFAULT NULL
) ENGINE = InnoDB CHARACTER SET = utf8mb4 COLLATE = utf8mb4_0900_ai_ci ROW_FORMAT = DYNAMIC;

-- ----------------------------
-- Records of workday
-- ----------------------------

SET FOREIGN_KEY_CHECKS = 1;
